网站保存后,网站保存后
网站保存后触发，可用于更新缓存、通知等相关操作。,网站保存后触发，可用于更新缓存、通知等相关操作。
域名购买成功,域名购买成功
"域名购买成功后触发，可用于通知、自动 DNS 解析、证书申请等后续操作。数据包含 domain、order_id、website_id、auto_create_site。","域名购买成功后触发，可用于通知、自动 DNS 解析、证书申请等后续操作。数据包含 domain、order_id、website_id、auto_create_site。"
域名池解析偏离本站,域名池解析偏离本站
"域名解析结果偏离本站（如 DNS 指向变更）时触发，用于发送通知提醒管理员。","域名解析结果偏离本站（如 DNS 指向变更）时触发，用于发送通知提醒管理员。"
"一站式配置 - 绑定 DNS","一站式配置 - 绑定 DNS"
"一站式配置执行 DNS 绑定步骤时触发，观察者可在此创建 Zone/记录。","一站式配置执行 DNS 绑定步骤时触发，观察者可在此创建 Zone/记录。"
站点,站点
本地域名就绪查询器不支持的操作：%{1},本地域名就绪查询器不支持的操作：%{1}
"AI 建站本地域名就绪检查","AI 建站本地域名就绪检查"
"检查本地域名解析与通配证书；默认可自动写入 hosts/证书，失败后再人工协助","检查本地域名解析与通配证书；默认可自动写入 hosts/证书，失败后再人工协助"
"检查一个 *.weline.test 域名是否可以启动 AI 建站","检查一个 *.weline.test 域名是否可以启动 AI 建站"
"合并已准备域名池和 AI 候选并逐个只读复核","合并已准备域名池和 AI 候选并逐个只读复核"
"确认后自动写入本机 hosts 与通配证书，并复检域名就绪状态","确认后自动写入本机 hosts 与通配证书，并复检域名就绪状态"
域名配置编排服务暂不可用：%{1},域名配置编排服务暂不可用：%{1}
"Websites 查询器不支持的操作：%{1}","Websites 查询器不支持的操作：%{1}"
域名与网站查询,域名与网站查询
提供域名注册商、账号管理、域名列表、可用性检查、购买及一站式配置编排等能力,提供域名注册商、账号管理、域名列表、可用性检查、购买及一站式配置编排等能力
"受控的 AI 建站工作台命令","受控的 AI 建站工作台命令"
创建或删除网站审计备份,创建或删除网站审计备份
"Legacy controller bridge via bin-query","Legacy controller bridge via bin-query"
"AI 润色一句话建站需求","AI 润色一句话建站需求"
获取所有可用的域名注册商适配器,获取所有可用的域名注册商适配器
获取已配置的注册商账号列表,获取已配置的注册商账号列表
按状态过滤,按状态过滤
创建或更新注册商账号,创建或更新注册商账号
"账号 ID（更新时必填）","账号 ID（更新时必填）"
注册商代码,注册商代码
账号名称,账号名称
"API Key","API Key"
"API Secret","API Secret"
区域,区域
额外配置,额外配置
状态,状态
删除注册商账号,删除注册商账号
"账号 ID","账号 ID"
"通过注册商 API 获取域名列表","通过注册商 API 获取域名列表"
检查域名可用性,检查域名可用性
域名数组,域名数组
购买域名,购买域名
"购买项：domain、years、website_id、auto_create_site 等","购买项：domain、years、website_id、auto_create_site 等"
"是否自动解析到本地，默认 true","是否自动解析到本地，默认 true"
"默认 yes/no","默认 yes/no"
"默认子域 @、www","默认子域 @、www"
follow_registrar|provider_account|custom_nameservers,follow_registrar|provider_account|custom_nameservers
"指定 DNS 注册商代码","指定 DNS 注册商代码"
"DNS 子账户 ID","DNS 子账户 ID"
"自定义 NS","自定义 NS"
follow_registrar|provider_account|none,follow_registrar|provider_account|none
"CDN 注册商代码","CDN 注册商代码"
"CDN 子账户 ID","CDN 子账户 ID"
"是否启动 Websites 全流程生命周期；false 时不应再依赖 Observer 补单","是否启动 Websites 全流程生命周期；false 时不应再依赖 Observer 补单"
"默认 WHOIS：与后台弹窗同字段；或与 Weline_Websites env domain_purchase_default_contact 合并","默认 WHOIS：与后台弹窗同字段；或与 Weline_Websites env domain_purchase_default_contact 合并"
"终端公网 IP，阿里云下单用；缺省则 127.0.0.1","终端公网 IP，阿里云下单用；缺省则 127.0.0.1"
测试注册商账号连接,测试注册商账号连接
获取注册商的配置字段定义,获取注册商的配置字段定义
获取注册商完整信息（含配置字段、帮助说明、默认值）,获取注册商完整信息（含配置字段、帮助说明、默认值）
"修改域名 DNS/NS 记录","修改域名 DNS/NS 记录"
域名,域名
"NS 列表，逗号分隔","NS 列表，逗号分隔"
获取已启用账号列表（同步业务）,获取已启用账号列表（同步业务）
获取域名状态选项,获取域名状态选项
获取最后同步时间,获取最后同步时间
获取本地域名列表（分页）,获取本地域名列表（分页）
获取远程域名列表（不落库）,获取远程域名列表（不落库）
导入远程域名到本地,导入远程域名到本地
同步账号域名,同步账号域名
域名批量操作,域名批量操作
"根据 ID 获取站点信息","根据 ID 获取站点信息"
根据代码获取站点信息,根据代码获取站点信息
获取所有站点列表,获取所有站点列表
"获取已启用的站点域名，无独立域名时回退到站点 URL","获取已启用的站点域名，无独立域名时回退到站点 URL"
"获取站点绑定的域名（含协议、子路径、主域名标记），供 SEO/协议入口枚举公开 origin","获取站点绑定的域名（含协议、子路径、主域名标记），供 SEO/协议入口枚举公开 origin"
"站点 ID；省略则返回全部活跃绑定","站点 ID；省略则返回全部活跃绑定"
"域名状态，默认 active","域名状态，默认 active"
获取站点关联的语言代码列表,获取站点关联的语言代码列表
"获取域名池列表（用于 SSL/建站选择）","获取域名池列表（用于 SSL/建站选择）"
"获取域名 DNS 记录（查询层自动同步域名池）","获取域名 DNS 记录（查询层自动同步域名池）"
"添加 ACME DNS-01 验证 TXT 记录","添加 ACME DNS-01 验证 TXT 记录"
"解析 ACME 挑战将使用的 DNS 供应商代码（与 addAcmeTxtRecord 同源，供证书模块轮询时长等）","解析 ACME 挑战将使用的 DNS 供应商代码（与 addAcmeTxtRecord 同源，供证书模块轮询时长等）"
"与 addAcmeTxtRecord 写入的 TXT 完全一致的全名 FQDN（证书模块 dns_get_record 轮询须查此名，避免通配符/多级子域与 _acme-challenge.{domain} 简单拼接不一致）","与 addAcmeTxtRecord 写入的 TXT 完全一致的全名 FQDN（证书模块 dns_get_record 轮询须查此名，避免通配符/多级子域与 _acme-challenge.{domain} 简单拼接不一致）"
"删除 ACME DNS-01 验证 TXT 记录","删除 ACME DNS-01 验证 TXT 记录"
"按 Website 读取 Store Catalog v1（后台 LIST ACL 过滤）","按 Website 读取 Store Catalog v1（后台 LIST ACL 过滤）"
"Website ID（含 0=default）","Website ID（含 0=default）"
"按 Store 读取 SalesChannel Catalog v1（后台 LIST ACL 过滤）","按 Store 读取 SalesChannel Catalog v1（后台 LIST ACL 过滤）"
"Store ID","Store ID"
店铺不存在,店铺不存在
"Catalog 参数必须且只能包含 %{1}","Catalog 参数必须且只能包含 %{1}"
"Catalog 参数 %{1} 必须是规范整数","Catalog 参数 %{1} 必须是规范整数"
"Catalog 参数 %{1} 超出允许范围","Catalog 参数 %{1} 超出允许范围"
"Website %{1} 缺少 code","Website %{1} 缺少 code"
注册商代码和账号名称不能为空,注册商代码和账号名称不能为空
未找到注册商适配器：%{1},未找到注册商适配器：%{1}
请填写必填字段：%{1},请填写必填字段：%{1}
账号不存在：%{1},账号不存在：%{1}
更新,更新
创建,创建
账号%{1}成功,账号%{1}成功
保存账号失败：%{1},保存账号失败：%{1}
保存失败：%{1},保存失败：%{1}
"账号 ID 无效","账号 ID 无效"
账号不存在,账号不存在
账号已删除,账号已删除
删除失败：%{1},删除失败：%{1}
获取域名列表失败：%{1},获取域名列表失败：%{1}
检查可用性失败：%{1},检查可用性失败：%{1}
参数不完整,参数不完整
域名购买异常：%{1},域名购买异常：%{1}
未找到适配器,未找到适配器
连接成功,连接成功
获取配置字段失败：%{1},获取配置字段失败：%{1}
获取注册商信息失败：%{1},获取注册商信息失败：%{1}
"账号 ID、域名和 NS 列表不能为空","账号 ID、域名和 NS 列表不能为空"
未找到适配器：%{1},未找到适配器：%{1}
"修改 DNS 失败：%{1}","修改 DNS 失败：%{1}"
"域名 ID 不能为空","域名 ID 不能为空"
域名不存在,域名不存在
获取成功,获取成功
DNS远程同步失败，已使用本地/实时数据回填并同步域名池：%{1},DNS远程同步失败，已使用本地/实时数据回填并同步域名池：%{1}
"domain 和 challenge_value 不能为空","domain 和 challenge_value 不能为空"
"解析根域名与 DNS 账户...","解析根域名与 DNS 账户..."
"无法解析域名的 DNS 管理账户。请确保域名已在系统中配置且已关联 DNS 账户。","无法解析域名的 DNS 管理账户。请确保域名已在系统中配置且已关联 DNS 账户。"
"DNS 供应商","DNS 供应商"
"使用 %{1} 添加 TXT 记录","使用 %{1} 添加 TXT 记录"
"TXT 记录已在 %{1} 添加成功","TXT 记录已在 %{1} 添加成功"
"TXT 记录添加成功","TXT 记录添加成功"
"添加 TXT 记录失败","添加 TXT 记录失败"
"domain 和 record_id 不能为空","domain 和 record_id 不能为空"
"无法解析域名的 DNS 管理账户","无法解析域名的 DNS 管理账户"
"由查询层 DNS 同步自动写入","由查询层 DNS 同步自动写入"
"AI 服务不可用，无法润色需求","AI 服务不可用，无法润色需求"
备份文件名不能为空,备份文件名不能为空
备份已删除,备份已删除
不支持的备份操作：%{1},不支持的备份操作：%{1}
无效的网站ID,无效的网站ID
需要登录,需要登录
备份创建成功,备份创建成功
备份%{1}失败：,备份%{1}失败：
网站语言申请查询器不支持的操作：%{1},网站语言申请查询器不支持的操作：%{1}
网站语言申请分配,网站语言申请分配
读取当前网站已就绪的语言申请，并幂等加入站点语言。,读取当前网站已就绪的语言申请，并幂等加入站点语言。
"列出当前网站尚未分配的 ready 语言申请。","列出当前网站尚未分配的 ready 语言申请。"
"在同一事务中幂等加入站点语言并标记申请为 assigned。","在同一事务中幂等加入站点语言并标记申请为 assigned。"
请选择要加入站点的语言,请选择要加入站点的语言
所选语言已加入或尚未就绪,所选语言已加入或尚未就绪
站点语言已加入,站点语言已加入
"缺少网站 ID","缺少网站 ID"
"网站 ID 无效","网站 ID 无效"
网站不存在,网站不存在
网站代码无效,网站代码无效
请先登录后台,请先登录后台
"AI 建站域名查询器不支持的操作：%{1}","AI 建站域名查询器不支持的操作：%{1}"
"AI 建站域名推荐","AI 建站域名推荐"
"提供域名推荐、脱敏购买账户和可用性检查；购买只由 Websites 队列执行","提供域名推荐、脱敏购买账户和可用性检查；购买只由 Websites 队列执行"
"通过已配置的 AI 场景根据建站描述推荐域名候选","通过已配置的 AI 场景根据建站描述推荐域名候选"
获取可购买正式域名的脱敏注册商账户,获取可购买正式域名的脱敏注册商账户
使用所选购买账户检查一个公开域名是否可购买,使用所选购买账户检查一个公开域名是否可购买
域名方式只能选择本地测试或正式购买。,域名方式只能选择本地测试或正式购买。
请先描述建站目标，或先输入偏好域名。,请先描述建站目标，或先输入偏好域名。
尚未配置可购买正式域名的注册商账户。,尚未配置可购买正式域名的注册商账户。
域名购买账户已加载。,域名购买账户已加载。
请选择域名购买账户并填写公开域名。,请选择域名购买账户并填写公开域名。
域名当前可以购买。,域名当前可以购买。
域名当前不可购买。,域名当前不可购买。
"AI 域名场景暂不可用，已使用明确标记的备用方案生成本地候选 %{domain}；不会购买真实域名。","AI 域名场景暂不可用，已使用明确标记的备用方案生成本地候选 %{domain}；不会购买真实域名。"
"AI 域名场景暂不可用，已使用明确标记的备用候选；不会检查可用性或购买域名。","AI 域名场景暂不可用，已使用明确标记的备用候选；不会检查可用性或购买域名。"
"AI 已推荐本地联调域名 %{domain}；不会购买真实域名。","AI 已推荐本地联调域名 %{domain}；不会购买真实域名。"
"AI 已生成域名建议；不会检查可用性或购买域名。","AI 已生成域名建议；不会检查可用性或购买域名。"
"AI 建站工作台","AI 建站工作台"
"根据描述自动购买域名、DNS 解析、HTTPS 申请、创建站点。支持理解用户意图并推荐合适域名。","根据描述自动购买域名、DNS 解析、HTTPS 申请、创建站点。支持理解用户意图并推荐合适域名。"
"AI 提供者工厂未注入","AI 提供者工厂未注入"
"上游已取消 AI 流式任务","上游已取消 AI 流式任务"
"正在调用 AI...","正在调用 AI..."
"AI 调用失败：%{1}","AI 调用失败：%{1}"
工具不存在：%{1},工具不存在：%{1}
建站流程已完成，域名：%{1}。接下来可进入虚拟主题编辑并完善页面内容。,建站流程已完成，域名：%{1}。接下来可进入虚拟主题编辑并完善页面内容。
建站流程已完成，接下来可进入虚拟主题编辑并完善页面内容。,建站流程已完成，接下来可进入虚拟主题编辑并完善页面内容。
智能体达到最大轮次，未能完成建站,智能体达到最大轮次，未能完成建站
网站站点构建场景适配器,网站站点构建场景适配器
"用于 AI 网站站点构建（site_builder）场景的零改造适配器，支持为该场景配置默认模型。","用于 AI 网站站点构建（site_builder）场景的零改造适配器，支持为该场景配置默认模型。"
站点构建请求示例,站点构建请求示例
"输入站点构建目标与期望效果，让 AI 给出方案并执行。","输入站点构建目标与期望效果，让 AI 给出方案并执行。"
请帮我把一个博客站点搭起来，包含分类页与文章详情页。,请帮我把一个博客站点搭起来，包含分类页与文章详情页。
系统会输出落地方案与后续构建进度/结果。,系统会输出落地方案与后续构建进度/结果。
"AI 建站域名语义标签推荐","AI 建站域名语义标签推荐"
"根据建站目标生成可用于域名的 ASCII 语义标签，不负责后缀、可用性、购买或绑定。","根据建站目标生成可用于域名的 ASCII 语义标签，不负责后缀、可用性、购买或绑定。"
建站描述或偏好域名至少需要填写一项。,建站描述或偏好域名至少需要填写一项。
"AI 建站域名语义标签参数","AI 建站域名语义标签参数"
精品咖啡品牌域名标签,精品咖啡品牌域名标签
"只生成语义标签，由 Websites 服务端决定域名后缀。","只生成语义标签，由 Websites 服务端决定域名后缀。"
为上海精品咖啡工作室制作预约品牌站,为上海精品咖啡工作室制作预约品牌站
"AI 建站工作台场景适配器","AI 建站工作台场景适配器"
"用于 AI 建站工作台（website_builder）场景的零改造适配器，支持为该场景配置默认模型。","用于 AI 建站工作台（website_builder）场景的零改造适配器，支持为该场景配置默认模型。"
建站请求示例,建站请求示例
"输入建站需求，让 AI 按流程完成建议与落地动作。","输入建站需求，让 AI 按流程完成建议与落地动作。"
"我想做一个茶叶电商网站，风格偏高级简约，域名优先用 .com。","我想做一个茶叶电商网站，风格偏高级简约，域名优先用 .com。"
系统会输出域名建议与后续建站进度/结果。,系统会输出域名建议与后续建站进度/结果。
适合想快速完成域名、网站和默认页面方案的建站任务。,适合想快速完成域名、网站和默认页面方案的建站任务。
默认流程,默认流程
使用快速建站,使用快速建站
创建工作区,创建工作区
返回快速建站入口,返回快速建站入口
"已为你创建 AI 建站工作区。默认流程会优先帮你整理需求、推荐域名，再生成站点页面方案。","已为你创建 AI 建站工作区。默认流程会优先帮你整理需求、推荐域名，再生成站点页面方案。"
"先说清楚要做什么站，AI 会推荐域名、购买服务商和自动准备顺序。","先说清楚要做什么站，AI 会推荐域名、购买服务商和自动准备顺序。"
"默认会先推荐 1 到 3 个可读性更好的域名，并给出优先购买建议。","默认会先推荐 1 到 3 个可读性更好的域名，并给出优先购买建议。"
确认域名和准备方案,确认域名和准备方案
"AI 推荐域名","AI 推荐域名"
"AI 推荐购买服务商","AI 推荐购买服务商"
确认后进入自动准备,确认后进入自动准备
默认流程会先给出页面类型、主题方向和内容结构，尽量减少人工配置。,默认流程会先给出页面类型、主题方向和内容结构，尽量减少人工配置。
"AI 会优先推荐：首页、关于我们、产品或服务、FAQ、联系页，并自动保留固定 Header / Footer。","AI 会优先推荐：首页、关于我们、产品或服务、FAQ、联系页，并自动保留固定 Header / Footer。"
确认页面方案,确认页面方案
默认所有核心页面类型,默认所有核心页面类型
"可选 AI 新主题或复用已有模板","可选 AI 新主题或复用已有模板"
"Header / Footer 固定不可编辑","Header / Footer 固定不可编辑"
最后等待域名环境准备完成，再预览站点或回退修改。,最后等待域名环境准备完成，再预览站点或回退修改。
"AI 会提醒你优先检查首页、转化页和联系方式页，再决定是否返回上一阶段。","AI 会提醒你优先检查首页、转化页和联系方式页，再决定是否返回上一阶段。"
打开快速建站,打开快速建站
"回到 Websites 默认的一键建站入口。","回到 Websites 默认的一键建站入口。"
回到信息准备,回到信息准备
把当前工作区重新聚焦到域名和准备动作。,把当前工作区重新聚焦到域名和准备动作。
域名到期提醒,域名到期提醒
域名管理,域名管理
域名即将到期的提醒通知,域名即将到期的提醒通知
域名同步通知,域名同步通知
域名同步完成或异常的通知,域名同步完成或异常的通知
域名转移通知,域名转移通知
域名转入/转出状态变更通知,域名转入/转出状态变更通知
域名续费通知,域名续费通知
域名续费成功或失败的通知,域名续费成功或失败的通知
域名池内域名解析不再指向本服务器时的通知,域名池内域名解析不再指向本服务器时的通知
新建域名,新建域名
描述,描述
"DNS 供应商/账户","DNS 供应商/账户"
"选择 DNS 服务商及账户，用于解析与证书","选择 DNS 服务商及账户，用于解析与证书"
"CDN 供应商/账户","CDN 供应商/账户"
"可选，如 Cloudflare 等","可选，如 Cloudflare 等"
HTTPS处理方式,HTTPS处理方式
联系邮箱,联系邮箱
"支持 PEM/CRT/KEY/PFX/P12 上传，或直接粘贴文本","支持 PEM/CRT/KEY/PFX/P12 上传，或直接粘贴文本"
创建域名,创建域名
id属性不能为空,id属性不能为空
搜索域名...,搜索域名...
本地域名,本地域名
已占用,已占用
该域名已被站点「%{name}」使用，请填写子路径以共用此域名。,该域名已被站点「%{name}」使用，请填写子路径以共用此域名。
该地址已被站点「%{name}」使用。,该地址已被站点「%{name}」使用。
网站子路径（可选）,"Website sub-path (optional)"
"留空使用整域，例如 shop","留空使用整域，例如 shop"
站点地址：%{url},"Site URL: %{url}"
点击选择域名（可多选）,点击选择域名（可多选）
请选择域名,请选择域名
加载中...,加载中...
清空,清空
确定,确定
添加本地域名,添加本地域名
购买正式域名,购买正式域名
"点击选择多个域名，选中后点击确定。根域与 www 子域成对绑定：选其一将自动勾选另一（若列表中存在）。","点击选择多个域名，选中后点击确定。根域与 www 子域成对绑定：选其一将自动勾选另一（若列表中存在）。"
点击选择多个域名，选中后点击确定,点击选择多个域名，选中后点击确定
点击选择域名；可选子路径时由下方字段组装挂载地址,点击选择域名；可选子路径时由下方字段组装挂载地址
如：www.example.com,如：www.example.com
可选,可选
默认不设置,默认不设置
暂不处理,暂不处理
自动申请证书,自动申请证书
手动导入证书,手动导入证书
"可选，默认 admin@根域","可选，默认 admin@根域"
"PFX/P12 密码（可选）","PFX/P12 密码（可选）"
可选：中间证书链,可选：中间证书链
未找到匹配的域名,未找到匹配的域名
加载失败,加载失败
暂无可用域名，请先添加,暂无可用域名，请先添加
"已选择 %s 个域名","已选择 %s 个域名"
可建站,可建站
证书到期,证书到期
请输入域名,请输入域名
创建失败,创建失败
域名已添加并已选,域名已添加并已选
系统将自动完成解析与证书，可建站后网站即可访问。,系统将自动完成解析与证书，可建站后网站即可访问。
请求失败,请求失败
"请输入要购买的正式域名（如 example.com）","请输入要购买的正式域名（如 example.com）"
域名格式无效,域名格式无效
暂无可用域名购买账户，请先在域名管理中配置。,暂无可用域名购买账户，请先在域名管理中配置。
请选择域名购买账户,请选择域名购买账户
购买失败,购买失败
域名购买已提交，并已选中该域名。,域名购买已提交，并已选中该域名。
编辑网站,编辑网站
新建站点,新建站点
编辑,编辑
关闭,关闭
搜索服务商...,搜索服务商...
请选择服务商,请选择服务商
未找到匹配服务商,未找到匹配服务商
"Store 层","Store 层"
"搜索 Channel","搜索 Channel"
"未找到匹配 Channel","未找到匹配 Channel"
未找到匹配站点,未找到匹配站点
请选择站点,请选择站点
搜索站点名称或编码,搜索站点名称或编码
"Website 层","Website 层"
"搜索 Store","搜索 Store"
"未找到匹配 Store","未找到匹配 Store"
基本信息,基本信息
从域名池选择已就绪的域名（可多选）；选择后网站代码与网站名称将自动填充,从域名池选择已就绪的域名（可多选）；选择后网站代码与网站名称将自动填充
高级选项,高级选项
网站代码,网站代码
请输入网站代码,请输入网站代码
网站名称,网站名称
请输入网站名称,请输入网站名称
网站URL,网站URL
请输入有效的URL,请输入有效的URL
默认货币,默认货币
请选择,请选择
不设置则从关联货币中选择第一个,不设置则从关联货币中选择第一个
默认语言,默认语言
不设置则从关联语言中选择第一个,不设置则从关联语言中选择第一个
关联货币,关联货币
按住Ctrl或Cmd键可多选,按住Ctrl或Cmd键可多选
关联语言,关联语言
取消,取消
域名管理标签页导航,域名管理标签页导航
"在域名管理页面的标签页导航区域动态追加标签页按钮。其他模块（如 Server 模块的证书管理）可通过此 Hook 注入新的 Tab 按钮。","在域名管理页面的标签页导航区域动态追加标签页按钮。其他模块（如 Server 模块的证书管理）可通过此 Hook 注入新的 Tab 按钮。"
域名管理标签页内容,域名管理标签页内容
"在域名管理页面的标签页内容区域动态追加标签页内容面板。与 tabs Hook 配合使用，注入对应的 Tab 内容。","在域名管理页面的标签页内容区域动态追加标签页内容面板。与 tabs Hook 配合使用，注入对应的 Tab 内容。"
网站编辑表单扩展区,网站编辑表单扩展区
"在网站编辑表单核心配置之后追加模块配置区。SEO/GEO 等模块应通过此 Hook 注入字段，Website 模块不直接依赖业务模块。","在网站编辑表单核心配置之后追加模块配置区。SEO/GEO 等模块应通过此 Hook 注入字段，Website 模块不直接依赖业务模块。"
"Scope Token 暂时无法签发","Scope Token 暂时无法签发"
"当前前台操作必须使用绑定商城 Scope 的 Worker Session","当前前台操作必须使用绑定商城 Scope 的 Worker Session"
"Worker Scope 绑定已过期或时间窗口无效","Worker Scope 绑定已过期或时间窗口无效"
"当前商城 Scope 的切流授权已撤销，请重新加载页面","当前商城 Scope 的切流授权已撤销，请重新加载页面"
"Worker Scope 必须是完整 Channel Scope","Worker Scope 必须是完整 Channel Scope"
"Worker Scope 指向的店铺已进入墓碑生命周期","Worker Scope 指向的店铺已进入墓碑生命周期"
"Worker Scope 指向的店铺当前不可用","Worker Scope 指向的店铺当前不可用"
"Worker Scope 指向的销售渠道当前不可用","Worker Scope 指向的销售渠道当前不可用"
"Worker Scope 请求 Host 无效","Worker Scope 请求 Host 无效"
"Worker Scope 绑定与当前 Host 不一致","Worker Scope 绑定与当前 Host 不一致"
"当前请求已冻结为其他商城 Scope","当前请求已冻结为其他商城 Scope"
"Worker Scope 无法安装到当前请求","Worker Scope 无法安装到当前请求"
"Scope Token 已过期，请重新加载页面","Scope Token 已过期，请重新加载页面"
"Scope Token 与当前请求上下文冲突","Scope Token 与当前请求上下文冲突"
"Scope Token 验证服务暂不可用","Scope Token 验证服务暂不可用"
"Scope Token 无效","Scope Token 无效"
"Scope Token 与当前 Website/Store/Channel 事实不一致","Scope Token 与当前 Website/Store/Channel 事实不一致"
"商城 Scope 目录暂不可用","商城 Scope 目录暂不可用"
Weline（本地）,Weline（本地）
"本地开发与 E2E 用内置供应商；免对外支付，订单状态机与线上对齐。","本地开发与 E2E 用内置供应商；免对外支付，订单状态机与线上对齐。"
证书签发后更新配置订单状态失败：%{1},证书签发后更新配置订单状态失败：%{1}
不能分配超出该站授权包的权限,不能分配超出该站授权包的权限
"回退 HTTPS 状态失败：%{1}","回退 HTTPS 状态失败：%{1}"
"域名 %{domain} 解析已不再指向本服务器。当前解析 IP：%{resolved}，本服务器 IP：%{expected}。请检查 DNS 解析配置。","域名 %{domain} 解析已不再指向本服务器。当前解析 IP：%{resolved}，本服务器 IP：%{expected}。请检查 DNS 解析配置。"
未解析,未解析
未知,未知
"语言 %{1} 不被当前网站允许","语言 %{1} 不被当前网站允许"
"货币 %{1} 不被当前网站允许","货币 %{1} 不被当前网站允许"
当前后台站点与该管理员绑定站点不一致，无法登录,当前后台站点与该管理员绑定站点不一致，无法登录
域名购买成功后续生命周期步骤失败：%{1},域名购买成功后续生命周期步骤失败：%{1}
系统正在升级维护，请稍后再试。,系统正在升级维护，请稍后再试。
更新证书状态失败：%{1},更新证书状态失败：%{1}
当前请求没有匹配到可用网站,当前请求没有匹配到可用网站
网站请求未能安装完整商城范围,网站请求未能安装完整商城范围
网站请求未能产生规范路由剩余路径,网站请求未能产生规范路由剩余路径
站点解析事件载荷无效,站点解析事件载荷无效
"缺少可信请求 URL，已拒绝解析商城范围","缺少可信请求 URL，已拒绝解析商城范围"
当前请求的商城范围已冻结，站点身份冲突,当前请求的商城范围已冻结，站点身份冲突
商城范围元数据与已冻结上下文不一致,商城范围元数据与已冻结上下文不一致
站点范围解析失败,站点范围解析失败
"可信请求 URL 无效","可信请求 URL 无效"
"网站入口 URL 配置无效","网站入口 URL 配置无效"
"请求 URL 与已命中的网站入口不一致","请求 URL 与已命中的网站入口不一致"
"站点记录缺少 website_id（0 仅在显式存在时合法）","站点记录缺少 website_id（0 仅在显式存在时合法）"
"站点 website_id 必须是规范非负整数","站点 website_id 必须是规范非负整数"
站点请求上下文不完整或不规范,站点请求上下文不完整或不规范
网站入口路径配置无效,网站入口路径配置无效
"可信请求 URL 路径无效","可信请求 URL 路径无效"
"站点或域名记录缺少显式 website_id","站点或域名记录缺少显式 website_id"
"站点或域名记录包含无效 website_id：%{1}","站点或域名记录包含无效 website_id：%{1}"
"当前 Host/URI 同优先级匹配到多个网站，已拒绝请求","当前 Host/URI 同优先级匹配到多个网站，已拒绝请求"
清除域名池证书状态失败：%{1},清除域名池证书状态失败：%{1}
"同步 HTTPS 状态失败：%{1}","同步 HTTPS 状态失败：%{1}"
"Amazon Web Services Route 53 域名注册服务，支持域名注册、DNS 管理和健康检查。","Amazon Web Services Route 53 域名注册服务，支持域名注册、DNS 管理和健康检查。"
"Access Key ID","Access Key ID"
"Secret Access Key","Secret Access Key"
"AWS Route53 配置获取指南","AWS Route53 配置获取指南"
"【IAM】建议直接附加托管策略「AmazonRoute53DomainsFullAccess」；或自定义策略至少包含：route53domains:CheckDomainAvailability、RegisterDomain、GetOperationDetail、ListDomains、ListOperations 等。","【IAM】建议直接附加托管策略「AmazonRoute53DomainsFullAccess」；或自定义策略至少包含：route53domains:CheckDomainAvailability、RegisterDomain、GetOperationDetail、ListDomains、ListOperations 等。"
"【区域】Route 53 Domains 注册类 API 固定使用 us-east-1（与控制台「域名注册」一致），本系统已按此调用。","【区域】Route 53 Domains 注册类 API 固定使用 us-east-1（与控制台「域名注册」一致），本系统已按此调用。"
"【付款】AWS 账户须绑定有效付款方式，注册会从账户扣款。","【付款】AWS 账户须绑定有效付款方式，注册会从账户扣款。"
【联系人】批量购买须填写完整注册人信息（英文地址常用）。,【联系人】批量购买须填写完整注册人信息（英文地址常用）。
"1. IAM → 用户 → 创建访问密钥（Access key）","1. IAM → 用户 → 创建访问密钥（Access key）"
"2. 权限：AmazonRoute53DomainsFullAccess（见上方购买权限说明）","2. 权限：AmazonRoute53DomainsFullAccess（见上方购买权限说明）"
"3. Access Key ID / Secret 填入上方","3. Access Key ID / Secret 填入上方"
不可用,不可用
"请先填写完整注册人信息（姓名、邮箱、电话、地址等），与后台购买弹窗中 AWS/GoDaddy 联系人表单一致。","请先填写完整注册人信息（姓名、邮箱、电话、地址等），与后台购买弹窗中 AWS/GoDaddy 联系人表单一致。"
"注册请求未返回 OperationId，请稍后于 AWS 控制台核对。","注册请求未返回 OperationId，请稍后于 AWS 控制台核对。"
"注册已提交（操作 ID：%{1}）。AWS 侧可能仍需数分钟生效；若暂时无法解析或入池，请稍后由 Cron 同步或查看 AWS 控制台。","注册已提交（操作 ID：%{1}）。AWS 侧可能仍需数分钟生效；若暂时无法解析或入池，请稍后由 Cron 同步或查看 AWS 控制台。"
"API Key 和 Secret 不能为空","API Key 和 Secret 不能为空"
"请在 Route53 控制台管理托管区解析记录","请在 Route53 控制台管理托管区解析记录"
"请在 Route53 Domains 控制台修改 NS","请在 Route53 Domains 控制台修改 NS"
"创建 Hosted Zone 后在 Route53 查看分配的 NS","创建 Hosted Zone 后在 Route53 查看分配的 NS"
域名为空,域名为空
"Cloudflare：请至少填写 DNS（域名商）或 CDN 侧有效的 Cloudflare 账户 ID。","Cloudflare：请至少填写 DNS（域名商）或 CDN 侧有效的 Cloudflare 账户 ID。"
"Cloudflare：账户 ID 无效，请检查 DNS 或 CDN 配置。","Cloudflare：账户 ID 无效，请检查 DNS 或 CDN 配置。"
"Cloudflare DNS（域名商）账户无效或非 Cloudflare 渠道。","Cloudflare DNS（域名商）账户无效或非 Cloudflare 渠道。"
"Cloudflare CDN 账户校验需要 CDN 模块。","Cloudflare CDN 账户校验需要 CDN 模块。"
"Cloudflare CDN 账户无效。","Cloudflare CDN 账户无效。"
"Cloudflare：DNS（域名商）与 CDN 须为同一 API Token。","Cloudflare：DNS（域名商）与 CDN 须为同一 API Token。"
"Cloudflare：请在「CDN 管理」添加与当前 DNS 账户相同 API Token 的 Cloudflare 账户。","Cloudflare：请在「CDN 管理」添加与当前 DNS 账户相同 API Token 的 Cloudflare 账户。"
"Cloudflare：请在「域名管理」添加与当前 CDN 账户相同 API Token 的 Cloudflare DNS 账户。","Cloudflare：请在「域名管理」添加与当前 CDN 账户相同 API Token 的 Cloudflare DNS 账户。"
"API Token","API Token"
"Cloudflare API Token（区域资源须 All zones）","Cloudflare API Token（区域资源须 All zones）"
"创建 Token 时「区域资源 / Zone resources」请选择「All zones（所有区域）」。若选「指定区域」且未包含全部站点，本系统可能无法列出 Zone，证书 DNS-01 与解析同步会失败。","创建 Token 时「区域资源 / Zone resources」请选择「All zones（所有区域）」。若选「指定区域」且未包含全部站点，本系统可能无法列出 Zone，证书 DNS-01 与解析同步会失败。"
"Account ID","Account ID"
"必填：登录 CF 控制台 → 任意域名 → Overview → 右下角 API 区域","必填：登录 CF 控制台 → 任意域名 → Overview → 右下角 API 区域"
"Cloudflare API 配置获取指南","Cloudflare API 配置获取指南"
"【查可注册性 / 同步 CF 注册域名】必选：Account → Registrar → Read。无此项则批量购买前无法调用 Registrar API 判断域名是否可新注。","【查可注册性 / 同步 CF 注册域名】必选：Account → Registrar → Read。无此项则批量购买前无法调用 Registrar API 判断域名是否可新注。"
"【DNS / 证书 / 自动解析】区域资源请固定选「All zones（所有区域）」，勿用「指定区域」仅勾选部分域名——否则 API 可能返回空 Zone 列表，与控制台能看到站点无关。权限仍需：Account Settings Read、Zone Read、Zone Edit、DNS Edit。","【DNS / 证书 / 自动解析】区域资源请固定选「All zones（所有区域）」，勿用「指定区域」仅勾选部分域名——否则 API 可能返回空 Zone 列表，与控制台能看到站点无关。权限仍需：Account Settings Read、Zone Read、Zone Edit、DNS Edit。"
"【新注扣款】Cloudflare 当前公开 API 无稳定下单接口；本系统「购买」可能失败，需在控制台 Registrar → Register domains 完成注册；若未来开放 API，一般还需 Registrar → Edit。","【新注扣款】Cloudflare 当前公开 API 无稳定下单接口；本系统「购买」可能失败，需在控制台 Registrar → Register domains 完成注册；若未来开放 API，一般还需 Registrar → Edit。"
"【账号要求】控制台须已验证邮箱；不支持 IDN（国际化域名）新注。","【账号要求】控制台须已验证邮箱；不支持 IDN（国际化域名）新注。"
"【获取 API Token】","【获取 API Token】"
"1. 登录 Cloudflare 控制台：https://dash.cloudflare.com/","1. 登录 Cloudflare 控制台：https://dash.cloudflare.com/"
"2. 点击右上角头像 → My Profile（我的个人资料）","2. 点击右上角头像 → My Profile（我的个人资料）"
"3. 左侧菜单选择 API Tokens（API 令牌）","3. 左侧菜单选择 API Tokens（API 令牌）"
"4. 点击 Create Token → Create Custom Token","4. 点击 Create Token → Create Custom Token"
"5. 权限（DNS/建站）：Account Settings Read、Zone Read、Zone Edit、DNS Edit；若要用本系统查购买可用性并同步注册域名：再加 Registrar Read（见上方蓝色框）。","5. 权限（DNS/建站）：Account Settings Read、Zone Read、Zone Edit、DNS Edit；若要用本系统查购买可用性并同步注册域名：再加 Registrar Read（见上方蓝色框）。"
"6. 【必看】区域资源（Zone resources）请选择「All zones」——本系统依赖 API 枚举/操作 Zone；选「指定区域」且漏选站点会导致 GET /zones 无结果、证书 DNS-01 添加 TXT 失败。","6. 【必看】区域资源（Zone resources）请选择「All zones」——本系统依赖 API 枚举/操作 Zone；选「指定区域」且漏选站点会导致 GET /zones 无结果、证书 DNS-01 添加 TXT 失败。"
"7. Create Token 后复制填入「API Token」。","7. Create Token 后复制填入「API Token」。"
"【Account ID】可选；不填时凭 Account Settings Read 自动解析。","【Account ID】可选；不填时凭 Account Settings Read 自动解析。"
未知错误,未知错误
"API 验证失败","API 验证失败"
"Cloudflare API 连接失败：%{1}","Cloudflare API 连接失败：%{1}"
域名不能为空,域名不能为空
"请配置 Account ID 或授予 Token「Account → Account Settings → Read」以解析账户","请配置 Account ID 或授予 Token「Account → Account Settings → Read」以解析账户"
"域名在 Cloudflare Registrar 可新注（以下单结果为准）","域名在 Cloudflare Registrar 可新注（以下单结果为准）"
"该后缀当前不受 Cloudflare Registrar 支持","该后缀当前不受 Cloudflare Registrar 支持"
域名已在其他注册商注册，请使用转入或换名,域名已在其他注册商注册，请使用转入或换名
域名不可新注或已被注册,域名不可新注或已被注册
"Registrar 查询失败：%{1}（请确认 Token 含 Account → Registrar → Read）","Registrar 查询失败：%{1}（请确认 Token 含 Account → Registrar → Read）"
"无法解析 Account ID，无法提交注册","无法解析 Account ID，无法提交注册"
请填写完整注册人信息：名、姓、邮箱、电话、地址、城市、州/省、邮编、国家（两位代码）,请填写完整注册人信息：名、姓、邮箱、电话、地址、城市、州/省、邮编、国家（两位代码）
域名注册请求已提交,域名注册请求已提交
"Cloudflare Account ID 未配置，无法获取注册域名列表","Cloudflare Account ID 未配置，无法获取注册域名列表"
获取注册域名列表失败,获取注册域名列表失败
"Cloudflare Registrar API 错误：%{1}","Cloudflare Registrar API 错误：%{1}"
获取域名列表失败,获取域名列表失败
"Cloudflare Zones API 错误：%{1}","Cloudflare Zones API 错误：%{1}"
获取域名详情失败,获取域名详情失败
"获取 DNS 记录失败","获取 DNS 记录失败"
"Cloudflare API 错误：%{1}","Cloudflare API 错误：%{1}"
添加记录失败,添加记录失败
"DNS 记录已存在，复用现有记录","DNS 记录已存在，复用现有记录"
"DNS 记录已存在（与现有记录相同）","DNS 记录已存在（与现有记录相同）"
"DNS 记录添加成功","DNS 记录添加成功"
更新记录失败,更新记录失败
"DNS 记录更新成功","DNS 记录更新成功"
删除记录失败,删除记录失败
"DNS 记录删除成功","DNS 记录删除成功"
"[CF] batchAddDnsRecords 开始：domain=%{1}, 记录数=%{2}","[CF] batchAddDnsRecords 开始：domain=%{1}, 记录数=%{2}"
"[CF] batchAddDnsRecords 完成：domain=%{1}, 成功=%{2}, 失败=%{3}","[CF] batchAddDnsRecords 完成：domain=%{1}, 成功=%{2}, 失败=%{3}"
"[CF] batchAddDnsRecords 失败详情：%{1}","[CF] batchAddDnsRecords 失败详情：%{1}"
"Cloudflare 账户在此仅为 DNS 托管：域名若未在 Cloudflare 注册，则注册局委派 NS 只能在域名注册商处修改。请把注册商处的 NS 改为 Cloudflare 为该域名分配的地址；不得用 DNS 托管 API 替代注册商改委派。","Cloudflare 账户在此仅为 DNS 托管：域名若未在 Cloudflare 注册，则注册局委派 NS 只能在域名注册商处修改。请把注册商处的 NS 改为 Cloudflare 为该域名分配的地址；不得用 DNS 托管 API 替代注册商改委派。"
"Cloudflare 需要指定域名才能获取分配的 Nameserver","Cloudflare 需要指定域名才能获取分配的 Nameserver"
"[CF] getProviderNameservers：domain=%{1}","[CF] getProviderNameservers：domain=%{1}"
"[CF] 域名已在 Zone 中，ns=%{1}","[CF] 域名已在 Zone 中，ns=%{1}"
"域名已在 Cloudflare 中，使用已分配的 Nameserver","域名已在 Cloudflare 中，使用已分配的 Nameserver"
"[CF] 域名不在 Zone 中，自动添加","[CF] 域名不在 Zone 中，自动添加"
"域名已添加到 Cloudflare","域名已添加到 Cloudflare"
"[CF] getProviderNameservers 失败：%{1}","[CF] getProviderNameservers 失败：%{1}"
"无法获取 Cloudflare Nameserver","无法获取 Cloudflare Nameserver"
"[CF] addZone 请求：domain=%{1}","[CF] addZone 请求：domain=%{1}"
"[CF] addZone 失败：无法获取 Account ID","[CF] addZone 失败：无法获取 Account ID"
"无法自动获取 Cloudflare Account ID。","无法自动获取 Cloudflare Account ID。"
【解决方案】,【解决方案】
"方案一：创建 Token 时添加「Account → Account Settings → Read」权限","方案一：创建 Token 时添加「Account → Account Settings → Read」权限"
"方案二：手动填写 Account ID：","方案二：手动填写 Account ID："
"1. 登录 Cloudflare 控制台 https://dash.cloudflare.com","1. 登录 Cloudflare 控制台 https://dash.cloudflare.com"
"2. 进入任意已添加的域名","2. 进入任意已添加的域名"
"3. 在右下角「API」区域找到「Account ID」","3. 在右下角「API」区域找到「Account ID」"
"4. 复制并填入本系统的账户配置中","4. 复制并填入本系统的账户配置中"
"[CF] 创建 Zone：account_id=%{1}, type=full","[CF] 创建 Zone：account_id=%{1}, type=full"
添加域名失败,添加域名失败
"[CF] addZone 失败：%{1}, errors=%{2}","[CF] addZone 失败：%{1}, errors=%{2}"
"【解决方法】添加新站点需要 Zone Edit 且区域资源为「所有区域」：","【解决方法】添加新站点需要 Zone Edit 且区域资源为「所有区域」："
"1. 登录 https://dash.cloudflare.com → 我的个人资料 → API 令牌，编辑当前 Token","1. 登录 https://dash.cloudflare.com → 我的个人资料 → API 令牌，编辑当前 Token"
"2. 权限中确保有 Zone → Zone → Edit（控制台可能显示为「区域」→「区域」→「编辑」）","2. 权限中确保有 Zone → Zone → Edit（控制台可能显示为「区域」→「区域」→「编辑」）"
"3. 「区域资源」必须选 All zones（所有区域）；只选「指定区域」时无法创建新站点，会报此错误","3. 「区域资源」必须选 All zones（所有区域）；只选「指定区域」时无法创建新站点，会报此错误"
"[CF] addZone 成功：zone_id=%{1}, ns=%{2}","[CF] addZone 成功：zone_id=%{1}, ns=%{2}"
"域名已添加到 Cloudflare，请将 Nameserver 切换到：%{1}","域名已添加到 Cloudflare，请将 Nameserver 切换到：%{1}"
"在当前 Cloudflare API Token 下经多次 GET /zones?name= 重试后仍未解析到域名「%{1}」的 Zone。API 非强一致，刚改 NS / 新站 pending→active 时常见；可稍后重试。若在控制台能看到该站点，多为 Token 与登录账户不一致、权限未含 Zone → Read、或「区域资源」未包含该域名；DNS 与 CDN 若均用 Cloudflare 须使用同一 Token。","在当前 Cloudflare API Token 下经多次 GET /zones?name= 重试后仍未解析到域名「%{1}」的 Zone。API 非强一致，刚改 NS / 新站 pending→active 时常见；可稍后重试。若在控制台能看到该站点，多为 Token 与登录账户不一致、权限未含 Zone → Read、或「区域资源」未包含该域名；DNS 与 CDN 若均用 Cloudflare 须使用同一 Token。"
"获取 Cloudflare Account ID 失败：%{1}","获取 Cloudflare Account ID 失败：%{1}"
"Cloudflare API 返回空账户列表，Token 可能没有 Account:Read 权限","Cloudflare API 返回空账户列表，Token 可能没有 Account:Read 权限"
"已检测到 %{1} 记录（%{2}）开启 Cloudflare 代理","已检测到 %{1} 记录（%{2}）开启 Cloudflare 代理"
根域,根域
"根域或 www 下未找到已开启代理的 A/AAAA/CNAME 记录","根域或 www 下未找到已开启代理的 A/AAAA/CNAME 记录"
"无法调用 Registrar API 或域名无记录；检测到 DNS，可能已被注册","无法调用 Registrar API 或域名无记录；检测到 DNS，可能已被注册"
"无法调用 Registrar API；未检测到 DNS，可能可注册（请用控制台或换注册商确认）","无法调用 Registrar API；未检测到 DNS，可能可注册（请用控制台或换注册商确认）"
"Cloudflare API Token 不能为空","Cloudflare API Token 不能为空"
网络请求失败：%{1},网络请求失败：%{1}
"API 响应格式错误","API 响应格式错误"
"该供应商适配器未开放 DNS 记录 API，不能作为域名的 DNS/CDN 管理账户使用","该供应商适配器未开放 DNS 记录 API，不能作为域名的 DNS/CDN 管理账户使用"
"FQDN 与 Zone 根域不匹配","FQDN 与 Zone 根域不匹配"
"Current registrar does not support creating zones via API.","Current registrar does not support creating zones via API."
"Microsoft Azure 域名注册与 DNS 管理服务，支持域名注册和 Azure DNS Zone 管理。","Microsoft Azure 域名注册与 DNS 管理服务，支持域名注册和 Azure DNS Zone 管理。"
"客户端 ID (Client ID)","客户端 ID (Client ID)"
"客户端密钥 (Client Secret)","客户端密钥 (Client Secret)"
"订阅 ID (Subscription ID)","订阅 ID (Subscription ID)"
"租户 ID (Tenant ID)","租户 ID (Tenant ID)"
"Azure DNS 配置获取指南","Azure DNS 配置获取指南"
"本适配器仅对接 Azure DNS（解析），不支持通过 API 在本系统内购买域名；批量购买请选择 GoDaddy、GName、阿里云域名、AWS Route53 等注册商账号。","本适配器仅对接 Azure DNS（解析），不支持通过 API 在本系统内购买域名；批量购买请选择 GoDaddy、GName、阿里云域名、AWS Route53 等注册商账号。"
"1. 登录 Azure 门户：https://portal.azure.com","1. 登录 Azure 门户：https://portal.azure.com"
"2. 「应用注册」→ 新注册 → 获取客户端 ID、租户 ID","2. 「应用注册」→ 新注册 → 获取客户端 ID、租户 ID"
"3. 「证书和密码」创建客户端密钥","3. 「证书和密码」创建客户端密钥"
"4. 订阅 ID 填入对应字段","4. 订阅 ID 填入对应字段"
"5. 订阅 IAM 中为应用分配「DNS Zone 参与者」","5. 订阅 IAM 中为应用分配「DNS Zone 参与者」"
"Client ID 和 Client Secret 不能为空","Client ID 和 Client Secret 不能为空"
"Azure DNS 适配器尚未完成 API 对接，请稍后再试。","Azure DNS 适配器尚未完成 API 对接，请稍后再试。"
"Azure DNS Nameserver 修改功能尚未完成 API 对接，请稍后再试。","Azure DNS Nameserver 修改功能尚未完成 API 对接，请稍后再试。"
"Azure DNS Nameserver 获取功能尚未完成 API 对接","Azure DNS Nameserver 获取功能尚未完成 API 对接"
"GName 域名注册商，支持域名注册、续费、转入、DNS 管理和 DNSSEC 配置。","GName 域名注册商，支持域名注册、续费、转入、DNS 管理和 DNSSEC 配置。"
"APP ID","APP ID"
"GName 平台分配的 APP ID","GName 平台分配的 APP ID"
"APP Key","APP Key"
"API 域名","API 域名"
"默认联系人模板 ID","默认联系人模板 ID"
注册域名时使用的联系人模板（可选）,注册域名时使用的联系人模板（可选）
"GName API 配置获取指南","GName API 配置获取指南"
"【资质】须为 GName 经销商并完成 API 服务协议签署，否则无法调用注册接口（api/domain/reg）。","【资质】须为 GName 经销商并完成 API 服务协议签署，否则无法调用注册接口（api/domain/reg）。"
【账户余额】注册会从经销商账户扣款，请保证余额充足。,【账户余额】注册会从经销商账户扣款，请保证余额充足。
"【联系人模板】建议在凭据「默认模板 ID」或购买弹窗中填写 template_id（mbid），对应控制台已审核的联系人模板；否则可能注册失败。","【联系人模板】建议在凭据「默认模板 ID」或购买弹窗中填写 template_id（mbid），对应控制台已审核的联系人模板；否则可能注册失败。"
【溢价域名】若返回溢价价，需在本系统填写确认金额后再提交。,【溢价域名】若返回溢价价，需在本系统填写确认金额后再提交。
"【开通 API】注册账号 → 升级经销商 → 签署 API 协议（商务 business@gname.com / 工单 / +65-65189986）","【开通 API】注册账号 → 升级经销商 → 签署 API 协议（商务 business@gname.com / 工单 / +65-65189986）"
"【凭证】控制中心 → API 管理 → 复制 APP ID、APP Key 填入上方","【凭证】控制中心 → API 管理 → 复制 APP ID、APP Key 填入上方"
【接口地址】api.gname.com，勿填错。,【接口地址】api.gname.com，勿填错。
"GName API 连接失败：%{1}（错误码：%{2}，请求ID：%{3}，AppID：%{4}，API地址：%{5}）","GName API 连接失败：%{1}（错误码：%{2}，请求ID：%{3}，AppID：%{4}，API地址：%{5}）"
"GName API 连接失败：%{1}","GName API 连接失败：%{1}"
"检测到 DNS 记录，域名大概率已注册","检测到 DNS 记录，域名大概率已注册"
"未检测到 DNS 记录，域名可能可注册（以下单结果为准）","未检测到 DNS 记录，域名可能可注册（以下单结果为准）"
域名注册提交成功,域名注册提交成功
溢价域名，需确认金额后再提交,溢价域名，需确认金额后再提交
域名注册失败：%{1}（错误码：%{2}）,域名注册失败：%{1}（错误码：%{2}）
"API 请求失败","API 请求失败"
获取域名列表失败：%{1}（错误码：%{2}）,获取域名列表失败：%{1}（错误码：%{2}）
获取域名详情失败：%{1}（错误码：%{2}）,获取域名详情失败：%{1}（错误码：%{2}）
"[GName] modifyDns 请求：domain=%{1}, dns=%{2}","[GName] modifyDns 请求：domain=%{1}, dns=%{2}"
"[GName] dns 响应：code=%{1}, msg=%{2}","[GName] dns 响应：code=%{1}, msg=%{2}"
"[GName] NS 切换成功：%{1} → %{2}","[GName] NS 切换成功：%{1} → %{2}"
"DNS 修改成功","DNS 修改成功"
"[GName] NS 切换失败：%{1}, code=%{2}, msg=%{3}","[GName] NS 切换失败：%{1}, code=%{2}, msg=%{3}"
"DNS 修改失败：%{1}（错误码：%{2}）","DNS 修改失败：%{1}（错误码：%{2}）"
获取联系人模板列表失败：%{1}（错误码：%{2}）,获取联系人模板列表失败：%{1}（错误码：%{2}）
"获取 TLD 价格列表失败：%{1}（错误码：%{2}）","获取 TLD 价格列表失败：%{1}（错误码：%{2}）"
获取账户余额失败：%{1}（错误码：%{2}）,获取账户余额失败：%{1}（错误码：%{2}）
"GName APP ID 不能为空","GName APP ID 不能为空"
"GName APP Key 不能为空","GName APP Key 不能为空"
安全限制：禁止使用注册接口执行可用性检查，以避免误购买,安全限制：禁止使用注册接口执行可用性检查，以避免误购买
"Gname 凭据不完整：请配置 appid 与 appkey","Gname 凭据不完整：请配置 appid 与 appkey"
"GName API 请求失败：%{1}","GName API 请求失败：%{1}"
网络错误,网络错误
"HTTP 状态: %{1} | 请求 URL: %{2} | 响应内容摘要: %{3}","HTTP 状态: %{1} | 请求 URL: %{2} | 响应内容摘要: %{3}"
空响应,空响应
"GName API 响应解析失败：%{1}","GName API 响应解析失败：%{1}"
域名已在当前账号下,域名已在当前账号下
域名已在当前账号下，已按成功处理：%{message},域名已在当前账号下，已按成功处理：%{message}
"GName 购买结果二次确认失败：%{domain}，错误：%{error}","GName 购买结果二次确认失败：%{domain}，错误：%{error}"
"获取 DNS 记录失败：%{1}（错误码：%{2}）","获取 DNS 记录失败：%{1}（错误码：%{2}）"
"（域名 DNS 可能已切换到其他服务商，请到对应服务商处添加解析）","（域名 DNS 可能已切换到其他服务商，请到对应服务商处添加解析）"
（域名可能不存在或已过期）,（域名可能不存在或已过期）
"（域名 DNS 可能已切换到其他服务商）","（域名 DNS 可能已切换到其他服务商）"
"（无权操作此域名 DNS，可能已切换到其他服务商）","（无权操作此域名 DNS，可能已切换到其他服务商）"
"DNS 记录添加失败：%{1}（错误码：%{2}）","DNS 记录添加失败：%{1}（错误码：%{2}）"
"DNS 记录更新失败：%{1}（错误码：%{2}）","DNS 记录更新失败：%{1}（错误码：%{2}）"
"DNS 记录删除失败：%{1}（错误码：%{2}）","DNS 记录删除失败：%{1}（错误码：%{2}）"
"[GName] updateNameservers：domain=%{1}, ns=%{2}","[GName] updateNameservers：domain=%{1}, ns=%{2}"
"GName 默认 DNS 服务器（来自 api/dns/list 或 api/dns/info）","GName 默认 DNS 服务器（来自 api/dns/list 或 api/dns/info）"
"GName 本站高防 DNS（回退，与官方控制台一致）","GName 本站高防 DNS（回退，与官方控制台一致）"
"[GName] fetchDefaultNameserversFromDnsList 失败（使用回退 NS）：%{1}","[GName] fetchDefaultNameserversFromDnsList 失败（使用回退 NS）：%{1}"
"[GName] fetchDnsInfoById(id=%{1}) 失败：%{2}","[GName] fetchDnsInfoById(id=%{1}) 失败：%{2}"
阿里云域名,阿里云域名
"阿里云域名注册服务，支持域名注册、续费、DNS 解析和域名交易。","阿里云域名注册服务，支持域名注册、续费、DNS 解析和域名交易。"
华东1（杭州）,华东1（杭州）
华东2（上海）,华东2（上海）
华北2（北京）,华北2（北京）
华南1（深圳）,华南1（深圳）
亚太东南（新加坡）,亚太东南（新加坡）
阿里云域名配置获取指南,阿里云域名配置获取指南
"【RAM 权限】子用户须挂载「AliyunDomainFullAccess」或等价自定义策略（需包含域名查询、注册任务创建等域名相关 API）。仅 DNS 权限无法完成购买。","【RAM 权限】子用户须挂载「AliyunDomainFullAccess」或等价自定义策略（需包含域名查询、注册任务创建等域名相关 API）。仅 DNS 权限无法完成购买。"
【支付】本系统提交注册后，通常需在阿里云费用中心/订单页完成支付，域名才正式生效。,【支付】本系统提交注册后，通常需在阿里云费用中心/订单页完成支付，域名才正式生效。
【实名】按阿里云要求完成域名实名模板与认证，否则注册可能被拒。,【实名】按阿里云要求完成域名实名模板与认证，否则注册可能被拒。
"1. RAM 创建用户 → 创建 AccessKey","1. RAM 创建用户 → 创建 AccessKey"
"2. 为用户授权 AliyunDomainFullAccess","2. 为用户授权 AliyunDomainFullAccess"
"3. ID/Secret 填入上方（Secret 仅显示一次）","3. ID/Secret 填入上方（Secret 仅显示一次）"
"4. 区域默认华东1即可","4. 区域默认华东1即可"
"AccessKey ID 和 AccessKey Secret 不能为空","AccessKey ID 和 AccessKey Secret 不能为空"
"未配置 AccessKey","未配置 AccessKey"
域名不可用,域名不可用
"请填写完整注册联系人信息（与购买弹窗一致），或在请求中传入 aliyun_contact_json（阿里云联系人 JSON）。","请填写完整注册联系人信息（与购买弹窗一致），或在请求中传入 aliyun_contact_json（阿里云联系人 JSON）。"
阿里云已创建注册任务，请在阿里云控制台完成支付后域名才会生效。任务号：%{1},阿里云已创建注册任务，请在阿里云控制台完成支付后域名才会生效。任务号：%{1}
阿里云返回异常，请查看控制台或联系客服。,阿里云返回异常，请查看控制台或联系客服。
"阿里云 DNS 适配器尚未完成 API 对接，请稍后再试。","阿里云 DNS 适配器尚未完成 API 对接，请稍后再试。"
"阿里云 Nameserver 修改功能尚未完成 API 对接，请稍后再试。","阿里云 Nameserver 修改功能尚未完成 API 对接，请稍后再试。"
"阿里云 DNS 默认服务器","阿里云 DNS 默认服务器"
"GoDaddy 域名注册商，全球最大的域名注册商之一，支持域名注册、续费、转入、DNS 管理和域名交易。","GoDaddy 域名注册商，全球最大的域名注册商之一，支持域名注册、续费、转入、DNS 管理和域名交易。"
"GoDaddy 平台分配的 API Key","GoDaddy 平台分配的 API Key"
使用测试环境,使用测试环境
否（生产环境）,否（生产环境）
"是（测试环境 OTE）","是（测试环境 OTE）"
"Shopper ID","Shopper ID"
"可选：GoDaddy 账户 ID（用于子账户操作）","可选：GoDaddy 账户 ID（用于子账户操作）"
"GoDaddy API 配置获取指南","GoDaddy API 配置获取指南"
"【环境】必须使用 Production（生产环境）API Key 才能真实查价与购买；OTE 仅测试，无法完成真实扣款。","【环境】必须使用 Production（生产环境）API Key 才能真实查价与购买；OTE 仅测试，无法完成真实扣款。"
"【账户】生产密钥关联的 GoDaddy 账户须完成身份验证，并已绑定有效付款方式（信用卡/PayPal 等）。","【账户】生产密钥关联的 GoDaddy 账户须完成身份验证，并已绑定有效付款方式（信用卡/PayPal 等）。"
"【权限】API Key 即代表该账户调用域名 API；需具备域名购买权限（一般主账户密钥即可；子账户需在 GoDaddy 中为该用户开通域名/商店相关权限）。","【权限】API Key 即代表该账户调用域名 API；需具备域名购买权限（一般主账户密钥即可；子账户需在 GoDaddy 中为该用户开通域名/商店相关权限）。"
"【联系人】批量购买时须在本系统填写注册人信息（姓名、邮箱、电话、地址等），与 GoDaddy 控制台要求一致。","【联系人】批量购买时须在本系统填写注册人信息（姓名、邮箱、电话、地址等），与 GoDaddy 控制台要求一致。"
"【限额】Production 约 60 次/分钟，批量购买时请控制并发。","【限额】Production 约 60 次/分钟，批量购买时请控制并发。"
"【获取 API Key 和 Secret】","【获取 API Key 和 Secret】"
"1. 登录 GoDaddy：https://www.godaddy.com/","1. 登录 GoDaddy：https://www.godaddy.com/"
"2. 打开 https://developer.godaddy.com/keys → Create New API Key","2. 打开 https://developer.godaddy.com/keys → Create New API Key"
"3. 选择 Production，复制 Key 与 Secret 填入上方字段","3. 选择 Production，复制 Key 与 Secret 填入上方字段"
"【注意】Secret 仅显示一次；OTE 不能真实购买。","【注意】Secret 仅显示一次；OTE 不能真实购买。"
"GoDaddy API 连接失败：%{1}","GoDaddy API 连接失败：%{1}"
域名可注册,域名可注册
域名已被注册,域名已被注册
溢价域名，需查询具体价格,溢价域名，需查询具体价格
"请填写完整注册联系人（名、姓、邮箱、电话 E.164、地址、城市、州/省、邮编、国家代码）。","请填写完整注册联系人（名、姓、邮箱、电话 E.164、地址、城市、州/省、邮编、国家代码）。"
域名购买成功，订单ID：%{1},域名购买成功，订单ID：%{1}
域名购买需要确认，请检查订单状态,域名购买需要确认，请检查订单状态
域名购买失败：%{1},域名购买失败：%{1}
"域名未在 GoDaddy 账户中找到","域名未在 GoDaddy 账户中找到"
"DNS 记录添加失败：%{1}","DNS 记录添加失败：%{1}"
"DNS 记录更新失败：%{1}","DNS 记录更新失败：%{1}"
"找不到指定的 DNS 记录","找不到指定的 DNS 记录"
"DNS 记录删除失败：%{1}","DNS 记录删除失败：%{1}"
"Nameservers 修改成功","Nameservers 修改成功"
"Nameservers 修改失败：%{1}","Nameservers 修改失败：%{1}"
"GoDaddy 默认 DNS 服务器","GoDaddy 默认 DNS 服务器"
"GoDaddy API Key 不能为空","GoDaddy API Key 不能为空"
"GoDaddy API Secret 不能为空","GoDaddy API Secret 不能为空"
服务器返回空响应,服务器返回空响应
"域名注册商适配器扩展点，用于接入第三方域名注册商 API。","域名注册商适配器扩展点，用于接入第三方域名注册商 API。"
"域名注册商适配器实现类，在模块的 extends/module/Weline_Websites/Registrar/ 目录下创建 PHP 文件。","域名注册商适配器实现类，在模块的 extends/module/Weline_Websites/Registrar/ 目录下创建 PHP 文件。"
实现注册商元数据、可用性检查、购买与管理能力。,实现注册商元数据、可用性检查、购买与管理能力。
返回适配器唯一标识,返回适配器唯一标识
返回适配器显示名称,返回适配器显示名称
返回适配器描述,返回适配器描述
返回适配器版本,返回适配器版本
返回适配器所需的配置字段定义,返回适配器所需的配置字段定义
"测试 API 连通性","测试 API 连通性"
批量检查域名可用性,批量检查域名可用性
获取已有域名列表,获取已有域名列表
获取域名详情,获取域名详情
"适用于接入更多域名注册商 API。","适用于接入更多域名注册商 API。"
"GoDaddy、Namecheap、Dynadot 等域名商适配器可通过此扩展点接入。","GoDaddy、Namecheap、Dynadot 等域名商适配器可通过此扩展点接入。"
"AI 建站流程提供者扩展点。provider_code 绑定完整建站流程，而不是零散工具列表。","AI 建站流程提供者扩展点。provider_code 绑定完整建站流程，而不是零散工具列表。"
"AI 建站 provider 实现类，在模块的 extends/module/Weline_Websites/AiSiteBuilderProvider/ 目录下创建 PHP 文件。","AI 建站 provider 实现类，在模块的 extends/module/Weline_Websites/AiSiteBuilderProvider/ 目录下创建 PHP 文件。"
"实现完整 AI 建站流程 provider 的元数据契约，具体流程能力由 provider 自身承接。","实现完整 AI 建站流程 provider 的元数据契约，具体流程能力由 provider 自身承接。"
"返回 provider 唯一编码","返回 provider 唯一编码"
"返回 provider 名称","返回 provider 名称"
"返回 provider 描述","返回 provider 描述"
"返回 provider 是否启用","返回 provider 是否启用"
"返回 provider 排序值","返回 provider 排序值"
"可选实现，用于声明工作区 scope 初始化、handoff 和 tools。","可选实现，用于声明工作区 scope 初始化、handoff 和 tools。"
"用于向 Websites AI 建站工作台接入不同流程提供者。","用于向 Websites AI 建站工作台接入不同流程提供者。"
网站主题来源扩展点，由主题提供模块对外暴露主题候选能力。,网站主题来源扩展点，由主题提供模块对外暴露主题候选能力。
"主题来源实现类，在模块的 extends/module/Weline_Websites/WebsiteThemeSource/ 目录下创建 PHP 文件。","主题来源实现类，在模块的 extends/module/Weline_Websites/WebsiteThemeSource/ 目录下创建 PHP 文件。"
"实现主题来源元数据与主题候选列表读取能力，不向 Websites 核心暴露模块私有字段。","实现主题来源元数据与主题候选列表读取能力，不向 Websites 核心暴露模块私有字段。"
返回主题来源唯一编码,返回主题来源唯一编码
返回主题来源名称,返回主题来源名称
返回主题来源描述,返回主题来源描述
返回主题来源是否启用,返回主题来源是否启用
返回主题来源排序值,返回主题来源排序值
返回当前来源提供的主题候选列表,返回当前来源提供的主题候选列表
"用于让 Theme 或其他模块以独立来源方式向 Websites 工作台提供主题选择能力。","用于让 Theme 或其他模块以独立来源方式向 Websites 工作台提供主题选择能力。"
"Weline_Theme 可通过此扩展点输出 layouts 派生的主题候选。","Weline_Theme 可通过此扩展点输出 layouts 派生的主题候选。"
获取域名池列表失败：%{1},获取域名池列表失败：%{1}
参数错误,参数错误
"试运行：发现 %{1} 条可清理记录","试运行：发现 %{1} 条可清理记录"
"已清理 %{1} 条非法域名池记录","已清理 %{1} 条非法域名池记录"
清理失败：%{1},清理失败：%{1}
"将删除 %{n} 条 DNS 记录，并移除 %{p} 条域名池记录（试运行）","将删除 %{n} 条 DNS 记录，并移除 %{p} 条域名池记录（试运行）"
"已删除 %{n} 条 DNS 记录，已移除 %{p} 条域名池记录","已删除 %{n} 条 DNS 记录，已移除 %{p} 条域名池记录"
操作失败：%{1},操作失败：%{1}
获取域名商列表失败：%{error},获取域名商列表失败：%{error}
域名商代码不能为空,域名商代码不能为空
未找到域名商适配器,未找到域名商适配器
获取账号列表失败：%{error},获取账号列表失败：%{error}
域名商渠道和账号名称不能为空,域名商渠道和账号名称不能为空
未找到域名商适配器：%{code},未找到域名商适配器：%{code}
保存成功,保存成功
保存失败：%{error},保存失败：%{error}
"账号 ID 不能为空","账号 ID 不能为空"
删除成功,删除成功
删除失败：%{error},删除失败：%{error}
连接测试成功,连接测试成功
连接测试失败,连接测试失败
连接测试失败：%{error},连接测试失败：%{error}
连接测试异常：%{error},连接测试异常：%{error}
获取适配器列表失败：%{error},获取适配器列表失败：%{error}
请选择域名商账号并输入域名,请选择域名商账号并输入域名
域名列表不能为空,域名列表不能为空
域名商账号不存在,域名商账号不存在
未找到对应的域名商适配器,未找到对应的域名商适配器
检查可用性失败：%{error},检查可用性失败：%{error}
请选择域名商账号并添加购买域名,请选择域名商账号并添加购买域名
购买失败：%{error},购买失败：%{error}
获取订单列表失败：%{error},获取订单列表失败：%{error}
"订单 ID 不能为空","订单 ID 不能为空"
订单不存在,订单不存在
获取订单详情失败：%{error},获取订单详情失败：%{error}
获取域名列表失败：%{error},获取域名列表失败：%{error}
请选择域名商账户,请选择域名商账户
获取失败：%{error},获取失败：%{error}
请选择要导入的域名,请选择要导入的域名
导入失败：%{error},导入失败：%{error}
同步失败：%{error},同步失败：%{error}
请选择要删除的域名,请选择要删除的域名
"ID %{1}（%{2}）：该根域名正在被网站使用，不能删除。请先删除相关网站或解除域名绑定后再删除该域名。","ID %{1}（%{2}）：该根域名正在被网站使用，不能删除。请先删除相关网站或解除域名绑定后再删除该域名。"
"删除完成：%{1} 个根域，%{2} 条池记录，%{3} 条 DNS 记录","删除完成：%{1} 个根域，%{2} 条池记录，%{3} 条 DNS 记录"
"（%{1} 个失败）","（%{1} 个失败）"
获取配置失败：%{error},获取配置失败：%{error}
配置保存成功,配置保存成功
保存配置失败：%{error},保存配置失败：%{error}
刷新成功,刷新成功
刷新失败：%{error},刷新失败：%{error}
获取成功（回退模式）,获取成功（回退模式）
"获取 DNS 记录失败：%{error}","获取 DNS 记录失败：%{error}"
"同步完成：新增 %{added}，更新 %{updated}，删除 %{deleted}","同步完成：新增 %{added}，更新 %{updated}，删除 %{deleted}"
"同步 DNS 记录失败：%{error}","同步 DNS 记录失败：%{error}"
"域名 ID 和记录值不能为空","域名 ID 和记录值不能为空"
"添加 DNS 记录失败","添加 DNS 记录失败"
"添加 DNS 记录失败：%{error}","添加 DNS 记录失败：%{error}"
"域名 ID 和记录 ID 不能为空","域名 ID 和记录 ID 不能为空"
本地记录已删除,本地记录已删除
本地记录已删除，远程删除失败：%{error},本地记录已删除，远程删除失败：%{error}
"删除 DNS 记录失败：%{error}","删除 DNS 记录失败：%{error}"
请选择要添加DNS记录的域名,请选择要添加DNS记录的域名
无法获取服务器公网IP,无法获取服务器公网IP
记录值不能为空,记录值不能为空
"域名ID %{1} 不存在","域名ID %{1} 不存在"
添加失败,添加失败
"批量添加DNS记录完成：成功 %{1} 条，失败 %{2} 条","批量添加DNS记录完成：成功 %{1} 条，失败 %{2} 条"
批量添加DNS记录失败：%{1},批量添加DNS记录失败：%{1}
"域名 DNS 已转移到其他服务商，无法通过 %{1} 管理解析","域名 DNS 已转移到其他服务商，无法通过 %{1} 管理解析"
"域名 DNS 已转移到 %{1}","域名 DNS 已转移到 %{1}"
"，您已有 %{1} 账户，请到该账户下管理此域名的 DNS 解析","，您已有 %{1} 账户，请到该账户下管理此域名的 DNS 解析"
"，请先添加 %{1} 账户后再管理此域名的 DNS 解析","，请先添加 %{1} 账户后再管理此域名的 DNS 解析"
解析正常,解析正常
解析异常,解析异常
检测失败：%{error},检测失败：%{error}
请选择要检测的域名,请选择要检测的域名
"检测完成：%{checked} 个域名，%{resolved} 个已解析，%{local} 个指向本服务器","检测完成：%{checked} 个域名，%{resolved} 个已解析，%{local} 个指向本服务器"
批量检测失败：%{error},批量检测失败：%{error}
自动解析失败：%{error},自动解析失败：%{error}
"自动解析成功：添加了 %{count} 条记录","自动解析成功：添加了 %{count} 条记录"
请选择要解析的域名,请选择要解析的域名
"批量解析完成：成功 %{success} 个，失败 %{failed} 个","批量解析完成：成功 %{success} 个，失败 %{failed} 个"
批量解析失败：%{error},批量解析失败：%{error}
"转存完成：新增 %{added} 个，已存在 %{skipped} 个","转存完成：新增 %{added} 个，已存在 %{skipped} 个"
转存失败：%{error},转存失败：%{error}
请选择要转存的域名,请选择要转存的域名
"批量转存完成：新增 %{added} 个，已存在 %{skipped} 个","批量转存完成：新增 %{added} 个，已存在 %{skipped} 个"
批量转存失败：%{error},批量转存失败：%{error}
"批量转存完成：成功 %{1} 个子域名","批量转存完成：成功 %{1} 个子域名"
"跳过 %{1} 个域名（IP不匹配）","跳过 %{1} 个域名（IP不匹配）"
"解析完成：成功 %{1} 个，失败 %{2} 个","解析完成：成功 %{1} 个，失败 %{2} 个"
解析失败：%{1},解析失败：%{1}
请选择要切换的域名,请选择要切换的域名
"请输入目标 DNS 服务器或选择目标服务商","请输入目标 DNS 服务器或选择目标服务商"
"无法获取目标服务商的 Nameserver","无法获取目标服务商的 Nameserver"
找不到域名商账户,找不到域名商账户
域名商适配器不存在,域名商适配器不存在
切换失败,切换失败
"DNS切换完成：成功 %{1} 个，失败 %{2} 个","DNS切换完成：成功 %{1} 个，失败 %{2} 个"
切换失败：%{1},切换失败：%{1}
"全球领先的 CDN 和 DNS 服务商，提供免费 DDoS 防护","全球领先的 CDN 和 DNS 服务商，提供免费 DDoS 防护"
"腾讯云 DNS 服务，国内解析速度快","腾讯云 DNS 服务，国内解析速度快"
"阿里云 DNS","阿里云 DNS"
"阿里云 DNS 服务，稳定可靠","阿里云 DNS 服务，稳定可靠"
自定义,自定义
"手动输入 Nameserver","手动输入 Nameserver"
获取账户列表失败：%{1},获取账户列表失败：%{1}
请选择目标账户,请选择目标账户
账户不存在,账户不存在
适配器不存在,适配器不存在
"已获取各域名的 Nameserver","已获取各域名的 Nameserver"
"获取 Nameserver 失败：%{1}","获取 Nameserver 失败：%{1}"
目标账户不存在,目标账户不存在
目标适配器不存在,目标适配器不存在
"无法获取目标 Nameserver","无法获取目标 Nameserver"
找不到源域名商账户,找不到源域名商账户
源域名商适配器不存在,源域名商适配器不存在
"DNS 检测完成，共 %{1} 个根域，%{2} 个已更新","DNS 检测完成，共 %{1} 个根域，%{2} 个已更新"
"DNS 检测失败：%{1}","DNS 检测失败：%{1}"
"批量检测完成：共 %{1} 个根域，更新 %{2} 个，失败 %{3} 个","批量检测完成：共 %{1} 个根域，更新 %{2} 个，失败 %{3} 个"
批量检测失败：%{1},批量检测失败：%{1}
请选择要设置的域名,请选择要设置的域名
请至少选择一个账户进行设置,请至少选择一个账户进行设置
"DNS 账户不存在","DNS 账户不存在"
"CDN 账户不存在（请确认所选账户仍存在且已启用，或在「域名商账户」中添加 CDN 服务商账户）","CDN 账户不存在（请确认所选账户仍存在且已启用，或在「域名商账户」中添加 CDN 服务商账户）"
"域名 ID %{1} 不存在","域名 ID %{1} 不存在"
"批量设置完成：共 %{1} 个域名，更新 %{2} 个","批量设置完成：共 %{1} 个域名，更新 %{2} 个"
"失败 %{1} 个","失败 %{1} 个"
批量设置失败：%{1},批量设置失败：%{1}
请选择要切换的根域名,请选择要切换的根域名
"请选择目标 DNS 服务账户","请选择目标 DNS 服务账户"
"目标账户不支持 DNS 管理","目标账户不支持 DNS 管理"
"切换完成：成功 %{1}，跳过（已是该账户）%{2}，失败 %{3}","切换完成：成功 %{1}，跳过（已是该账户）%{2}，失败 %{3}"
"开始 DNS/CDN 切换，共 %{1} 个域名","开始 DNS/CDN 切换，共 %{1} 个域名"
"[DnsSwitchSSE] 开始切换，domain_ids=%{1}, target=%{2}","[DnsSwitchSSE] 开始切换，domain_ids=%{1}, target=%{2}"
目标账户验证通过：%{1}(%{2}),目标账户验证通过：%{1}(%{2})
已是该账户且切换已完成，跳过,已是该账户且切换已完成，跳过
"[DnsSwitchSSE] 开始处理 %{1}（%{2}/%{3}）","[DnsSwitchSSE] 开始处理 %{1}（%{2}/%{3}）"
"域名 %{1} 切换完成","域名 %{1} 切换完成"
"[DnsSwitchSSE] %{1} 切换完成","[DnsSwitchSSE] %{1} 切换完成"
"[DnsSwitchSSE] %{1} 切换失败：%{2}","[DnsSwitchSSE] %{1} 切换失败：%{2}"
"全部完成：成功 %{1}，跳过 %{2}，失败 %{3}","全部完成：成功 %{1}，跳过 %{2}，失败 %{3}"
"[DnsSwitchSSE] 全部完成：success=%{1}, skipped=%{2}, failed=%{3}","[DnsSwitchSSE] 全部完成：success=%{1}, skipped=%{2}, failed=%{3}"
"[DnsSwitchSSE] 致命异常：%{1}","[DnsSwitchSSE] 致命异常：%{1}"
请选择要取消拉取的域名,请选择要取消拉取的域名
"批量取消拉取完成：删除 %{1} 个根域，%{2} 个域名池记录，%{3} 条 DNS 记录","批量取消拉取完成：删除 %{1} 个根域，%{2} 个域名池记录，%{3} 条 DNS 记录"
批量取消拉取失败：%{1},批量取消拉取失败：%{1}
该账户下没有已同步的域名,该账户下没有已同步的域名
"取消拉取完成：删除 %{1} 个根域，%{2} 个域名池记录，%{3} 条 DNS 记录","取消拉取完成：删除 %{1} 个根域，%{2} 个域名池记录，%{3} 条 DNS 记录"
"（跳过 %{1} 个：正在被网站使用，请先删除相关网站或解除绑定）","（跳过 %{1} 个：正在被网站使用，请先删除相关网站或解除绑定）"
取消拉取失败：%{1},取消拉取失败：%{1}
无法解析根域名，请检查输入,无法解析根域名，请检查输入
后台手动添加：%{1},后台手动添加：%{1}
"HTTPS 前置校验失败，请先确认根域下所有域名都已指向本机并可访问","HTTPS 前置校验失败，请先确认根域下所有域名都已指向本机并可访问"
证书申请失败,证书申请失败
请提供有效的证书内容,请提供有效的证书内容
证书导入失败,证书导入失败
域名创建成功,域名创建成功
新建域名失败：%{1},新建域名失败：%{1}
根域下无可检测域名,根域下无可检测域名
可达性校验失败,可达性校验失败
以下域名未通过可达性校验：%{1},以下域名未通过可达性校验：%{1}
根域下全部域名可达性校验通过,根域下全部域名可达性校验通过
请上传证书文件或粘贴证书内容,请上传证书文件或粘贴证书内容
"没有需要清理的 DNS 服务商域名","没有需要清理的 DNS 服务商域名"
"清理完成：共删除 %{1} 个误同步的域名（来自 %{2} 个 DNS 服务商账户）","清理完成：共删除 %{1} 个误同步的域名（来自 %{2} 个 DNS 服务商账户）"
域名服务,域名服务
"mdi mdi-domain","mdi mdi-domain"
域名服务管理,域名服务管理
域名管理首页,域名管理首页
域名列表,域名列表
"mdi mdi-format-list-bulleted","mdi mdi-format-list-bulleted"
查看域名列表,查看域名列表
同步域名,同步域名
"mdi mdi-sync","mdi mdi-sync"
从域名商获取域名列表,从域名商获取域名列表
导入域名,导入域名
"mdi mdi-import","mdi mdi-import"
导入域名到本地,导入域名到本地
"DNS 记录","DNS 记录"
"mdi mdi-dns","mdi mdi-dns"
"查看 DNS 解析记录","查看 DNS 解析记录"
"编辑 DNS","编辑 DNS"
"添加/编辑 DNS 解析记录","添加/编辑 DNS 解析记录"
批量添加DNS记录,批量添加DNS记录
批量为域名添加DNS解析记录,批量为域名添加DNS解析记录
解析检测,解析检测
"mdi mdi-check-network","mdi mdi-check-network"
检测域名解析状态,检测域名解析状态
自动解析,自动解析
"mdi mdi-auto-fix","mdi mdi-auto-fix"
自动添加解析到本服务器,自动添加解析到本服务器
转存域名池,转存域名池
"mdi mdi-database-export","mdi mdi-database-export"
将根域名转存到域名池,将根域名转存到域名池
批量设置账户,批量设置账户
"mdi mdi-account-multiple-check","mdi mdi-account-multiple-check"
"批量设置域名的 DNS/CDN 管理账户","批量设置域名的 DNS/CDN 管理账户"
切换DNS服务账户,切换DNS服务账户
"mdi mdi-swap-horizontal","mdi mdi-swap-horizontal"
"为根域名切换 DNS 服务账户并迁移记录","为根域名切换 DNS 服务账户并迁移记录"
获取DNS账户列表,获取DNS账户列表
"获取支持 DNS 管理的账户列表","获取支持 DNS 管理的账户列表"
批量取消拉取,批量取消拉取
"mdi mdi-database-remove","mdi mdi-database-remove"
从本地移除已同步的域名,从本地移除已同步的域名
按账户取消拉取,按账户取消拉取
"mdi mdi-account-remove","mdi mdi-account-remove"
删除指定账户下的所有域名,删除指定账户下的所有域名
手动新建域名,手动新建域名
"mdi mdi-plus-circle","mdi mdi-plus-circle"
"手动新建域名并可直接处理 HTTPS","手动新建域名并可直接处理 HTTPS"
清理DNS服务商域名,清理DNS服务商域名
"mdi mdi-broom","mdi mdi-broom"
清理误同步的DNS服务商域名,清理误同步的DNS服务商域名
网站目录行必须是网站模型或数组,网站目录行必须是网站模型或数组
"网站目录行缺少 website_id","网站目录行缺少 website_id"
网站ID必须是非负规范整数,网站ID必须是非负规范整数
请至少选择一个域名,请至少选择一个域名
"该域名根路径已被站点「%{1}」使用，请使用子路径（如 /shop）","该域名根路径已被站点「%{1}」使用，请使用子路径（如 /shop）"
"该地址 %{1} 已被站点「%{2}」使用","该地址 %{1} 已被站点「%{2}」使用"
网站保存失败，未能获取网站ID,网站保存失败，未能获取网站ID
网站保存后快照不存在,网站保存后快照不存在
网站添加成功,网站添加成功
"网站添加失败: %{1}","网站添加失败: %{1}"
网站ID与当前编辑目标不一致,网站ID与当前编辑目标不一致
网站更新成功,网站更新成功
站点名称不能为空,站点名称不能为空
站点代码不能为空,站点代码不能为空
请填写网站地址或选择域名,请填写网站地址或选择域名
请至少填写一个网站地址（域名或域名/子路径）,请至少填写一个网站地址（域名或域名/子路径）
站点代码已存在,站点代码已存在
站点创建成功,站点创建成功
创建失败：,创建失败：
默认网站不允许删除,默认网站不允许删除
网站删除成功,网站删除成功
"网站删除失败: %{1}","网站删除失败: %{1}"
首页入口路由无效,首页入口路由无效
网站身份无效,网站身份无效
前台首页入口配置删除失败,前台首页入口配置删除失败
后台首页入口配置删除失败,后台首页入口配置删除失败
前台首页入口配置保存失败,前台首页入口配置保存失败
后台首页入口配置保存失败,后台首页入口配置保存失败
"website_id 不能为负数","website_id 不能为负数"
"网站资源变更必须包含 before 或 after 快照","网站资源变更必须包含 before 或 after 快照"
"网站资源变更缺少 website code","网站资源变更缺少 website code"
当前语言没有对应语言包翻译，请前往i18n模块对%{1}语言的地区语言进行更新,当前语言没有对应语言包翻译，请前往i18n模块对%{1}语言的地区语言进行更新
网站管理,网站管理
"mdi mdi-web","mdi mdi-web"
网站列表,网站列表
"mdi mdi-view-list","mdi mdi-view-list"
直进子站后台,直进子站后台
"mdi mdi-login-variant","mdi mdi-login-variant"
主站直进已授权子站后台,主站直进已授权子站后台
消费子站后台直进令牌,消费子站后台直进令牌
消费主站签发的直进令牌,消费主站签发的直进令牌
添加网站,添加网站
"mdi mdi-plus","mdi mdi-plus"
"mdi mdi-pencil","mdi mdi-pencil"
快速创建站点,快速创建站点
删除网站,删除网站
"mdi mdi-delete","mdi mdi-delete"
"空白 Store","空白 Store"
站点目录拉取,站点目录拉取
他店继承,他店继承
跳过既有商品,跳过既有商品
仅更新所选字段包,仅更新所选字段包
"Store 复制向导","Store 复制向导"
"mdi mdi-content-copy","mdi mdi-content-copy"
从目录/他店复制经营投影,从目录/他店复制经营投影
打开复制向导,打开复制向导
"mdi mdi-wizard-hat","mdi mdi-wizard-hat"
加载维护模式失败：%{1},加载维护模式失败：%{1}
无效的请求方法,无效的请求方法
维护模式状态已更新,维护模式状态已更新
更新失败：%{1},更新失败：%{1}
网站维护模式,网站维护模式
查看网站维护模式,查看网站维护模式
切换网站维护模式,切换网站维护模式
加载备份管理失败：%{1},加载备份管理失败：%{1}
备份创建失败：%{1},备份创建失败：%{1}
下载备份失败：%{1},下载备份失败：%{1}
网站备份,网站备份
查看网站备份,查看网站备份
创建网站备份,创建网站备份
网站服务,网站服务
"AI 建站工作区","AI 建站工作区"
需要登录或会话令牌无效,需要登录或会话令牌无效
会话不存在或无访问权限,会话不存在或无访问权限
参数无效,参数无效
"PageBuilder AI 建站请从「页面构建 → AI 建站 V2 工作台」进入。Website AI 建站与 PageBuilder 已彻底分开，只共用 AI 调用，不再互相跳转。","PageBuilder AI 建站请从「页面构建 → AI 建站 V2 工作台」进入。Website AI 建站与 PageBuilder 已彻底分开，只共用 AI 调用，不再互相跳转。"
"Unknown or disabled provider: %{code}","Unknown or disabled provider: %{code}"
"Failed to create workspace: %{message}","Failed to create workspace: %{message}"
"本地演示模式下，AI 找到可用域名：%{domain}","本地演示模式下，AI 找到可用域名：%{domain}"
检测实时可用性前，请先选择服务商账号。,检测实时可用性前，请先选择服务商账号。
请先输入目标域名。,请先输入目标域名。
"本地测试域名 %{domain} 已强制通过可用性检查。","本地测试域名 %{domain} 已强制通过可用性检查。"
"本地演示模式下，域名 %{domain} 视为可用。","本地演示模式下，域名 %{domain} 视为可用。"
"暂未获取到域名 %{domain} 的可用性结果，请重试。","暂未获取到域名 %{domain} 的可用性结果，请重试。"
"域名 %{domain} 当前可用。","域名 %{domain} 当前可用。"
"域名 %{domain} 当前不可用。","域名 %{domain} 当前不可用。"
"AI 服务未启用，无法执行智能域名推荐。","AI 服务未启用，无法执行智能域名推荐。"
"AI 正在分轮生成更长域名并实时检测可用性...","AI 正在分轮生成更长域名并实时检测可用性..."
"第 %{round} 轮：AI 正在生成更长域名候选（最小长度 %{len}）","第 %{round} 轮：AI 正在生成更长域名候选（最小长度 %{len}）"
"开发环境模拟：已注入保底域名 %{domain}","开发环境模拟：已注入保底域名 %{domain}"
"第 %{round} 轮 AI 未产出有效候选，继续下一轮。","第 %{round} 轮 AI 未产出有效候选，继续下一轮。"
"已检测 %{checked} 个候选域名","已检测 %{checked} 个候选域名"
"AI 找到可用域名：%{domain}","AI 找到可用域名：%{domain}"
在超时时间内未找到可用域名，请调整简报后重试。,在超时时间内未找到可用域名，请调整简报后重试。
更新阶段失败,更新阶段失败
删除会话失败,删除会话失败
最近会话已删除,最近会话已删除
正在根据简报自动生成虚拟主题...,正在根据简报自动生成虚拟主题...
解析简报与页面类型,解析简报与页面类型
"AI 已返回主题草案","AI 已返回主题草案"
"AI 生成失败，使用默认草案：%{message}","AI 生成失败，使用默认草案：%{message}"
"未启用 AI 模块，使用默认草案","未启用 AI 模块，使用默认草案"
保存虚拟主题失败,保存虚拟主题失败
页面布局已入库,页面布局已入库
"AI 组件已保存到虚拟主题","AI 组件已保存到虚拟主题"
虚拟主题已自动生成并入库,虚拟主题已自动生成并入库
保存消息失败,保存消息失败
加入域名购买队列失败,加入域名购买队列失败
已加入域名购买队列,已加入域名购买队列
已连接工作区事件流,已连接工作区事件流
事件流已结束，可随时重连继续监听。,事件流已结束，可随时重连继续监听。
域名购买事件流已结束,域名购买事件流已结束
域名购买事件流失败,域名购买事件流失败
"正在启动 AI 引导建站流程...","正在启动 AI 引导建站流程..."
请先填写目标域名,请先填写目标域名
请先选择服务商账号,请先选择服务商账号
请先描述建站目标，或先提供一个域名,请先描述建站目标，或先提供一个域名
"请同时提供目标域名和服务商账号，或先启用 AI 模式。","请同时提供目标域名和服务商账号，或先启用 AI 模式。"
建站流程已完成,建站流程已完成
执行失败,执行失败
引导建站流程发生意外失败,引导建站流程发生意外失败
"AI is calling tool: %{name}","AI is calling tool: %{name}"
"Tool completed: %{name}","Tool completed: %{name}"
"AI 服务未启用","AI 服务未启用"
"AI 规划完成","AI 规划完成"
"AI 执行失败","AI 执行失败"
本地演示服务商推荐不可用,本地演示服务商推荐不可用
本地演示：已理解需求简报,本地演示：已理解需求简报
"Local demo: recommended registrar %{registrar}","Local demo: recommended registrar %{registrar}"
"Local demo: suggested domain %{domain}","Local demo: suggested domain %{domain}"
"本地演示：模拟可用性检测通过 %{domain}","本地演示：模拟可用性检测通过 %{domain}"
本地演示：已模拟域名购买并初始化基础资源,本地演示：已模拟域名购买并初始化基础资源
"本地演示：已模拟 DNS 解析与证书签发","本地演示：已模拟 DNS 解析与证书签发"
本地演示：已生成页面结构与初始内容,本地演示：已生成页面结构与初始内容
本地演示：已生成主题方向与虚拟主题,本地演示：已生成主题方向与虚拟主题
本地演示：已准备可视化编辑预览,本地演示：已准备可视化编辑预览
本地演示流程已完成,本地演示流程已完成
本地演示主账号,本地演示主账号
本地演示服务商,本地演示服务商
本地演示备用账号,本地演示备用账号
沙盒域名,沙盒域名
"打开 Websites 流程","打开 Websites 流程"
打开服务商流程,打开服务商流程
共享流程,共享流程
服务商流程,服务商流程
准备,准备
生成,生成
完成,完成
第一阶段,第一阶段
信息准备,信息准备
把建站描述、服务商选择、域名推荐与可用性确认一次整理完成。,把建站描述、服务商选择、域名推荐与可用性确认一次整理完成。
"AI 推荐","AI 推荐"
"AI 会先推荐可购买域名与服务商，人工确认后进入自动购买/解析/证书流程。","AI 会先推荐可购买域名与服务商，人工确认后进入自动购买/解析/证书流程。"
确认并进入页面生成,确认并进入页面生成
先描述你要建设的网站目标,先描述你要建设的网站目标
"AI 推荐域名并检测可用性","AI 推荐域名并检测可用性"
人工确认后自动执行购买、解析与证书,人工确认后自动执行购买、解析与证书
第二阶段,第二阶段
页面生成,页面生成
"在虚拟主题阶段直接选页面类型并编辑每类页面内容，Header/Footer 固定。","在虚拟主题阶段直接选页面类型并编辑每类页面内容，Header/Footer 固定。"
"AI 页面方案","AI 页面方案"
"可选现有模板替换区域，或让 AI 直接生成数据库虚拟主题与内容组件。","可选现有模板替换区域，或让 AI 直接生成数据库虚拟主题与内容组件。"
返回信息准备,返回信息准备
默认全页面类型，可在此阶段按需勾选,默认全页面类型，可在此阶段按需勾选
"Header/Footer 固定不可编辑","Header/Footer 固定不可编辑"
"正文区域支持 AI 组件生成并可视化保存","正文区域支持 AI 组件生成并可视化保存"
第三阶段,第三阶段
等待域名准备为可建站状态后预览，必要时可回退上一阶段修改。,等待域名准备为可建站状态后预览，必要时可回退上一阶段修改。
"AI 最终检查","AI 最终检查"
发布前检查域名入库、解析与证书状态，以及主题与页面配置是否完整。,发布前检查域名入库、解析与证书状态，以及主题与页面配置是否完整。
保留当前方案,保留当前方案
返回页面生成,返回页面生成
等待购买、解析、证书全部就绪,等待购买、解析、证书全部就绪
预览站点并确认关键页面,预览站点并确认关键页面
不满足时回退继续编辑,不满足时回退继续编辑
暂无推荐服务商,暂无推荐服务商
"AI 建议优先用 %{registrar} 处理 %{domain}，确认后按“购买 -> 解析 -> 证书”的顺序自动推进。","AI 建议优先用 %{registrar} 处理 %{domain}，确认后按“购买 -> 解析 -> 证书”的顺序自动推进。"
推荐域名：%{domain},推荐域名：%{domain}
推荐服务商：%{registrar},推荐服务商：%{registrar}
确认后可直接进入购买、解析和证书准备,确认后可直接进入购买、解析和证书准备
"AI 建议先用“%{theme}”方向生成默认页面，再补齐每个页面的主要内容区块。","AI 建议先用“%{theme}”方向生成默认页面，再补齐每个页面的主要内容区块。"
推荐主题方向：%{theme},推荐主题方向：%{theme}
建议页面：%{pages},建议页面：%{pages}
首页、关于、联系页,首页、关于、联系页
"Header 和 Footer 固定，正文区域可继续让 AI 生成","Header 和 Footer 固定，正文区域可继续让 AI 生成"
"AI 建议最后先看预览，再确认域名购买、解析和证书都已经进入可交付状态。","AI 建议最后先看预览，再确认域名购买、解析和证书都已经进入可交付状态。"
域名状态：%{status},域名状态：%{status}
解析状态：%{status},解析状态：%{status}
证书状态：%{status},证书状态：%{status}
可信金融展示风格,可信金融展示风格
高转化健身课程风格,高转化健身课程风格
"简洁清晰的 SaaS 产品风格","简洁清晰的 SaaS 产品风格"
品牌叙事加产品展示风格,品牌叙事加产品展示风格
简洁可信的品牌官网风格,简洁可信的品牌官网风格
"Failed to save %{label}","Failed to save %{label}"
重新加载工作区会话失败,重新加载工作区会话失败
工作区范围快照,工作区范围快照
服务商交接信息,服务商交接信息
"Invalid %{label}: %{message}","Invalid %{label}: %{message}"
"Invalid %{label}: expected a JSON object","Invalid %{label}: expected a JSON object"
"已创建 %{name}，你可以先确认域名和服务商，再继续页面生成。","已创建 %{name}，你可以先确认域名和服务商，再继续页面生成。"
"返回 AI 建站工作台","返回 AI 建站工作台"
"打开 provider 原生入口","打开 provider 原生入口"
"AI 生成内容区块","AI 生成内容区块"
根据简报生成的页面主体内容,根据简报生成的页面主体内容
"简约科技 / 品牌信任感 / 高对比行动按钮","简约科技 / 品牌信任感 / 高对比行动按钮"
开始渐进式生成虚拟主题...,开始渐进式生成虚拟主题...
"正在生成 %{page_type}...","正在生成 %{page_type}..."
生成失败,生成失败
所有页面生成完成,所有页面生成完成
网站头部,网站头部
网站底部,网站底部
首页,首页
关于我们,关于我们
联系我们,联系我们
隐私政策,隐私政策
服务条款,服务条款
退款政策,退款政策
配送政策,配送政策
Cookie政策,Cookie政策
博客列表,博客列表
博客分类,博客分类
博客文章,博客文章
自定义页面,自定义页面
"AI Site Workbench","AI Site Workbench"
"mdi mdi-robot","mdi mdi-robot"
"Coordinate domain, website, and workspace site building","Coordinate domain, website, and workspace site building"
"AI site workbench hub","AI site workbench hub"
"AI Site Workspace","AI Site Workspace"
"mdi mdi-view-dashboard-outline","mdi mdi-view-dashboard-outline"
"View and edit resumable AI site workspaces","View and edit resumable AI site workspaces"
"AI Site State JSON","AI Site State JSON"
"mdi mdi-code-json","mdi mdi-code-json"
"Read workspace state JSON","Read workspace state JSON"
"AI Site Domain Lifecycle Status","AI Site Domain Lifecycle Status"
"Read domain lifecycle status for workspace top-bar","Read domain lifecycle status for workspace top-bar"
"AI Site Stage Info","AI Site Stage Info"
"mdi mdi-information-outline","mdi mdi-information-outline"
"Read current stage and available stages","Read current stage and available stages"
"Create AI Site Workspace","Create AI Site Workspace"
"Create a resumable AI site workspace","Create a resumable AI site workspace"
"Recommend Available Domain","Recommend Available Domain"
"Recommend an available domain for the quick-start flow","Recommend an available domain for the quick-start flow"
"Check Domain Availability","Check Domain Availability"
"mdi mdi-shield-search","mdi mdi-shield-search"
"Check a specific domain availability for quick-start flow","Check a specific domain availability for quick-start flow"
"Recommend Available Domain SSE","Recommend Available Domain SSE"
"mdi mdi-access-point","mdi mdi-access-point"
"Stream domain recommendation checks","Stream domain recommendation checks"
"Merge Workspace Scope","Merge Workspace Scope"
"mdi mdi-database-plus-outline","mdi mdi-database-plus-outline"
"Merge workspace scope JSON","Merge workspace scope JSON"
"Replace Workspace Scope","Replace Workspace Scope"
"mdi mdi-database-edit-outline","mdi mdi-database-edit-outline"
"Replace workspace scope JSON","Replace workspace scope JSON"
"Set Workspace Stage","Set Workspace Stage"
"mdi mdi-flag-checkered","mdi mdi-flag-checkered"
"Update the current workspace stage","Update the current workspace stage"
"Delete Workspace Session","Delete Workspace Session"
"mdi mdi-delete-outline","mdi mdi-delete-outline"
"Delete a resumable AI site workspace","Delete a resumable AI site workspace"
"Save Virtual Theme","Save Virtual Theme"
"mdi mdi-palette","mdi mdi-palette"
"Save current virtual theme into database","Save current virtual theme into database"
"Save Page Type Layout","Save Page Type Layout"
"mdi mdi-file-document-edit-outline","mdi mdi-file-document-edit-outline"
"Save one page-type layout JSON into virtual theme","Save one page-type layout JSON into virtual theme"
"Save Virtual Component","Save Virtual Component"
"mdi mdi-view-quilt-plus","mdi mdi-view-quilt-plus"
"Save AI component into virtual theme","Save AI component into virtual theme"
"Generate Virtual Theme SSE","Generate Virtual Theme SSE"
"Auto-generate virtual theme from brief","Auto-generate virtual theme from brief"
"Append Workspace Message","Append Workspace Message"
"mdi mdi-message-plus-outline","mdi mdi-message-plus-outline"
"Append a note or message to the workspace","Append a note or message to the workspace"
"Start Domain Purchase","Start Domain Purchase"
"mdi mdi-cart-arrow-down","mdi mdi-cart-arrow-down"
"Queue a non-blocking workbench domain purchase","Queue a non-blocking workbench domain purchase"
"Workspace SSE Stream","Workspace SSE Stream"
"Stream workspace events","Stream workspace events"
"Workbench Domain Purchase SSE","Workbench Domain Purchase SSE"
"mdi mdi-access-point-network","mdi mdi-access-point-network"
"Run a non-blocking workbench domain purchase stream","Run a non-blocking workbench domain purchase stream"
"Trigger Site Build","Trigger Site Build"
"mdi mdi-play","mdi mdi-play"
"Trigger the site building flow","Trigger the site building flow"
全部,全部
待处理,待处理
购买中,购买中
DNS,DNS
CDN,CDN
SSL,SSL
已完成,已完成
失败,失败
商店已创建,商店已创建
创建商店失败：%{1},创建商店失败：%{1}
渠道已创建,渠道已创建
创建渠道失败：%{1},创建渠道失败：%{1}
"Scope 数据读取失败：%{1}","Scope 数据读取失败：%{1}"
"%{1} 不能为空且最多 %{2} 字符","%{1} 不能为空且最多 %{2} 字符"
"%{1} 必须是正整数","%{1} 必须是正整数"
"%{1} 必须是非负整数","%{1} 必须是非负整数"
商店管理,商店管理
"管理 Store","管理 Store"
渠道管理,渠道管理
"管理 Sales Channel","管理 Sales Channel"
创建商店,创建商店
"创建 Store","创建 Store"
创建渠道,创建渠道
"创建 Sales Channel","创建 Sales Channel"
目标域名格式无效。,目标域名格式无效。
子路径格式无效。,子路径格式无效。
子路径首段为保留字，请更换。,子路径首段为保留字，请更换。
"域名 %{1} 已存在于域名池中","域名 %{1} 已存在于域名池中"
"API 添加：%{1}","API 添加：%{1}"
子域名添加成功,子域名添加成功
添加失败：%{1},添加失败：%{1}
"pool_id 不能为空","pool_id 不能为空"
该域名正在被网站使用，无法删除,该域名正在被网站使用，无法删除
"解析正常，IP: %{1}","解析正常，IP: %{1}"
解析异常：%{1},解析异常：%{1}
检测失败：%{1},检测失败：%{1}
"parent_domain_id 不能为空","parent_domain_id 不能为空"
域名池API,域名池API
域名池数据查询接口,域名池数据查询接口
获取域名池列表,获取域名池列表
获取域名池数据列表,获取域名池数据列表
添加子域名,添加子域名
添加子域名到域名池,添加子域名到域名池
删除子域名,删除子域名
从域名池删除子域名,从域名池删除子域名
检测解析,检测解析
检测域名池解析状态,检测域名池解析状态
按根域名查询,按根域名查询
按根域名ID获取子域名,按根域名ID获取子域名
请选择域名商账号,请选择域名商账号
跳过购买（使用已有域名）,跳过购买（使用已有域名）
"开始购买域名: %{1}","开始购买域名: %{1}"
创建配置订单失败,创建配置订单失败
配置失败,配置失败
"配置订单已创建，订单号: #%{1}","配置订单已创建，订单号: #%{1}"
"域名购买成功，订单号: #%{1}","域名购买成功，订单号: #%{1}"
"若需要切换 DNS 或 CDN，系统会在约 5–10 分钟内排队处理并同步记录；真正生效时间仍取决于服务商处理和 NS/缓存传播。","若需要切换 DNS 或 CDN，系统会在约 5–10 分钟内排队处理并同步记录；真正生效时间仍取决于服务商处理和 NS/缓存传播。"
"DNS/CDN 切换会由后续定时任务继续处理并同步记录；当前页面无需停留等待，但最终生效仍取决于服务商处理和 NS/缓存传播。","DNS/CDN 切换会由后续定时任务继续处理并同步记录；当前页面无需停留等待，但最终生效仍取决于服务商处理和 NS/缓存传播。"
验证域名解析...,验证域名解析...
"服务器 IP: %{1}","服务器 IP: %{1}"
"域名解析成功: %{1} -> %{2}","域名解析成功: %{1} -> %{2}"
"等待 DNS 生效... (%{1}/6)","等待 DNS 生效... (%{1}/6)"
"DNS 可能尚未生效，请稍后手动验证","DNS 可能尚未生效，请稍后手动验证"
验证网站可访问性...,验证网站可访问性...
网站可正常访问,网站可正常访问
"网站暂时无法访问，DNS 可能仍在传播中","网站暂时无法访问，DNS 可能仍在传播中"
"开始申请 SSL 证书...","开始申请 SSL 证书..."
"SSL 证书申请成功","SSL 证书申请成功"
"SSL 证书申请需要进一步验证","SSL 证书申请需要进一步验证"
"跳过 SSL 证书申请","跳过 SSL 证书申请"
一站式配置完成！,一站式配置完成！
"配置过程发生错误: %{1}","配置过程发生错误: %{1}"
配置API,配置API
一站式配置API,一站式配置API
配置进度流,配置进度流
"Login required","Login required"
"Please provide a site request or reference URL first","Please provide a site request or reference URL first"
"Invalid draft revision payload","Invalid draft revision payload"
"Plan draft not found","Plan draft not found"
"Invalid plan stream parameters","Invalid plan stream parameters"
"Plan generation started","Plan generation started"
"Loaded current draft plan","Loaded current draft plan"
"Failed to persist plan version","Failed to persist plan version"
"Plan generation failed","Plan generation failed"
"Plan generation finished","Plan generation finished"
"Invalid plan confirmation request","Invalid plan confirmation request"
"Please generate a plan before confirming it","Please generate a plan before confirming it"
"Plan confirmed","Plan confirmed"
"Invalid local pool request","Invalid local pool request"
"Invalid local pool reserve request","Invalid local pool reserve request"
"Invalid domain selection payload","Invalid domain selection payload"
"Domain selected: %{domain}","Domain selected: %{domain}"
"Invalid session creation payload","Invalid session creation payload"
"Please confirm the plan before creating a workspace session","Please confirm the plan before creating a workspace session"
"Please select a domain before creating a workspace session","Please select a domain before creating a workspace session"
"Failed to create workspace session: %{message}","Failed to create workspace session: %{message}"
"Workspace session created","Workspace session created"
"AI Site Plan Flow","AI Site Plan Flow"
"mdi mdi-sitemap","mdi mdi-sitemap"
"Draft-first AI site planning flow","Draft-first AI site planning flow"
"Generate Draft Site Plan","Generate Draft Site Plan"
"mdi mdi-lightning-bolt-outline","mdi mdi-lightning-bolt-outline"
"Create or update a site planning draft","Create or update a site planning draft"
"Polish Site Brief","Polish Site Brief"
"Polish the one-sentence site requirement","Polish the one-sentence site requirement"
"Revise Draft Site Plan","Revise Draft Site Plan"
"mdi mdi-comment-edit-outline","mdi mdi-comment-edit-outline"
"Revise an existing site planning draft","Revise an existing site planning draft"
"Stream Draft Site Plan","Stream Draft Site Plan"
"Stream site plan generation","Stream site plan generation"
"Stream Draft Site Plan SSE","Stream Draft Site Plan SSE"
"Stream site plan generation via SSE endpoint","Stream site plan generation via SSE endpoint"
"Confirm Draft Site Plan","Confirm Draft Site Plan"
"mdi mdi-check-circle-outline","mdi mdi-check-circle-outline"
"Confirm the latest generated plan draft","Confirm the latest generated plan draft"
"List Local Pool Domains For Draft","List Local Pool Domains For Draft"
"mdi mdi-database-search-outline","mdi mdi-database-search-outline"
"List local domain pool options for the site plan draft","List local domain pool options for the site plan draft"
"Reserve Local Pool Domain","Reserve Local Pool Domain"
"mdi mdi-lock-outline","mdi mdi-lock-outline"
"Reserve a local pool domain for the site plan draft","Reserve a local pool domain for the site plan draft"
"Select Draft Domain","Select Draft Domain"
"Persist a domain choice on the current site plan draft","Persist a domain choice on the current site plan draft"
"Create Session From Draft","Create Session From Draft"
"mdi mdi-rocket-launch-outline","mdi mdi-rocket-launch-outline"
"Create the formal site builder session from a confirmed draft","Create the formal site builder session from a confirmed draft"
仅默认站后台可管理网站功能授权,仅默认站后台可管理网站功能授权
请选择非默认网站,请选择非默认网站
网站功能授权已保存,网站功能授权已保存
正常,正常
处理中,处理中
已过期,已过期
已暂停,已暂停
待检测,待检测
已解析,已解析
解析错误,解析错误
无证书,无证书
申请中,申请中
有效,有效
申请错误,申请错误
网站删除必须经过拥有者事务边界,网站删除必须经过拥有者事务边界
"删除网站前必须提供有效 Website ID","删除网站前必须提供有效 Website ID"
删除网站前必须加载明确的网站记录,删除网站前必须加载明确的网站记录
要删除的网站不存在,要删除的网站不存在
网站删除身份不一致,网站删除身份不一致
"网站仍有 Store 或 SalesChannel 引用，不允许物理删除","网站仍有 Store 或 SalesChannel 引用，不允许物理删除"
店铺代码不能为空,店铺代码不能为空
"店铺代码不能超过 %{1} 个字符","店铺代码不能超过 %{1} 个字符"
店铺名称不能为空,店铺名称不能为空
"店铺名称不能超过 %{1} 个字符","店铺名称不能超过 %{1} 个字符"
"非法店铺模式：%{1}（仅允许 normal|dev|test）","非法店铺模式：%{1}（仅允许 normal|dev|test）"
"店铺必须显式归属 Website（website_id=0 是合法默认站）","店铺必须显式归属 Website（website_id=0 是合法默认站）"
"店铺创建后不允许迁移到其他 Website","店铺创建后不允许迁移到其他 Website"
"店铺默认标记只能是 0 或 1","店铺默认标记只能是 0 或 1"
"店铺状态只能是 0 或 1","店铺状态只能是 0 或 1"
"默认店铺必须同时满足 code=default 且 is_default=1","默认店铺必须同时满足 code=default 且 is_default=1"
"默认店铺的 store_mode 必须为 normal","默认店铺的 store_mode 必须为 normal"
默认店铺不允许停用,默认店铺不允许停用
"店铺模式创建后不可变更：%{1} → %{2} 被拒绝","店铺模式创建后不可变更：%{1} → %{2} 被拒绝"
默认店铺代码不允许修改,默认店铺代码不允许修改
"店铺独立入口 URL 必须是不含账号、查询或片段的规范 http/https 地址","店铺独立入口 URL 必须是不含账号、查询或片段的规范 http/https 地址"
"店铺 ID 必须是正整数","店铺 ID 必须是正整数"
"店铺父 Website 在更新锁定期间发生变化","店铺父 Website 在更新锁定期间发生变化"
要更新的店铺不存在,要更新的店铺不存在
"店铺所属 Website 不存在","店铺所属 Website 不存在"
新店铺不允许伪造墓碑生命周期,新店铺不允许伪造墓碑生命周期
已转为墓碑的店铺不允许普通保存或重新启用,已转为墓碑的店铺不允许普通保存或重新启用
店铺生命周期状态与墓碑时间不一致,店铺生命周期状态与墓碑时间不一致
普通保存不允许修改店铺墓碑字段,普通保存不允许修改店铺墓碑字段
渠道代码不能为空,渠道代码不能为空
"渠道代码不能超过 %{1} 个字符","渠道代码不能超过 %{1} 个字符"
渠道名称不能为空,渠道名称不能为空
"渠道名称不能超过 %{1} 个字符","渠道名称不能超过 %{1} 个字符"
"渠道必须显式归属 Website（website_id=0 是合法默认站）","渠道必须显式归属 Website（website_id=0 是合法默认站）"
渠道必须归属一个明确的店铺,渠道必须归属一个明确的店铺
"渠道创建后不允许迁移到其他 Website 或店铺","渠道创建后不允许迁移到其他 Website 或店铺"
"渠道 website_id 必须与所属店铺一致","渠道 website_id 必须与所属店铺一致"
"渠道默认标记只能是 0 或 1","渠道默认标记只能是 0 或 1"
"渠道状态只能是 0 或 1","渠道状态只能是 0 或 1"
"默认渠道必须同时满足 code=default 且 is_default=1","默认渠道必须同时满足 code=default 且 is_default=1"
默认渠道不允许停用,默认渠道不允许停用
默认渠道代码不允许修改,默认渠道代码不允许修改
销售渠道删除必须经过拥有者事务边界,销售渠道删除必须经过拥有者事务边界
渠道父店铺在删除锁定期间发生变化,渠道父店铺在删除锁定期间发生变化
默认渠道不允许删除,默认渠道不允许删除
渠道所属店铺不存在,渠道所属店铺不存在
非活动店铺下不允许新增、更新或删除销售渠道,非活动店铺下不允许新增、更新或删除销售渠道
"渠道 ID 必须是正整数","渠道 ID 必须是正整数"
要更新的渠道不存在,要更新的渠道不存在
渠道父店铺在更新锁定期间发生变化,渠道父店铺在更新锁定期间发生变化
删除渠道前必须加载明确的渠道记录,删除渠道前必须加载明确的渠道记录
"删除渠道前必须提供有效渠道 ID","删除渠道前必须提供有效渠道 ID"
要删除的渠道不存在,要删除的渠道不存在
"Store / SalesChannel 目录","Store / SalesChannel 目录"
访问入口,访问入口
"语言 / 货币","语言 / 货币"
操作,操作
暂无网站数据,暂无网站数据
只读,只读
"暂无 Store/Channel 目录，请运行 setup:upgrade 补齐默认目录。","暂无 Store/Channel 目录，请运行 setup:upgrade 补齐默认目录。"
默认,默认
"此 Store 暂无 SalesChannel","此 Store 暂无 SalesChannel"
未生成访问地址,未生成访问地址
主,主
货币,货币
语言,语言
访问前端,访问前端
管理后端,管理后端
正式,正式
开发,开发
测试,测试
活动,活动
墓碑,墓碑
"Store 与 SalesChannel 只读目录","Store 与 SalesChannel 只读目录"
"%{1} 个 Store","%{1} 个 Store"
启用,启用
停用,停用
"SalesChannel 列表","SalesChannel 列表"
请先绑定域名,请先绑定域名
有功能授权时从主站直进子站后台，无需再登录,有功能授权时从主站直进子站后台，无需再登录
您确定要删除此网站吗？,您确定要删除此网站吗？
删除,删除
后台,后台
使用说明,使用说明
网站,网站
代表一个独立站点，可配置多个域名、语言与货币,代表一个独立站点，可配置多个域名、语言与货币
"Store / SalesChannel","Store / SalesChannel"
列表只读展示站点下的店铺模式、生命周期与销售渠道，不在此处修改目录。,列表只读展示站点下的店铺模式、生命周期与销售渠道，不在此处修改目录。
关联域名,关联域名
一个网站可绑定多个域名，主域名用于默认访问,一个网站可绑定多个域名，主域名用于默认访问
编辑/删除,编辑/删除
在操作列中可编辑网站或删除（请谨慎操作）,在操作列中可编辑网站或删除（请谨慎操作）
搜索网站,搜索网站
搜索,搜索
清除,清除
搜索名称、代码或URL,搜索名称、代码或URL
可由选择域名自动生成（域名转下划线），可修改,可由选择域名自动生成（域名转下划线），可修改
网站子路径,网站子路径
可选；留空表示直接使用域名根路径，填写后会应用到当前选择的所有域名。,可选；留空表示直接使用域名根路径，填写后会应用到当前选择的所有域名。
"Store / SalesChannel 只读目录","Store / SalesChannel 只读目录"
"此处仅展示目录。Store 模式、生命周期与 SalesChannel 不会随 Website 表单保存而修改。","此处仅展示目录。Store 模式、生命周期与 SalesChannel 不会随 Website 表单保存而修改。"
"保存 Website 后，系统会在升级与站点保存流程中建立默认 Store 和 SalesChannel。","保存 Website 后，系统会在升级与站点保存流程中建立默认 Store 和 SalesChannel。"
"当前 Website 暂无 Store/Channel 目录，请运行 setup:upgrade 补齐默认目录。","当前 Website 暂无 Store/Channel 目录，请运行 setup:upgrade 补齐默认目录。"
选择域名,选择域名
从域名池选择已就绪的域名（可多选）；选择后网站代码将自动填充，子路径由上方统一控制。,从域名池选择已就绪的域名（可多选）；选择后网站代码将自动填充，子路径由上方统一控制。
默认时区,默认时区
搜索时区...,搜索时区...
输入关键词搜索时区,输入关键词搜索时区
保存,保存
返回,返回
"业务范围 (Scope)","业务范围 (Scope)"
如：catalog,如：catalog
用于标识站点的业务来源，留空表示通用站点。由系统自动设置。,用于标识站点的业务来源，留空表示通用站点。由系统自动设置。
首页入口路由,首页入口路由
继承全局首页配置,继承全局首页配置
选择后，此站点访问根路径时会进入该前台路由；为空则继承全局开始路由。,选择后，此站点访问根路径时会进入该前台路由；为空则继承全局开始路由。
"已选择 %{1} 个域名","已选择 %{1} 个域名"
"Store 商品复制向导","Store 商品复制向导"
"三入口共用 ProductCopyService；提交前强制 preview。库存默认 0，需显式勾选才复制数量。","三入口共用 ProductCopyService；提交前强制 preview。库存默认 0，需显式勾选才复制数量。"
持久化事务模式,持久化事务模式
复制范围,复制范围
入口,入口
"目标 Website","目标 Website"
"目标 Store","目标 Store"
"来源 Website","来源 Website"
"来源 Store","来源 Store"
"分类 ID","分类 ID"
"排除分类 ID","排除分类 ID"
复制分类下商品,复制分类下商品
重复复制策略,重复复制策略
字段包,字段包
"显式复制库存数量（不勾选时目标 on_hand=0）","显式复制库存数量（不勾选时目标 on_hand=0）"
创建草稿并预览,创建草稿并预览
提交复制,提交复制
取消草稿,取消草稿
预览与提交结果,预览与提交结果
"正在加载 Website/Store 选项…","正在加载 Website/Store 选项…"
分类,分类
商品,商品
Offer,Offer
"创建 / 跳过 / 更新","创建 / 跳过 / 更新"
复制库存数量,复制库存数量
契约要点,契约要点
"分类树：勾父默认含子孙；excluded_category_ids 取消完整子树；include_products 控制是否带品。","分类树：勾父默认含子孙；excluded_category_ids 取消完整子树；include_products 控制是否带品。"
"库存：含 inventory 包时默认 on_hand=0；仅 inventory_copy_qty=true 才复制数量。","库存：含 inventory 包时默认 on_hand=0；仅 inventory_copy_qty=true 才复制数量。"
"跨 Website：先建目标站目录（分类新 UUID），再写 Store overlay；不抬升来源 Store 覆盖。","跨 Website：先建目标站目录（分类新 UUID），再写 Store overlay；不抬升来源 Store 覆盖。"
"同来源重复复制：默认 skip；update_selected_fields 只更新勾选字段包，不删未选字段。","同来源重复复制：默认 skip；update_selected_fields 只更新勾选字段包，不删未选字段。"
详细契约见,详细契约见
复制服务暂不可用，请刷新页面后重试,复制服务暂不可用，请刷新页面后重试
"Website/Store 选项加载失败","Website/Store 选项加载失败"
请选择复制范围，然后创建草稿并预览,请选择复制范围，然后创建草稿并预览
正在创建草稿并计算预览…,正在创建草稿并计算预览…
预览已就绪，请核对统计后提交,预览已就绪，请核对统计后提交
复制预览失败,复制预览失败
"正在原子提交目录、Store 覆盖与库存…","正在原子提交目录、Store 覆盖与库存…"
复制提交成功,复制提交成功
复制提交失败,复制提交失败
正在取消草稿…,正在取消草稿…
草稿已取消,草稿已取消
取消草稿失败,取消草稿失败
"请选择目标 Website 与 Store","请选择目标 Website 与 Store"
"当前入口需要选择来源 Website 与 Store","当前入口需要选择来源 Website 与 Store"
"当前入口需要选择来源 Website","当前入口需要选择来源 Website"
"该 Website 没有可用 Store","该 Website 没有可用 Store"
草稿,草稿
错误码,错误码
逗号分隔；留空表示全部分类,逗号分隔；留空表示全部分类
逗号分隔；排除所选分类及完整子树,逗号分隔；排除所选分类及完整子树
Other,Other
"DNS 服务商","DNS 服务商"
刷新服务器IP,刷新服务器IP
批量转存域名池,批量转存域名池
只转存解析到本服务器的域名，跳过IP不匹配的,只转存解析到本服务器的域名，跳过IP不匹配的
批量转存（检查IP）,批量转存（检查IP）
"将选中域名的 @ 和 www 解析到本服务器公网IP","将选中域名的 @ 和 www 解析到本服务器公网IP"
批量解析到本地,批量解析到本地
为选中域名批量添加DNS解析记录,为选中域名批量添加DNS解析记录
批量添加记录,批量添加记录
将选中域名的DNS服务器切换到其他服务商,将选中域名的DNS服务器切换到其他服务商
批量切换DNS,批量切换DNS
批量检测解析,批量检测解析
"检测选中域名的 DNS 服务商","检测选中域名的 DNS 服务商"
检测DNS,检测DNS
"批量设置选中域名的 DNS/CDN 管理账户","批量设置选中域名的 DNS/CDN 管理账户"
设置账户,设置账户
"为根域名切换 DNS 服务账户，NS 切换后定时任务将把记录推送到新账户","为根域名切换 DNS 服务账户，NS 切换后定时任务将把记录推送到新账户"
切换DNS账户,切换DNS账户
"清理误同步的 DNS 服务商域名","清理误同步的 DNS 服务商域名"
清理DNS域名,清理DNS域名
删除选中的根域，其子域名与池记录一并删除,删除选中的根域，其子域名与池记录一并删除
批量删除,批量删除
解析状态,解析状态
指向本服务器,指向本服务器
HTTPS状态,HTTPS状态
证书有效,证书有效
即将过期,即将过期
服务商,服务商
从域名商导入域名,从域名商导入域名
选择域名商账户,选择域名商账户
全选,全选
隐藏已导入,隐藏已导入
到期时间,到期时间
本地状态,本地状态
导入解析模式,导入解析模式
批量解析到本服务器,批量解析到本服务器
"导入后自动将域名的 @ 和 www 记录解析到本服务器公网IP，入池并创建自动解析任务","导入后自动将域名的 @ 和 www 记录解析到本服务器公网IP，入池并创建自动解析任务"
"保持各域名当前 DNS","保持各域名当前 DNS"
"仅导入域名记录，不修改 DNS，不入池自动解析任务","仅导入域名记录，不修改 DNS，不入池自动解析任务"
导入选中域名,导入选中域名
DNS记录管理,DNS记录管理
DNS服务商,DNS服务商
本服务器IP,本服务器IP
同步记录,同步记录
添加记录,添加记录
类型,类型
主机记录,主机记录
记录值,记录值
请选择域名查看DNS记录,请选择域名查看DNS记录
自动解析到本服务器,自动解析到本服务器
批量切换DNS服务器,批量切换DNS服务器
"将选中域名的 Nameserver 切换到目标服务商。切换后域名将使用新的 DNS 服务商进行解析。","将选中域名的 Nameserver 切换到目标服务商。切换后域名将使用新的 DNS 服务商进行解析。"
切换方式,切换方式
选择账户（推荐）,选择账户（推荐）
手动输入,手动输入
选择目标账户,选择目标账户
选择已配置的域名商账户，系统将自动获取该账户的DNS服务器,选择已配置的域名商账户，系统将自动获取该账户的DNS服务器
暂无可用的域名商账户，请先在「域名注册商账户」中添加并启用账户，或使用下方「手动输入」模式直接填写DNS服务器地址,暂无可用的域名商账户，请先在「域名注册商账户」中添加并启用账户，或使用下方「手动输入」模式直接填写DNS服务器地址
选择DNS服务商,选择DNS服务商
"Nameserver 列表","Nameserver 列表"
"如：ns1.example.com,ns2.example.com","如：ns1.example.com,ns2.example.com"
"多个 Nameserver 用英文逗号分隔","多个 Nameserver 用英文逗号分隔"
确认切换,确认切换
为选中的域名批量添加相同的DNS解析记录。,为选中的域名批量添加相同的DNS解析记录。
使用本服务器公网IP,使用本服务器公网IP
记录类型,记录类型
"如：@,www 或 @,www,* 多个用逗号分隔","如：@,www 或 @,www,* 多个用逗号分隔"
支持多个主机记录，用英文逗号分隔,支持多个主机记录，用英文逗号分隔
"如：192.168.1.1 或 example.com","如：192.168.1.1 或 example.com"
"TTL (秒)","TTL (秒)"
确认添加,确认添加
"切换 DNS 服务账户","切换 DNS 服务账户"
"将把当前 DNS 记录同步到本地，把域名的 NS 切换到目标账户；切换成功后定时任务会把记录推送到新 DNS 账户。若已是该账户则跳过。","将把当前 DNS 记录同步到本地，把域名的 NS 切换到目标账户；切换成功后定时任务会把记录推送到新 DNS 账户。若已是该账户则跳过。"
选择供应商,选择供应商
选择账户,选择账户
正在切换…,正在切换…
"为选中域名设置 DNS/CDN 管理账户。留空表示不修改该项。","为选中域名设置 DNS/CDN 管理账户。留空表示不修改该项。"
"DNS 管理账户","DNS 管理账户"
"用于管理 DNS 解析记录的账户","用于管理 DNS 解析记录的账户"
"CDN 管理账户","CDN 管理账户"
"CDN 服务商账户（如 Cloudflare）","CDN 服务商账户（如 Cloudflare）"
确认设置,确认设置
"DNS 账户","DNS 账户"
"CDN 账户","CDN 账户"
"HTTPS 处理方式","HTTPS 处理方式"
"拉取域名：确认 DNS / CDN 管理账户","拉取域名：确认 DNS / CDN 管理账户"
"请选择本站已配置的、能管理该域名解析的账户。判断是否指向本站时，优先通过服务商 API 读取 A/AAAA 的 content（源站 IP），避免 CDN 边缘 IP 误判。至少选择 DNS 或 CDN 中的一项；Cloudflare 等可同时选同一账户。","请选择本站已配置的、能管理该域名解析的账户。判断是否指向本站时，优先通过服务商 API 读取 A/AAAA 的 content（源站 IP），避免 CDN 边缘 IP 误判。至少选择 DNS 或 CDN 中的一项；Cloudflare 等可同时选同一账户。"
"请至少选择 DNS 或 CDN 中的一项","请至少选择 DNS 或 CDN 中的一项"
拉取后的解析策略,拉取后的解析策略
"尝试在注册商处自动添加 A 记录指向本服务器","尝试在注册商处自动添加 A 记录指向本服务器"
"保持现有解析，不自动改记录（适合已配好 DNS/CDN）","保持现有解析，不自动改记录（适合已配好 DNS/CDN）"
确认拉取,确认拉取
不指定,不指定
导入失败,导入失败
部分导入失败,部分导入失败
导入成功,导入成功
个域名,个域名
请先添加域名商账户,请先添加域名商账户
网络请求失败,网络请求失败
部分供应商获取域名失败,部分供应商获取域名失败
未知账户,未知账户
无法获取域名，请检查上方的错误信息,无法获取域名，请检查上方的错误信息
域名商账户下暂无域名,域名商账户下暂无域名
以下域名尚未拉取到本地，请选择域名后点击「导入选中」按钮,以下域名尚未拉取到本地，请选择域名后点击「导入选中」按钮
导入选中,导入选中
已拉取,已拉取
未拉取,未拉取
导入,导入
共,共
个远程域名,个远程域名
当前筛选条件下暂无已拉取的域名,当前筛选条件下暂无已拉取的域名
请切换筛选条件为「全部」，从线上选择域名拉取到本地,请切换筛选条件为「全部」，从线上选择域名拉取到本地
查看全部状态,查看全部状态
本地暂无已拉取的域名，正在从域名商获取...,本地暂无已拉取的域名，正在从域名商获取...
暂无域名数据,暂无域名数据
错误,错误
无,无
本机,本机
未就绪,未就绪
已建站,已建站
未建站,未建站
检测于,检测于
连通性,连通性
注册,注册
DNS管理,DNS管理
"共 0 条本地域名","共 0 条本地域名"
条,条
第,第
页,页
每页,每页
本页,本页
"仅 1 页","仅 1 页"
正在获取远程域名列表...,正在获取远程域名列表...
获取失败,获取失败
所有域名已导入,所有域名已导入
没有域名,没有域名
已导入,已导入
未导入,未导入
个,个
显示全部,显示全部
正在导入域名...,正在导入域名...
（自动解析任务已创建）,（自动解析任务已创建）
正在检测解析...,正在检测解析...
检测完成,检测完成
检测失败,检测失败
正在批量检测解析...,正在批量检测解析...
获取DNS记录失败,获取DNS记录失败
暂无DNS记录,暂无DNS记录
待同步,待同步
异常,异常
正在同步DNS记录...,正在同步DNS记录...
同步成功,同步成功
同步失败,同步失败
添加成功,添加成功
确定删除此DNS记录吗？,确定删除此DNS记录吗？
确认删除,确认删除
删除失败,删除失败
"确定要删除根域「%{1}」吗？该根域下的所有子域名（域名池记录）和 DNS 解析记录将一并删除，且不可恢复。","确定要删除根域「%{1}」吗？该根域下的所有子域名（域名池记录）和 DNS 解析记录将一并删除，且不可恢复。"
未找到确认弹窗组件，操作已取消,未找到确认弹窗组件，操作已取消
"确定要删除选中的 %{1} 个根域吗？每个根域下的所有子域名（域名池记录）和 DNS 解析记录将一并删除，且不可恢复。","确定要删除选中的 %{1} 个根域吗？每个根域下的所有子域名（域名池记录）和 DNS 解析记录将一并删除，且不可恢复。"
正在自动解析到本服务器...,正在自动解析到本服务器...
解析成功,解析成功
解析失败,解析失败
正在刷新服务器IP...,正在刷新服务器IP...
刷新失败,刷新失败
转存到域名池,转存到域名池
"输入子域名前缀（多个用逗号分隔，默认 @,www）","输入子域名前缀（多个用逗号分隔，默认 @,www）"
正在转存到域名池...,正在转存到域名池...
转存成功,转存成功
转存失败,转存失败
批量转存到域名池,批量转存到域名池
正在批量转存到域名池...,正在批量转存到域名池...
批量转存成功,批量转存成功
批量转存失败,批量转存失败
确定批量转存,确定批量转存
个域名？,个域名？
注意：只有解析到本服务器IP的域名才会被转存，其他将跳过。,注意：只有解析到本服务器IP的域名才会被转存，其他将跳过。
确认转存,确认转存
正在批量转存（检查IP）...,正在批量转存（检查IP）...
批量转存完成,批量转存完成
跳过的域名（IP不匹配）,跳过的域名（IP不匹配）
确定将,确定将
个域名解析到本服务器？,个域名解析到本服务器？
"将为每个域名添加 @ 和 www 的A记录指向本服务器公网IP。","将为每个域名添加 @ 和 www 的A记录指向本服务器公网IP。"
确认解析,确认解析
正在批量解析到本地服务器...,正在批量解析到本地服务器...
解析完成,解析完成
请选择要切换DNS的域名,请选择要切换DNS的域名
已选择,已选择
"-- 加载中... --","-- 加载中... --"
"-- 暂无可用账户 --","-- 暂无可用账户 --"
"-- 请选择目标账户 --","-- 请选择目标账户 --"
"-- 加载失败 --","-- 加载失败 --"
正在获取DNS服务器...,正在获取DNS服务器...
"Cloudflare 通常会为每个接入的根域分配独立 Nameserver，请以控制台实际显示为准","Cloudflare 通常会为每个接入的根域分配独立 Nameserver，请以控制台实际显示为准"
目标DNS,目标DNS
该账户暂无可用DNS服务器,该账户暂无可用DNS服务器
正在批量切换DNS服务器...,正在批量切换DNS服务器...
切换完成,切换完成
切换错误,切换错误
请选择DNS服务商,请选择DNS服务商
请输入自定义Nameserver,请输入自定义Nameserver
请先选择要添加DNS记录的域名,请先选择要添加DNS记录的域名
请输入记录值,请输入记录值
正在批量添加DNS记录...,正在批量添加DNS记录...
添加完成,添加完成
添加错误,添加错误
正在创建域名...,正在创建域名...
创建成功,创建成功
"请先选择要切换 DNS 的根域名","请先选择要切换 DNS 的根域名"
个根域名,个根域名
加载账户列表失败,加载账户列表失败
"-- 请选择账户 --","-- 请选择账户 --"
请先选择要切换的根域名,请先选择要切换的根域名
切换异常,切换异常
"SSE 连接中断","SSE 连接中断"
请先选择要设置的域名,请先选择要设置的域名
正在设置账户...,正在设置账户...
设置成功,设置成功
设置失败,设置失败
"正在检测 DNS 服务商...","正在检测 DNS 服务商..."
"确定清理所有 DNS 服务商（如 Cloudflare）下误同步的域名？","确定清理所有 DNS 服务商（如 Cloudflare）下误同步的域名？"
"这些域名不属于 DNS 服务商，只是托管在那里。清理后不会影响远程数据。","这些域名不属于 DNS 服务商，只是托管在那里。清理后不会影响远程数据。"
"清理 DNS 服务商域名","清理 DNS 服务商域名"
确认清理,确认清理
"正在清理 DNS 服务商域名...","正在清理 DNS 服务商域名..."
清理完成,清理完成
已清理的账户,已清理的账户
清理失败,清理失败
鍔犺浇璐︽埛鍒楄〃澶辫触,鍔犺浇璐︽埛鍒楄〃澶辫触
清除（使用注册商账户）,清除（使用注册商账户）
其他,其他
批量购买域名,批量购买域名
选择域名商账号,选择域名商账号
域名列表（一行一个）,域名列表（一行一个）
"example.com\nmysite.net\nshop.org","example.com\nmysite.net\nshop.org"
每行一个域名，支持批量输入多个域名。,每行一个域名，支持批量输入多个域名。
检查可用性,检查可用性
"购买后自动将域名的 @ 和 www 记录解析到本服务器公网IP，通过Cron任务在域名可用后自动执行","购买后自动将域名的 @ 和 www 记录解析到本服务器公网IP，通过Cron任务在域名可用后自动执行"
"子域名（逗号分隔，默认 @,www）","子域名（逗号分隔，默认 @,www）"
购买后入池并自动解析的子域名列表,购买后入池并自动解析的子域名列表
检查结果,检查结果
"请在左侧输入域名并点击""检查可用性""。","请在左侧输入域名并点击""检查可用性""。"
"0 个可用域名","0 个可用域名"
批量购买,批量购买
购买记录,购买记录
购买完成后会在此处显示记录。,购买完成后会在此处显示记录。
确认购买后，系统会按所选策略处理解析与后续状态跟踪。,确认购买后，系统会按所选策略处理解析与后续状态跟踪。
"DNS/CDN 切换不会在购买后立即执行：域名可能仍在注册中。注册完成后将由系统自动处理，无需您手动操作。","DNS/CDN 切换不会在购买后立即执行：域名可能仍在注册中。注册完成后将由系统自动处理，无需您手动操作。"
"Gname 模板 ID","Gname 模板 ID"
"可在账号凭据中配置 default_template_id；此处可覆盖","可在账号凭据中配置 default_template_id；此处可覆盖"
"注册联系人（GoDaddy / AWS Route53 / 阿里云）","注册联系人（GoDaddy / AWS Route53 / 阿里云）"
名,名
姓,姓
邮箱,邮箱
电话,电话
或,或
地址,地址
城市,城市
州/省,州/省
美国/加拿大必填,美国/加拿大必填
邮编,邮编
国家代码,国家代码
组织（可选）,组织（可选）
"开启 WHOIS 隐私保护（若注册商支持）","开启 WHOIS 隐私保护（若注册商支持）"
阿里云：提交后为待支付任务，需在阿里云控制台付款后域名才生效。,阿里云：提交后为待支付任务，需在阿里云控制台付款后域名才生效。
"DNS 配置","DNS 配置"
"DNS 策略","DNS 策略"
跟随当前购买账号,跟随当前购买账号
指定供应商账户,指定供应商账户
"自定义 Nameserver","自定义 Nameserver"
"DNS 子账户","DNS 子账户"
"请先选择 DNS 服务商","请先选择 DNS 服务商"
"ns1.example.com, ns2.example.com","ns1.example.com, ns2.example.com"
"CDN 配置","CDN 配置"
"CDN 策略","CDN 策略"
"暂不配置 CDN","暂不配置 CDN"
"CDN 服务商","CDN 服务商"
"CDN 子账户","CDN 子账户"
"请先选择 CDN 服务商","请先选择 CDN 服务商"
"默认会解析 @ 和 www，并持续检查域名状态。","默认会解析 @ 和 www，并持续检查域名状态。"
自动解析子域名,自动解析子域名
"@, www","@, www"
启动全流程状态跟踪,启动全流程状态跟踪
"购买后自动跟踪购买、DNS、验证、HTTPS 等步骤。","购买后自动跟踪购买、DNS、验证、HTTPS 等步骤。"
确认购买,确认购买
请先选择服务商,请先选择服务商
请选择子账户,请选择子账户
"请选择 DNS 服务商和对应子账户","请选择 DNS 服务商和对应子账户"
"请选择 CDN 服务商和对应子账户","请选择 CDN 服务商和对应子账户"
"请填写完整注册联系人（标 * 项）","请填写完整注册联系人（标 * 项）"
美国/加拿大注册需填写州/省,美国/加拿大注册需填写州/省
请先选择域名商账号,请先选择域名商账号
正在检查域名可用性...,正在检查域名可用性...
检查失败,检查失败
价格,价格
年限,年限
绑定站点,绑定站点
可用,可用
不绑定,不绑定
自动新建站点,自动新建站点
个可用域名,个可用域名
没有可用的域名可以购买,没有可用的域名可以购买
正在提交购买请求...,正在提交购买请求...
购买请求已提交,购买请求已提交
请前往域名状态页搜索当前根域名查看进度。,请前往域名状态页搜索当前根域名查看进度。
"若存在不同 DNS/CDN，约 5–10 分钟内由自动任务完成。","若存在不同 DNS/CDN，约 5–10 分钟内由自动任务完成。"
"%{count} 个域名购买成功，但未成功创建生命周期跟踪订单，请确认 Weline_Websites 已启用且一站式配置可用，或前往域名状态页使用「补建生命周期订单」补救。","%{count} 个域名购买成功，但未成功创建生命周期跟踪订单，请确认 Weline_Websites 已启用且一站式配置可用，或前往域名状态页使用「补建生命周期订单」补救。"
订单号,订单号
数量,数量
时间,时间
域名池,域名池
域名商管理,域名商管理
域名购买,域名购买
域名商账号管理,域名商账号管理
添加账号,添加账号
"暂无域名商账号，请点击""添加账号""配置域名服务商。","暂无域名商账号，请点击""添加账号""配置域名服务商。"
渠道,渠道
创建时间,创建时间
禁用,禁用
测试连接,测试连接
域名商账号配置,域名商账号配置
域名商渠道,域名商渠道
请选择域名商,请选择域名商
如：主账号、生产环境,如：主账号、生产环境
添加域名商账号,添加域名商账号
编辑域名商账号,编辑域名商账号
（不修改请留空）,（不修改请留空）
（留空不修改）,（留空不修改）
域名购买所需权限（批量购买前请核对）,域名购买所需权限（批量购买前请核对）
配置获取指南,配置获取指南
请填写必填字段,请填写必填字段
保存失败,保存失败
删除后无法恢复，确定要删除此账号吗？,删除后无法恢复，确定要删除此账号吗？
确定删除,确定删除
正在测试连接...,正在测试连接...
连接失败,连接失败
测试失败,测试失败
"共 %{1} 条","共 %{1} 条"
清理含非法字符的误同步池记录,清理含非法字符的误同步池记录
清理误同步池记录,清理误同步池记录
删除根域@未指向本机IP的A/AAAA，并清空该根下域名池,删除根域@未指向本机IP的A/AAAA，并清空该根下域名池
清理错误解析并移出池,清理错误解析并移出池
cron未安装，无法自动检查域名状态，请点击查看安装指南,cron未安装，无法自动检查域名状态，请点击查看安装指南
"域名池中的域名需通过定时任务定期检测解析状态、HTTPS 与建站就绪。请按以下步骤安装系统定时任务：","域名池中的域名需通过定时任务定期检测解析状态、HTTPS 与建站就绪。请按以下步骤安装系统定时任务："
在项目根目录执行命令：,在项目根目录执行命令：
"Linux / macOS","Linux / macOS"
"命令会在 crontab 中添加每分钟执行的任务，自动运行所有定时任务（含域名池解析检测）。","命令会在 crontab 中添加每分钟执行的任务，自动运行所有定时任务（含域名池解析检测）。"
Windows,Windows
命令会创建系统计划任务。若遇到权限问题，请以管理员身份运行，或在本地安全策略中赋予当前用户「作为批处理作业登录」权限。,命令会创建系统计划任务。若遇到权限问题，请以管理员身份运行，或在本地安全策略中赋予当前用户「作为批处理作业登录」权限。
安装完成后刷新本页面，将不再显示此提示。,安装完成后刷新本页面，将不再显示此提示。
"第 %{p} / %{t} 页，每页 %{n} 条，合计 %{total} 条","第 %{p} / %{t} 页，每页 %{n} 条，合计 %{total} 条"
暂无数据,暂无数据
流转,流转
域名池暂无数据,域名池暂无数据
"请先在「域名列表」中转存到域名池，或执行 DNS 查询/解析自动入池","请先在「域名列表」中转存到域名池，或执行 DNS 查询/解析自动入池"
解析中,解析中
时间线,时间线
页，每页,页，每页
条，合计,条，合计
"共 1 页","共 1 页"
确认,确认
试运行,试运行
开始试运行,开始试运行
试运行已完成。是否正式执行删除？此操作不可撤销。,试运行已完成。是否正式执行删除？此操作不可撤销。
正式执行？,正式执行？
"将列出含 [] 的非法池记录（不删除）。继续？","将列出含 [] 的非法池记录（不删除）。继续？"
"将检查根域 @ 的 A/AAAA 是否指向本机公网（橙云代理不删）。继续试运行？","将检查根域 @ 的 A/AAAA 是否指向本机公网（橙云代理不删）。继续试运行？"
暂无记录,暂无记录
流转记录,流转记录
网站功能授权,网站功能授权
返回网站管理,返回网站管理
"为非默认网站勾选可用菜单与 ACL。未授权的子站后台菜单为空。","为非默认网站勾选可用菜单与 ACL。未授权的子站后台菜单为空。"
代码,代码
已授权资源数,已授权资源数
暂无非默认网站,暂无非默认网站
授权,授权
编辑授权包,编辑授权包
网站功能授权配置,网站功能授权配置
"为子站设定可用菜单与 ACL 上限；进入该站后台仅能使用这些权限","为子站设定可用菜单与 ACL 上限；进入该站后台仅能使用这些权限"
目标网站,目标网站
编码,编码
已授权权限,已授权权限
权限总数,权限总数
权限分组,权限分组
授权进度,授权进度
展开,展开
折叠,折叠
菜单维度,菜单维度
标签维度,标签维度
取消标签会收回该路径下全部叶子权限；保存使用页面级共享权限集合，避免切换视图丢权。,取消标签会收回该路径下全部叶子权限；保存使用页面级共享权限集合，避免切换视图丢权。
标签权限树,标签权限树
勾选标签可整包授权；叶子也可单独勾选或取消,勾选标签可整包授权；叶子也可单独勾选或取消
标签,标签
权限列表,权限列表
勾选需要授予的权限，子权限会自动关联父权限,勾选需要授予的权限，子权限会自动关联父权限
返回列表,返回列表
保存授权包,保存授权包
"搜索权限名称、ID 或描述...","搜索权限名称、ID 或描述..."
所有模块,所有模块
搜索模块名称,搜索模块名称
按类型筛选,按类型筛选
所有类型,所有类型
展开所有,展开所有
折叠所有,折叠所有
任务,任务
运维,运维
菜单权限,菜单权限
接口权限,接口权限
访问权限,访问权限
菜单,菜单
保存中...,保存中...
找到,找到
个匹配权限,个匹配权限
未找到匹配的权限，请尝试其他关键词,未找到匹配的权限，请尝试其他关键词
已全选所有权限,已全选所有权限
已清空所有选择,已清空所有选择
筛选结果,筛选结果
个分组,个分组
项权限,项权限
一站式配置订单,一站式配置订单
配置订单,配置订单
搜索域名,搜索域名
重置,重置
订单ID,订单ID
当前步骤,当前步骤
错误信息,错误信息
"共 %{total} 条","共 %{total} 条"
返回工作台入口,返回工作台入口
返回入口,返回入口
"状态 JSON","状态 JSON"
打开预览,打开预览
本页只需完成这一件事,本页只需完成这一件事
选择页面并开始生成,选择页面并开始生成
生成中,生成中
正在生成虚拟主题与页面,正在生成虚拟主题与页面
进度会显示在下方，完成后页面会自动刷新。,进度会显示在下方，完成后页面会自动刷新。
当前阶段,当前阶段
"网站 ID","网站 ID"
Provider,Provider
域名购买进度,域名购买进度
目标域名,目标域名
流程订单,流程订单
展开域名阶段日志,展开域名阶段日志
暂无域名购买日志。,暂无域名购买日志。
预览站点,预览站点
虚拟主题可视化编辑,虚拟主题可视化编辑
在当前阶段可直接调整主题方向，并跳转可视化编辑工作区。,在当前阶段可直接调整主题方向，并跳转可视化编辑工作区。
"数据库主题 ID","数据库主题 ID"
虚拟主题名称,虚拟主题名称
主题风格方向,主题风格方向
主题色方案,主题色方案
主题编辑备注,主题编辑备注
页面类型（虚拟主题阶段可编辑）,页面类型（虚拟主题阶段可编辑）
高级布局与组件配置（开发者）,高级布局与组件配置（开发者）
当前编辑页面类型,当前编辑页面类型
"页面布局 JSON（数据库）","页面布局 JSON（数据库）"
"AI 组件模板（保存到虚拟主题）","AI 组件模板（保存到虚拟主题）"
保存虚拟主题到数据库,保存虚拟主题到数据库
保存当前页面布局,保存当前页面布局
"保存 AI 组件到虚拟主题","保存 AI 组件到虚拟主题"
打开可视化编辑器,打开可视化编辑器
新窗口查看预览,新窗口查看预览
当前还没有可预览地址，先完成前置步骤后会自动可用。,当前还没有可预览地址，先完成前置步骤后会自动可用。
确认页面类型并生成虚拟主题,确认页面类型并生成虚拟主题
请选择要生成的页面类型（默认全部选中），确认后将自动生成虚拟主题和页面布局。,请选择要生成的页面类型（默认全部选中），确认后将自动生成虚拟主题和页面布局。
生成后可在可视化编辑器中继续调整页面内容和布局。,生成后可在可视化编辑器中继续调整页面内容和布局。
确认并生成虚拟主题,确认并生成虚拟主题
站点简报,站点简报
"AI 推荐会根据这里的内容持续更新。","AI 推荐会根据这里的内容持续更新。"
站点标题,站点标题
一句话定位,一句话定位
购买服务商,购买服务商
"如果你不确定选谁，先让 AI 推荐，再点确认就行。","如果你不确定选谁，先让 AI 推荐，再点确认就行。"
工作区备注,工作区备注
详细需求,详细需求
"Header 和 Footer 默认固定，主要编辑和 AI 生成集中在主体内容区域。","Header 和 Footer 默认固定，主要编辑和 AI 生成集中在主体内容区域。"
保存简报,保存简报
刷新工作区,刷新工作区
补充说明,补充说明
写入工作区,写入工作区
还没有补充说明。,还没有补充说明。
"高级设置与原始 Scope","高级设置与原始 Scope"
手动切换阶段,手动切换阶段
更新阶段,更新阶段
"合并 Scope Patch","合并 Scope Patch"
"合并 Patch","合并 Patch"
"完整 Scope JSON","完整 Scope JSON"
"整体替换 Scope","整体替换 Scope"
"当前 Provider","当前 Provider"
当前推荐服务商,当前推荐服务商
还没有推荐，确认当前阶段建议后会自动补齐。,还没有推荐，确认当前阶段建议后会自动补齐。
快照状态,快照状态
当前还没有生成快照。,当前还没有生成快照。
"Handoff 入口","Handoff 入口"
"已按默认兼容规则生成 provider 入口。","已按默认兼容规则生成 provider 入口。"
当前阶段可用工具,当前阶段可用工具
当前阶段没有额外推荐工具。,当前阶段没有额外推荐工具。
打开,打开
应用,应用
"查看全部 Provider Tools","查看全部 Provider Tools"
"当前 provider 还没有声明额外工具。","当前 provider 还没有声明额外工具。"
实时事件流,实时事件流
连接事件流,连接事件流
查看最近事件,查看最近事件
暂无事件。,暂无事件。
最近工作区,最近工作区
暂无其他最近会话。,暂无其他最近会话。
请选择要生成的页面类型（默认全部选中），确认后开始生成虚拟主题。,请选择要生成的页面类型（默认全部选中），确认后开始生成虚拟主题。
确认并开始生成虚拟主题,确认并开始生成虚拟主题
选择要生成的页面类型,选择要生成的页面类型
确认生成,确认生成
可视化编辑器,可视化编辑器
新增页面类型,新增页面类型
工作区会话无效,工作区会话无效
购买进行中,购买进行中
重新执行,重新执行
等待生成,等待生成
需求与域名,需求与域名
确认建站目标、语言和域名。,确认建站目标、语言和域名。
页面与主题,页面与主题
选择页面类型并生成可编辑主题。,选择页面类型并生成可编辑主题。
预览与完成,预览与完成
检查页面效果，满意后完成交付。,检查页面效果，满意后完成交付。
下一步：确认信息并进入页面生成,下一步：确认信息并进入页面生成
域名已经准备完成。确认当前信息后，系统会带你选择页面类型并生成可编辑主题。,域名已经准备完成。确认当前信息后，系统会带你选择页面类型并生成可编辑主题。
确认并继续,确认并继续
下一步：完成域名准备,下一步：完成域名准备
先启动域名准备流程；完成后再进入页面生成。,先启动域名准备流程；完成后再进入页面生成。
下一步：检查并编辑生成结果,下一步：检查并编辑生成结果
主题和页面已生成，打开可视化编辑器检查内容与布局；需要时可返回本页调整。,主题和页面已生成，打开可视化编辑器检查内容与布局；需要时可返回本页调整。
下一步：确认页面方案,下一步：确认页面方案
确认页面类型和主题方向后，系统会自动生成虚拟主题与页面布局。,确认页面类型和主题方向后，系统会自动生成虚拟主题与页面布局。
下一步：预览并验收站点,下一步：预览并验收站点
打开预览检查首页、转化入口和联系信息；不满意可返回页面生成继续调整。,打开预览检查首页、转化入口和联系信息；不满意可返回页面生成继续调整。
打开站点预览,打开站点预览
当前任务：等待预览环境就绪,当前任务：等待预览环境就绪
域名或预览环境仍在准备中。你可以查看状态，或返回页面生成继续调整。,域名或预览环境仍在准备中。你可以查看状态，或返回页面生成继续调整。
查看域名准备状态,查看域名准备状态
建站流程进度,建站流程进度
待确认,待确认
待启动,待启动
准备启动域名购买,准备启动域名购买
阶段更新,阶段更新
返回上一步,返回上一步
"例如：简约科技 / 品牌信任感 / 高对比行动按钮","例如：简约科技 / 品牌信任感 / 高对比行动按钮"
组件名称,组件名称
站点可视化预览,站点可视化预览
"AI 当前推荐：%{label}","AI 当前推荐：%{label}"
例如：首页要更强调信任感和联系方式,例如：首页要更强调信任感和联系方式
最近快照更新时间：%{time},最近快照更新时间：%{time}
"Provider 兼容入口","Provider 兼容入口"
删除最近会话,删除最近会话
"Failed to apply recommendation","Failed to apply recommendation"
"Failed to update stage","Failed to update stage"
"Summary saved","Summary saved"
"Failed to save summary","Failed to save summary"
"AI recommendation applied","AI recommendation applied"
"Recommendation data is invalid","Recommendation data is invalid"
"Returned to previous stage","Returned to previous stage"
"Stage updated","Stage updated"
"Network error","Network error"
"Please enter a note first","Please enter a note first"
"Note saved to workspace","Note saved to workspace"
"Failed to save note","Failed to save note"
"Scope replaced","Scope replaced"
"Failed to replace scope","Failed to replace scope"
"Patch merged into scope","Patch merged into scope"
"Failed to merge patch","Failed to merge patch"
"Tool scope patch is invalid","Tool scope patch is invalid"
"Provider tool applied","Provider tool applied"
"Failed to apply provider tool","Failed to apply provider tool"
域名购买已排队,域名购买已排队
域名购买排队失败,域名购买排队失败
已自动开始域名购买，进度会持续刷新，你可以继续后续虚拟主题步骤。,已自动开始域名购买，进度会持续刷新，你可以继续后续虚拟主题步骤。
重新连接事件流,重新连接事件流
事件流已连接,事件流已连接
事件流已断开，正在重连...,事件流已断开，正在重连...
无法解析当前工作区会话，请刷新页面后重试。,无法解析当前工作区会话，请刷新页面后重试。
已排队,已排队
进行中,进行中
"切换 DNS","切换 DNS"
等待解析,等待解析
访问验证,访问验证
"切换 CDN","切换 CDN"
"申请 HTTPS","申请 HTTPS"
域名完备,域名完备
流程失败,流程失败
展开域名阶段日志（%{count}）,展开域名阶段日志（%{count}）
虚拟主题已保存到数据库,虚拟主题已保存到数据库
页面布局已保存,页面布局已保存
保存页面布局失败,保存页面布局失败
"AI 组件已保存并发布","AI 组件已保存并发布"
"保存 AI 组件失败","保存 AI 组件失败"
正在自动生成虚拟主题...,正在自动生成虚拟主题...
虚拟主题自动生成完成,虚拟主题自动生成完成
虚拟主题自动生成失败,虚拟主题自动生成失败
当前任务：等待主题生成完成,当前任务：等待主题生成完成
"AI 正在生成虚拟主题与页面布局，进度实时显示在下方。","AI 正在生成虚拟主题与页面布局，进度实时显示在下方。"
页面类型已保存，开始生成虚拟主题,页面类型已保存，开始生成虚拟主题
"AI 正在处理，请等待完成后再操作。","AI 正在处理，请等待完成后再操作。"
请至少选择一个页面类型,请至少选择一个页面类型
确认组件不可用，请刷新页面后重试。,确认组件不可用，请刷新页面后重试。
确定删除这条最近会话吗？,确定删除这条最近会话吗？
删除最近会话失败,删除最近会话失败
本地域名无需购买，已跳过购买流程。,本地域名无需购买，已跳过购买流程。
检测到本地域名，已自动跳过购买环节。,检测到本地域名，已自动跳过购买环节。
事件流已断开，请刷新页面重试。,事件流已断开，请刷新页面重试。
"页面 %{page_type} 生成完成","页面 %{page_type} 生成完成"
生成过程中发生错误,生成过程中发生错误
"AI 链接失败（402），已停止重试，请检查账户余额或密钥配置。","AI 链接失败（402），已停止重试，请检查账户余额或密钥配置。"
SSE连接已建立,SSE连接已建立
SSE连接异常，准备重连...,SSE连接异常，准备重连...
第%{count}次重连，等待%{delay}ms,第%{count}次重连，等待%{delay}ms
SSE重连次数超过限制，请刷新页面重试,SSE重连次数超过限制，请刷新页面重试
SSE连接超时，正在重新连接...,SSE连接超时，正在重新连接...
编辑器加载超时，正在重试%{count}/%{max}...,编辑器加载超时，正在重试%{count}/%{max}...
编辑器加载失败，请刷新页面重试,编辑器加载失败，请刷新页面重试
该页面尚未生成完成,该页面尚未生成完成
"先告诉 AI 你想做什么站，它会按 3 个阶段给出推荐。大多数时候，你只需要做几次确认。","先告诉 AI 你想做什么站，它会按 3 个阶段给出推荐。大多数时候，你只需要做几次确认。"
"AI 推荐页面方案","AI 推荐页面方案"
预览后完成,预览后完成
当前运行在本地演示模式，域名购买、解析和证书会用假数据模拟，但流程和交互保持一致。,当前运行在本地演示模式，域名购买、解析和证书会用假数据模拟，但流程和交互保持一致。
更像对话，不像配置台,更像对话，不像配置台
"只要先说清楚网站要做什么，AI 就会把域名、页面和上线顺序推荐出来。","只要先说清楚网站要做什么，AI 就会把域名、页面和上线顺序推荐出来。"
"如果你不确定选哪个流程，先从当前工作台开始。需要精修时，再切到对应 provider 的扩展能力。","如果你不确定选哪个流程，先从当前工作台开始。需要精修时，再切到对应 provider 的扩展能力。"
直接开始,直接开始
"先看 Provider 流程","先看 Provider 流程"
可恢复工作区,可恢复工作区
先保存成工作区，稍后继续也不会丢。,先保存成工作区，稍后继续也不会丢。
"工作区会保留当前 provider、阶段、推荐结果、补充消息和后续 handoff 信息。","工作区会保留当前 provider、阶段、推荐结果、补充消息和后续 handoff 信息。"
创建当前工作区,创建当前工作区
还没有历史工作区，创建后会显示在这里。,还没有历史工作区，创建后会显示在这里。
快速开始,快速开始
"默认先开 AI。你只需要描述建站目标，域名和服务商可以由 AI 先推荐。","默认先开 AI。你只需要描述建站目标，域名和服务商可以由 AI 先推荐。"
你想做什么网站,你想做什么网站
"先让 AI 推荐域名、服务商和页面方案","先让 AI 推荐域名、服务商和页面方案"
"模拟环境域名推荐（仅影响 AI 推荐域名）","模拟环境域名推荐（仅影响 AI 推荐域名）"
"AI 模式下可留空","AI 模式下可留空"
购买服务商账号,购买服务商账号
稍后再决定,稍后再决定
"推荐先开 AI，让系统先推荐域名和页面方案，再决定是否进入 provider 的扩展流程。","推荐先开 AI，让系统先推荐域名和页面方案，再决定是否进入 provider 的扩展流程。"
开始建站,开始建站
先保存成工作区,先保存成工作区
执行日志,执行日志
"这里会实时显示 AI 推荐、工具执行和建站进度。","这里会实时显示 AI 推荐、工具执行和建站进度。"
"已接入的 AI 建站流程","已接入的 AI 建站流程"
"同一个工作台入口，不同 provider 可以扩展自己的专属流程和工具。","同一个工作台入口，不同 provider 可以扩展自己的专属流程和工具。"
例如：做一个面向海外客户的品牌站，需要首页、产品页、FAQ、联系我们和订阅入口,例如：做一个面向海外客户的品牌站，需要首页、产品页、FAQ、联系我们和订阅入口
"AI 可为你推荐。","AI 可为你推荐。"
可选（用于快速开始）。如需实时可用性检测则必须选择。,可选（用于快速开始）。如需实时可用性检测则必须选择。
"关闭 AI 后请手动确认。","关闭 AI 后请手动确认。"
"关闭 AI 后请先选择服务商账号。","关闭 AI 后请先选择服务商账号。"
"AI 会先推荐域名、服务商和页面方案，你只需确认结果。","AI 会先推荐域名、服务商和页面方案，你只需确认结果。"
手动模式会保留同样的引导流程，但关键信息需要你自行填写。,手动模式会保留同样的引导流程，但关键信息需要你自行填写。
当前无法创建工作区。,当前无法创建工作区。
网络请求失败，请重试。,网络请求失败，请重试。
终端仍在加载中，请稍后重试。,终端仍在加载中，请稍后重试。
请先选择服务商账号。,请先选择服务商账号。
请先描述建站目标，或先提供一个域名。,请先描述建站目标，或先提供一个域名。
"AI 进行实时可用性检测前，请先选择服务商账号。","AI 进行实时可用性检测前，请先选择服务商账号。"
"AI 正在使用所选服务商检测实时可用性...","AI 正在使用所选服务商检测实时可用性..."
你已手动修改域名；如需最新检测结果，请重新推荐。,你已手动修改域名；如需最新检测结果，请重新推荐。
服务商已变更，请重新推荐以重新检测可用性。,服务商已变更，请重新推荐以重新检测可用性。
暂未找到可用域名，请尝试更换简报或偏好域名。,暂未找到可用域名，请尝试更换简报或偏好域名。
请先选择服务商账号，再检测手填域名可用性。,请先选择服务商账号，再检测手填域名可用性。
正在检测当前域名可用性...,正在检测当前域名可用性...
"域名 %{1} 当前可用，可继续建站。","域名 %{1} 当前可用，可继续建站。"
"域名 %{1} 当前不可用，请更换后重试。","域名 %{1} 当前不可用，请更换后重试。"
开始建站前需要选择服务商账号，以完成域名可用性检查。,开始建站前需要选择服务商账号，以完成域名可用性检查。
开始建站前域名可用性检查未通过，请调整后重试。,开始建站前域名可用性检查未通过，请调整后重试。
"模拟环境已开启，已推荐域名 %{1}","模拟环境已开启，已推荐域名 %{1}"
已检测,已检测
"正在准备 AI 引导建站流程...","正在准备 AI 引导建站流程..."
连接中...,连接中...
已连接,已连接
已断开,已断开
连接失败，请重试。,连接失败，请重试。
"AI 规划完成，正在进入虚拟主题编辑...","AI 规划完成，正在进入虚拟主题编辑..."
规划已完成，请手动点击“先保存成工作区”进入下一步。,规划已完成，请手动点击“先保存成工作区”进入下一步。
将自动开始域名购买并展示进度（不阻塞后续虚拟主题流程）。,将自动开始域名购买并展示进度（不阻塞后续虚拟主题流程）。
提示,提示
开启维护模式后，前台将显示维护页面，但后台仍可正常访问。,开启维护模式后，前台将显示维护页面，但后台仍可正常访问。
网站ID,网站ID
维护模式,维护模式
暂无网站,暂无网站
维护中,维护中
关闭维护模式,关闭维护模式
开启维护模式,开启维护模式
更新失败,更新失败
完整备份包含,完整备份包含
"站点基础资料、所有 website_id 关联数据、可定位的站点媒体/静态文件、manifest 元信息和 SHA-256 校验清单。","站点基础资料、所有 website_id 关联数据、可定位的站点媒体/静态文件、manifest 元信息和 SHA-256 校验清单。"
备份范围,备份范围
站点资料,站点资料
"网站名称、代码、URL、默认语言、默认货币、时区和默认站点 ID。","网站名称、代码、URL、默认语言、默认货币、时区和默认站点 ID。"
站点数据,站点数据
"自动导出所有带 website_id 字段的数据表记录，包含域名、语言、货币、CMS、SEO、主题等站点级数据。","自动导出所有带 website_id 字段的数据表记录，包含域名、语言、货币、CMS、SEO、主题等站点级数据。"
关联文件,关联文件
"归档站点记录中引用的媒体、source、sitemap、PageBuilder 与导出文件，并记录缺失文件。","归档站点记录中引用的媒体、source、sitemap、PageBuilder 与导出文件，并记录缺失文件。"
审计清单,审计清单
"每个归档包含 manifest.json、database/*.json、files/* 和 checksums.json，便于恢复前审计。","每个归档包含 manifest.json、database/*.json、files/* 和 checksums.json，便于恢复前审计。"
选择网站,选择网站
请选择网站,请选择网站
备份类型,备份类型
创建备份,创建备份
备份列表,备份列表
备份文件,备份文件
内容,内容
大小,大小
表,表
行,行
文件,文件
缺失,缺失
下载,下载
暂无备份文件,暂无备份文件
选择网站和备份类型后即可生成第一份可下载归档。,选择网站和备份类型后即可生成第一份可下载归档。
完整备份,完整备份
仅站点数据,仅站点数据
仅关联文件,仅关联文件
正在创建...,正在创建...
创建备份失败,创建备份失败
确定要删除这个备份吗？删除后无法从列表恢复。,确定要删除这个备份吗？删除后无法从列表恢复。
删除备份失败,删除备份失败
后台请求组件不可用，请刷新页面后重试。,后台请求组件不可用，请刷新页面后重试。
"Website Scope 管理工作台","Website Scope 管理工作台"
切换网站,切换网站
商店代码,商店代码
商店名称,商店名称
模式,模式
"独立 URL","独立 URL"
所属商店,所属商店
请选择商店,请选择商店
渠道代码,渠道代码
渠道名称,渠道名称
AI建站域名准备队列,AI建站域名准备队列
"域名准备与 AI Plan/Build 并行；域名未完成时只阻断 Publish。","域名准备与 AI Plan/Build 并行；域名未完成时只阻断 Publish。"
"域名准备队列缺少请求 ID 或执行令牌。","域名准备队列缺少请求 ID 或执行令牌。"
域名准备请求不存在、已失败或执行令牌无效。,域名准备请求不存在、已失败或执行令牌无效。
域名准备完成。,域名准备完成。
"域名准备进程异常退出，Scheduler 将自动恢复（第 %{1}/%{2} 次）。","域名准备进程异常退出，Scheduler 将自动恢复（第 %{1}/%{2} 次）。"
"等待 macOS 管理员批准 %{1} 的 hosts 配置；Scheduler 将自动复检。","等待 macOS 管理员批准 %{1} 的 hosts 配置；Scheduler 将自动复检。"
域名注册REST接口,域名注册REST接口
"Websites 域名注册 REST V1 接口","Websites 域名注册 REST V1 接口"
"REST 添加：%{1}","REST 添加：%{1}"
域名池REST接口,域名池REST接口
"Websites 域名池 REST V1 接口","Websites 域名池 REST V1 接口"
域名池列表,域名池列表
新增域名池,新增域名池
删除域名池,删除域名池
编排REST接口,编排REST接口
"Websites 编排 REST V1 接口","Websites 编排 REST V1 接口"
启动编排,启动编排
查询编排状态,查询编排状态
"无法获取本机公网 IPv4，请在 env 中配置 server.public_ip 或确保网络可访问外网 IP 检测接口","无法获取本机公网 IPv4，请在 env 中配置 server.public_ip 或确保网络可访问外网 IP 检测接口"
"店铺代码在同一 Website 下不唯一","店铺代码在同一 Website 下不唯一"
"店铺 ID","店铺 ID"
"店铺 ID 不唯一","店铺 ID 不唯一"
"同一 Website 存在多个默认店铺","同一 Website 存在多个默认店铺"
"code=default 的店铺缺少默认标记","code=default 的店铺缺少默认标记"
店铺目录查询结果必须是数组,店铺目录查询结果必须是数组
店铺目录包含非法数据行,店铺目录包含非法数据行
"店铺 %{1} 的 Website ID 与查询范围不一致","店铺 %{1} 的 Website ID 与查询范围不一致"
"店铺 %{1} 的代码不是规范值","店铺 %{1} 的代码不是规范值"
"店铺 %{1} 缺少名称","店铺 %{1} 缺少名称"
"店铺 %{1} 的模式无效：%{2}","店铺 %{1} 的模式无效：%{2}"
"店铺 %{1} 的生命周期状态无效：%{2}","店铺 %{1} 的生命周期状态无效：%{2}"
店铺目录数据缺少字段：%{1},店铺目录数据缺少字段：%{1}
"店铺 %{1} 的墓碑时间字段无效","店铺 %{1} 的墓碑时间字段无效"
"活动店铺 %{1} 不允许存在墓碑时间","活动店铺 %{1} 不允许存在墓碑时间"
"墓碑店铺 %{1} 必须处于停用状态","墓碑店铺 %{1} 必须处于停用状态"
"店铺目录存在重复 ID：%{1}","店铺目录存在重复 ID：%{1}"
"Website %{1} 的店铺代码重复：%{2}","Website %{1} 的店铺代码重复：%{2}"
"Website %{1} 存在多个默认店铺","Website %{1} 存在多个默认店铺"
"店铺 %{1} 的 default 代码与默认标记不一致","店铺 %{1} 的 default 代码与默认标记不一致"
"Website %{1} 的默认店铺不允许进入墓碑生命周期","Website %{1} 的默认店铺不允许进入墓碑生命周期"
"Website %{1} 的默认店铺必须为 normal 且启用","Website %{1} 的默认店铺必须为 normal 且启用"
"店铺 %{1} 缺少 URL 字段","店铺 %{1} 缺少 URL 字段"
"店铺 %{1} 的 URL 字段无效","店铺 %{1} 的 URL 字段无效"
"店铺目录字段 %{1} 超出整数范围","店铺目录字段 %{1} 超出整数范围"
"店铺目录字段 %{1} 必须是规范整数","店铺目录字段 %{1} 必须是规范整数"
"店铺目录字段 %{1} 必须大于或等于 %{2}","店铺目录字段 %{1} 必须大于或等于 %{2}"
"店铺目录字段 %{1} 不能大于 %{2}","店铺目录字段 %{1} 不能大于 %{2}"
"店铺目录字段 %{1} 必须是字符串","店铺目录字段 %{1} 必须是字符串"
"店铺目录字段 %{1} 只能是 0 或 1","店铺目录字段 %{1} 只能是 0 或 1"
"墓碑店铺 %{1} 缺少有效 UTC 墓碑时间","墓碑店铺 %{1} 缺少有效 UTC 墓碑时间"
"Website ID 不能为负数","Website ID 不能为负数"
"Website ID 不能大于 %{1}","Website ID 不能大于 %{1}"
"%{1} 不能大于 %{2}","%{1} 不能大于 %{2}"
"店铺目录引用了不存在的父 Website：%{1}","店铺目录引用了不存在的父 Website：%{1}"
"父 Website ID 与店铺目录查询范围不一致：%{1}","父 Website ID 与店铺目录查询范围不一致：%{1}"
默认站无需跨站直进,默认站无需跨站直进
请先登录主站后台,请先登录主站后台
仅主站后台可发起子站直进,仅主站后台可发起子站直进
该站尚未配置功能授权，无法直进后台,该站尚未配置功能授权，无法直进后台
当前账号不能从主站直进子站后台,当前账号不能从主站直进子站后台
无法签发直进令牌,无法签发直进令牌
该站尚未绑定可访问域名,该站尚未绑定可访问域名
子站后台入口无效,子站后台入口无效
无法构造子站直进消费地址,无法构造子站直进消费地址
直进令牌无效,直进令牌无效
直进令牌已失效，请从主站重新进入,直进令牌已失效，请从主站重新进入
直进令牌数据损坏,直进令牌数据损坏
直进令牌与当前站点不匹配,直进令牌与当前站点不匹配
该站授权已收回，无法进入后台,该站授权已收回，无法进入后台
管理员不存在,管理员不存在
您的账户尚未分配角色，无法登录后台,您的账户尚未分配角色，无法登录后台
"Domain %{1} uses the .localhost loopback suffix and does not need hosts injection","Domain %{1} uses the .localhost loopback suffix and does not need hosts injection"
"Only managed local WLS domains are allowed for automatic hosts injection","Only managed local WLS domains are allowed for automatic hosts injection"
"Weline Server is required for automatic hosts injection","Weline Server is required for automatic hosts injection"
"从根域名 %{1} 自动生成","从根域名 %{1} 自动生成"
域名入池：%{1},域名入池：%{1}
子域名不能为空,子域名不能为空
找不到根域名,找不到根域名
"域名 %{1} 已存在于域名池","域名 %{1} 已存在于域名池"
"子域名 %{1} 已添加到域名池","子域名 %{1} 已添加到域名池"
访问正常,访问正常
"HTTPS/TLS 探测失败，HTTP 可访问（站点 HTTPS 是否启用以 SSL 证书管理为准）","HTTPS/TLS 探测失败，HTTP 可访问（站点 HTTPS 是否启用以 SSL 证书管理为准）"
"HTTP %{1}","HTTP %{1}"
"Reusing existing %{1} wildcard certificate","Reusing existing %{1} wildcard certificate"
"Failed to ensure %{1} wildcard certificate","Failed to ensure %{1} wildcard certificate"
"阶段：已建站 (site_live)","阶段：已建站 (site_live)"
渠道代码在同一店铺下不唯一,渠道代码在同一店铺下不唯一
"销售渠道 ID","销售渠道 ID"
"渠道 ID 不唯一","渠道 ID 不唯一"
同一店铺存在多个默认渠道,同一店铺存在多个默认渠道
"code=default 的渠道缺少默认标记","code=default 的渠道缺少默认标记"
销售渠道目录查询结果必须是数组,销售渠道目录查询结果必须是数组
销售渠道目录包含非法数据行,销售渠道目录包含非法数据行
"销售渠道 %{1} 的店铺 ID 与查询范围不一致","销售渠道 %{1} 的店铺 ID 与查询范围不一致"
"销售渠道 %{1} 与父店铺的 Website 归属不一致","销售渠道 %{1} 与父店铺的 Website 归属不一致"
"销售渠道 %{1} 的代码不是规范值","销售渠道 %{1} 的代码不是规范值"
"销售渠道 %{1} 缺少名称","销售渠道 %{1} 缺少名称"
"销售渠道 %{1} 的父店铺生命周期状态无效","销售渠道 %{1} 的父店铺生命周期状态无效"
"销售渠道目录存在重复 ID：%{1}","销售渠道目录存在重复 ID：%{1}"
"店铺 %{1} 的销售渠道代码重复：%{2}","店铺 %{1} 的销售渠道代码重复：%{2}"
"店铺 %{1} 存在多个默认销售渠道","店铺 %{1} 存在多个默认销售渠道"
"销售渠道 %{1} 的 default 代码与默认标记不一致","销售渠道 %{1} 的 default 代码与默认标记不一致"
"店铺 %{1} 的默认销售渠道必须启用","店铺 %{1} 的默认销售渠道必须启用"
销售渠道引用了不存在的父店铺：%{1},销售渠道引用了不存在的父店铺：%{1}
"父店铺 ID 与销售渠道查询范围不一致：%{1}","父店铺 ID 与销售渠道查询范围不一致：%{1}"
销售渠道目录数据缺少字段：%{1},销售渠道目录数据缺少字段：%{1}
"销售渠道目录字段 %{1} 超出整数范围","销售渠道目录字段 %{1} 超出整数范围"
"销售渠道目录字段 %{1} 必须是规范整数","销售渠道目录字段 %{1} 必须是规范整数"
"销售渠道目录字段 %{1} 必须大于或等于 %{2}","销售渠道目录字段 %{1} 必须大于或等于 %{2}"
"销售渠道目录字段 %{1} 不能大于 %{2}","销售渠道目录字段 %{1} 不能大于 %{2}"
"销售渠道目录字段 %{1} 必须是字符串","销售渠道目录字段 %{1} 必须是字符串"
"销售渠道目录字段 %{1} 只能是 0 或 1","销售渠道目录字段 %{1} 只能是 0 或 1"
"Websites 配置查询不支持的操作：%{1}","Websites 配置查询不支持的操作：%{1}"
启动配置流程：购买域名,启动配置流程：购买域名
"域名商账号 ID","域名商账号 ID"
"购买年限，默认 1","购买年限，默认 1"
"是否自动创建站点 yes/no","是否自动创建站点 yes/no"
"DNS 账户 ID","DNS 账户 ID"
"CDN 供应商","CDN 供应商"
"CDN 账户 ID","CDN 账户 ID"
"是否申请 SSL 证书","是否申请 SSL 证书"
为已购买域名启动生命周期编排,为已购买域名启动生命周期编排
是否自动解析到本服务器,是否自动解析到本服务器
子域名列表,子域名列表
获取配置订单详情,获取配置订单详情
"订单 ID","订单 ID"
根据域名获取配置订单,根据域名获取配置订单
按根域名获取生命周期状态详情,按根域名获取生命周期状态详情
根域名,根域名
获取配置订单列表,获取配置订单列表
按域名模糊过滤,按域名模糊过滤
页码,页码
每页数量,每页数量
推进生命周期订单到下一状态,推进生命周期订单到下一状态
"执行 DNS 绑定步骤","执行 DNS 绑定步骤"
"执行 CDN 绑定步骤","执行 CDN 绑定步骤"
"执行 SSL 证书申请步骤","执行 SSL 证书申请步骤"
"切换域名 NS 到 CDN 供应商","切换域名 NS 到 CDN 供应商"
"NS 列表","NS 列表"
获取订单的步骤记录,获取订单的步骤记录
"获取当前服务器公网 IP","获取当前服务器公网 IP"
"域名和域名商账号 ID 不能为空","域名和域名商账号 ID 不能为空"
"订单 ID 无效","订单 ID 无效"
"订单 ID 和 NS 列表不能为空","订单 ID 和 NS 列表不能为空"
"从 ExtendsData 扫描域名商适配器失败:","从 ExtendsData 扫描域名商适配器失败:"
"加载域名商适配器失败: %{file}, 错误: %{error}","加载域名商适配器失败: %{file}, 错误: %{error}"
"根域状态自我纠正：%{1} 已标为正常（存在可建站子域）","根域状态自我纠正：%{1} 已标为正常（存在可建站子域）"
根域字段已从子域回填：%{1}（子域均可建站）,根域字段已从子域回填：%{1}（子域均可建站）
"阿里云域名 API HTTP %{code}：%{body}","阿里云域名 API HTTP %{code}：%{body}"
"阿里云 API 返回异常：%{1}","阿里云 API 返回异常：%{1}"
AI建站域名准备,AI建站域名准备
店铺代码和名称不能为空,店铺代码和名称不能为空
店铺代码已存在：%{1},店铺代码已存在：%{1}
店铺写入后无法通过目录回读,店铺写入后无法通过目录回读
"销售渠道所属店铺不存在或 Website 不匹配","销售渠道所属店铺不存在或 Website 不匹配"
销售渠道代码和名称不能为空,销售渠道代码和名称不能为空
销售渠道代码已存在：%{1},销售渠道代码已存在：%{1}
销售渠道写入后无法通过目录回读,销售渠道写入后无法通过目录回读
"website_id 不能为负","website_id 不能为负"
开发环境模拟证书已签发：%{domain},开发环境模拟证书已签发：%{domain}
删除店铺前必须加载明确的店铺记录,删除店铺前必须加载明确的店铺记录
"删除店铺前必须提供有效店铺 ID","删除店铺前必须提供有效店铺 ID"
"Store 缺少可验证的 website_id","Store 缺少可验证的 website_id"
"店铺父 Website 在墓碑锁定期间发生变化","店铺父 Website 在墓碑锁定期间发生变化"
店铺墓碑更新发生并发冲突,店铺墓碑更新发生并发冲突
要删除的店铺不存在,要删除的店铺不存在
店铺墓碑回读身份不一致,店铺墓碑回读身份不一致
默认店铺不允许删除,默认店铺不允许删除
店铺墓碑状态不完整,店铺墓碑状态不完整
"Store 引用了非法 website_id","Store 引用了非法 website_id"
"无法为店铺墓碑解析所属 Website","无法为店铺墓碑解析所属 Website"
"无法为店铺墓碑解析 Website code","无法为店铺墓碑解析 Website code"
"HTTP 可访问（%{1} 重定向）","HTTP 可访问（%{1} 重定向）"
"HTTP 可访问（%{1}）","HTTP 可访问（%{1}）"
"HTTPS 可连通（未校验证书，%{1} 重定向）","HTTPS 可连通（未校验证书，%{1} 重定向）"
"HTTPS 可连通（未校验证书，%{1}）","HTTPS 可连通（未校验证书，%{1}）"
无法连接,无法连接
"curl 初始化失败","curl 初始化失败"
"Scope Kernel 切流三元组无效","Scope Kernel 切流三元组无效"
"Scope Kernel 切流店铺模式无效","Scope Kernel 切流店铺模式无效"
"Scope Kernel 首次 allowlist 切流仅允许 dev/test 店铺","Scope Kernel 首次 allowlist 切流仅允许 dev/test 店铺"
"Scope Kernel 切流配置暂不可用","Scope Kernel 切流配置暂不可用"
"Scope Token 请求协议无效","Scope Token 请求协议无效"
"Scope Token allowlist/on 切流仅允许 HTTPS","Scope Token allowlist/on 切流仅允许 HTTPS"
"Scope Kernel 切流配置无效：%{1}","Scope Kernel 切流配置无效：%{1}"
站点绑定请求不存在。,站点绑定请求不存在。
站点绑定执行令牌不匹配。,站点绑定执行令牌不匹配。
购买结果已存在，但域名没有绑定到站点；为避免重复扣费，请先核对域名订单。,购买结果已存在，但域名没有绑定到站点；为避免重复扣费，请先核对域名订单。
"等待 macOS 管理员批准 hosts 配置已超时；请确认系统弹窗后再明确重试。","等待 macOS 管理员批准 hosts 配置已超时；请确认系统弹窗后再明确重试。"
正在准备域名并绑定站点。,正在准备域名并绑定站点。
"正在等待 macOS 管理员批准本地域名 hosts 配置。","正在等待 macOS 管理员批准本地域名 hosts 配置。"
域名准备完成，但没有找到有效的站点绑定记录。,域名准备完成，但没有找到有效的站点绑定记录。
域名准备与站点绑定完成。,域名准备与站点绑定完成。
域名准备失败：%{1},域名准备失败：%{1}
准备中,准备中
"DNS 解析中","DNS 解析中"
验证中,验证中
"SSL 证书中","SSL 证书中"
"CDN 部署中","CDN 部署中"
等待中,等待中
排队中,排队中
"Starting plan generation","Starting plan generation"
"Plan generation completed","Plan generation completed"
请先输入一句话需求,请先输入一句话需求
润色完成,润色完成
润色失败：模型未返回内容（思考链可能占满输出额度，请重试）,润色失败：模型未返回内容（思考链可能占满输出额度，请重试）
润色失败：%{1},润色失败：%{1}
"Local demo mode: building a deterministic site plan...","Local demo mode: building a deterministic site plan..."
"Local demo landing site for %{title}","Local demo landing site for %{title}"
"Trustworthy, conversion-focused, modern","Trustworthy, conversion-focused, modern"
"Clean cards, soft shadows, mobile-first","Clean cards, soft shadows, mobile-first"
"official site","official site"
download,download
"No reference URLs provided.","No reference URLs provided."
"References: %{list}","References: %{list}"
"Prefer a short brandable domain; local .weline.test is fine for demo.","Prefer a short brandable domain; local .weline.test is fine for demo."
"Demo plan generated in local fake mode","Demo plan generated in local fake mode"
"AI service is not available for plan generation","AI service is not available for plan generation"
"AI plan generation failed: %{message}","AI plan generation failed: %{message}"
已接入,已接入
查看此流程,查看此流程
"已为你创建一个可恢复的 AI 建站工作区。你可以先整理需求、阶段与 scope，再按当前 provider 继续推进。","已为你创建一个可恢复的 AI 建站工作区。你可以先整理需求、阶段与 scope，再按当前 provider 继续推进。"
"未找到 provider 描述，当前按兼容模式展示。","未找到 provider 描述，当前按兼容模式展示。"
兼容模式,兼容模式
"已为你创建兼容模式工作区。后续可继续补充 scope 并接入更完整的 provider 配置。","已为你创建兼容模式工作区。后续可继续补充 scope 并接入更完整的 provider 配置。"
"兼容 provider","兼容 provider"
"先让 AI 理清需求、推荐域名和购买服务商，你只需要做确认。","先让 AI 理清需求、推荐域名和购买服务商，你只需要做确认。"
"AI 会先给你一份建站简报、域名和服务商建议，确认后再进入页面生成。","AI 会先给你一份建站简报、域名和服务商建议，确认后再进入页面生成。"
确认基础方案，进入页面生成,确认基础方案，进入页面生成
简单描述你要做什么站,简单描述你要做什么站
"AI 推荐域名和购买服务商","AI 推荐域名和购买服务商"
先定页面类型，再定主题方向，再生成内容，尽量做到少点几次就能继续。,先定页面类型，再定主题方向，再生成内容，尽量做到少点几次就能继续。
"AI 页面建议","AI 页面建议"
"AI 会先给出默认页面结构、主题方向和关键内容组件，你只需要决定是否采用。","AI 会先给出默认页面结构、主题方向和关键内容组件，你只需要决定是否采用。"
确认页面方案，进入完成,确认页面方案，进入完成
"默认页面类型先由 AI 推荐","默认页面类型先由 AI 推荐"
"可直接用 AI 推荐主题，或换成已有模板","可直接用 AI 推荐主题，或换成已有模板"
"Header / Footer 固定，主体内容支持 AI 生成","Header / Footer 固定，主体内容支持 AI 生成"
等待域名和证书等准备就绪，然后预览、回退或继续交付。,等待域名和证书等准备就绪，然后预览、回退或继续交付。
"AI 检查建议","AI 检查建议"
"AI 建议先预览首页和关键转化页，再决定是否回到上一阶段调整。","AI 建议先预览首页和关键转化页，再决定是否回到上一阶段调整。"
等待域名购买、解析、证书生成到可用,等待域名购买、解析、证书生成到可用
可以直接预览,可以直接预览
不满意时可一键回退,不满意时可一键回退
当前环境未启用主题模块，无法保存虚拟主题,当前环境未启用主题模块，无法保存虚拟主题
无法保存虚拟主题,无法保存虚拟主题
页面类型不能为空,页面类型不能为空
无法加载虚拟主题,无法加载虚拟主题
页面类型布局已保存到数据库虚拟主题,页面类型布局已保存到数据库虚拟主题
请先保存虚拟主题，再保存组件,请先保存虚拟主题，再保存组件
"主题 AI 草稿服务不可用","主题 AI 草稿服务不可用"
组件模板内容不能为空,组件模板内容不能为空
"AI 组件已保存并发布到虚拟主题","AI 组件已保存并发布到虚拟主题"
"admin_user_id must be greater than 0","admin_user_id must be greater than 0"
"Invalid local pool id","Invalid local pool id"
"The selected local pool domain is no longer available","The selected local pool domain is no longer available"
"Reserved local domain: %{domain}","Reserved local domain: %{domain}"
域名购买已排队，等待启动,域名购买已排队，等待启动
域名购买流程进行中,域名购买流程进行中
域名购买与域名接入已完成,域名购买与域名接入已完成
域名购买流程失败,域名购买流程失败
工作区会话不存在或无权限,工作区会话不存在或无权限
请先填写有效的目标域名,请先填写有效的目标域名
请先选择域名购买服务商账号,请先选择域名购买服务商账号
域名购买流程已在后台运行,域名购买流程已在后台运行
当前域名购买流程已完成,当前域名购买流程已完成
域名购买已排队，正在尝试恢复执行,域名购买已排队，正在尝试恢复执行
"已排队购买 %{domain}，后台流程即将启动","已排队购买 %{domain}，后台流程即将启动"
本地模拟已开启：已跳过真实域名商流程并标记为完成,本地模拟已开启：已跳过真实域名商流程并标记为完成
域名购买长连接已启动,域名购买长连接已启动
域名购买执行令牌已过期，请重新发起购买,域名购买执行令牌已过期，请重新发起购买
"开始购买域名 %{domain}","开始购买域名 %{domain}"
"Local demo: simulated domain purchase and bootstrap resources","Local demo: simulated domain purchase and bootstrap resources"
"Local demo: waiting for simulated DNS propagation","Local demo: waiting for simulated DNS propagation"
"Local demo: simulated DNS resolution and certificate issuance","Local demo: simulated DNS resolution and certificate issuance"
"Local demo: domain purchase flow completed","Local demo: domain purchase flow completed"
正在提交域名购买请求,正在提交域名购买请求
域名购买失败,域名购买失败
"域名购买成功，正在推进 DNS 与证书流程","域名购买成功，正在推进 DNS 与证书流程"
生命周期订单创建失败,生命周期订单创建失败
生命周期订单已建立，正在持续推进域名接入,生命周期订单已建立，正在持续推进域名接入
域名生命周期推进失败,域名生命周期推进失败
域名购买流程等待超时，请稍后在工作台继续查看进度,域名购买流程等待超时，请稍后在工作台继续查看进度
域名已提交购买，等待同步到本地,域名已提交购买，等待同步到本地
"域名已购买，正在切换 DNS","域名已购买，正在切换 DNS"
"DNS 已切换，等待解析生效到当前服务器","DNS 已切换，等待解析生效到当前服务器"
解析已生效，正在验证域名可访问性,解析已生效，正在验证域名可访问性
"访问验证已通过，正在切换 CDN","访问验证已通过，正在切换 CDN"
"访问验证已通过，正在申请 HTTPS 证书","访问验证已通过，正在申请 HTTPS 证书"
域名购买、解析与证书流程已完成,域名购买、解析与证书流程已完成
域名接入流程失败,域名接入流程失败
域名接入流程进行中,域名接入流程进行中
"未知 Site Builder 工作台命令：%{1}","未知 Site Builder 工作台命令：%{1}"
"Site Builder 工作台不接受通用传输参数","Site Builder 工作台不接受通用传输参数"
"Site Builder 工作台操作失败","Site Builder 工作台操作失败"
方案修订参数无效,方案修订参数无效
请先填写建站需求或参考地址,请先填写建站需求或参考地址
方案草稿不存在,方案草稿不存在
开始生成方案,开始生成方案
方案未能持久化,方案未能持久化
请先生成方案,请先生成方案
方案已确认,方案已确认
本地域名池参数无效,本地域名池参数无效
域名选择参数无效,域名选择参数无效
域名已保存,域名已保存
请先确认方案并选择域名,请先确认方案并选择域名
工作区会话已创建,工作区会话已创建
已生成本地域名建议,已生成本地域名建议
请填写域名,请填写域名
测试域名可用,测试域名可用
域名可用性检查失败,域名可用性检查失败
会话不存在或无权限,会话不存在或无权限
保存工作区范围失败,保存工作区范围失败
阶段参数无效,阶段参数无效
消息参数无效,消息参数无效
虚拟主题已生成,虚拟主题已生成
虚拟主题生成失败,虚拟主题生成失败
"provider_code 不能为空","provider_code 不能为空"
"admin_user_id 必须大于 0","admin_user_id 必须大于 0"
"本地测试域名必须是单标签 *.weline.test。","本地测试域名必须是单标签 *.weline.test。"
没有可检查的本地测试域名。,没有可检查的本地测试域名。
已找到可直接启动建站的本地测试域名。,已找到可直接启动建站的本地测试域名。
本地候选域名尚未完成解析与证书准备。,本地候选域名尚未完成解析与证书准备。
"准备本地域名需要明确确认后再写入 hosts / 证书。","准备本地域名需要明确确认后再写入 hosts / 证书。"
"正在等待 macOS 管理员批准精确 hosts 映射。","正在等待 macOS 管理员批准精确 hosts 映射。"
"本机 hosts 自动写入失败；可点击协助处理或由管理员手动准备。","本机 hosts 自动写入失败；可点击协助处理或由管理员手动准备。"
请在本机终端执行：%{command},请在本机终端执行：%{command}
"本地通配证书自动准备失败；请确认 WLS 已启动后点击协助处理。","本地通配证书自动准备失败；请确认 WLS 已启动后点击协助处理。"
"本地域名已自动完成 hosts 与证书准备，可以启动 AI 建站。","本地域名已自动完成 hosts 与证书准备，可以启动 AI 建站。"
已尝试自动准备，但系统复检仍未通过；请点击协助处理。,已尝试自动准备，但系统复检仍未通过；请点击协助处理。
本地测试域名尚未通过系统解析。,本地测试域名尚未通过系统解析。
本地测试域名解析到了非回环地址，已阻止启动。,本地测试域名解析到了非回环地址，已阻止启动。
"本地 *.weline.test 通配证书未激活或已过期。","本地 *.weline.test 通配证书未激活或已过期。"
本地测试域名解析与通配证书均已就绪。,本地测试域名解析与通配证书均已就绪。
已入池,已入池
入池,入池
解析,解析
"已解析到 IP","已解析到 IP"
等待解析检测,等待解析检测
源站,源站
记录指向本机源站,记录指向本机源站
"未指向本机或 CDN 边缘","未指向本机或 CDN 边缘"
证书,证书
"正在向 CA 申请","正在向 CA 申请"
待申请,待申请
可创建站点,可创建站点
需证书有效等条件,需证书有效等条件
已绑定站点,已绑定站点
尚未绑定站点,尚未绑定站点
不支持的备份类型：%{1},不支持的备份类型：%{1}
"此归档用于站点级数据和文件审计备份；恢复前应先在测试环境校验 manifest、表清单和文件校验值。","此归档用于站点级数据和文件审计备份；恢复前应先在测试环境校验 manifest、表清单和文件校验值。"
无法创建网站备份归档。,无法创建网站备份归档。
无法写入备份文件：%{1},无法写入备份文件：%{1}
无法写入备份内容：%{1},无法写入备份内容：%{1}
无法完成网站备份归档写入。,无法完成网站备份归档写入。
网站不存在：%{1},网站不存在：%{1}
数据表不存在,数据表不存在
"缺少 website_id 字段","缺少 website_id 字段"
无效的备份文件名。,无效的备份文件名。
备份文件不存在。,备份文件不存在。
无法创建网站备份目录。,无法创建网站备份目录。
"备份数据 JSON 编码失败。","备份数据 JSON 编码失败。"
"健康检查同步根域/池失败 domain_id=%{1}：%{2}","健康检查同步根域/池失败 domain_id=%{1}：%{2}"
"website_id 不能为负数（0 是合法默认站）","website_id 不能为负数（0 是合法默认站）"
默认店铺在锁定复核期间消失,默认店铺在锁定复核期间消失
默认店铺补种失败,默认店铺补种失败
默认店铺并发补种后无法回读,默认店铺并发补种后无法回读
"默认渠道补种缺少有效 store_id","默认渠道补种缺少有效 store_id"
默认渠道,默认渠道
默认渠道补种失败,默认渠道补种失败
默认渠道并发补种后无法回读,默认渠道并发补种后无法回读
"默认渠道补种读取到无效 store_id","默认渠道补种读取到无效 store_id"
"既有默认店铺不满足 default/normal/启用/active 不变量","既有默认店铺不满足 default/normal/启用/active 不变量"
"既有默认渠道不满足父 Scope/default/启用不变量","既有默认渠道不满足父 Scope/default/启用不变量"
"补种目标 Website 不存在","补种目标 Website 不存在"
默认店铺,默认店铺
证书管理：无记录（待申请）,证书管理：无记录（待申请）
证书管理：异常,证书管理：异常
证书管理：已过期,证书管理：已过期
证书管理：申请中,证书管理：申请中
证书管理：有效,证书管理：有效
证书管理：待处理,证书管理：待处理
等待系统调度域名准备任务。,等待系统调度域名准备任务。
"发布后的首页页面 ID 不能为空。","发布后的首页页面 ID 不能为空。"
"尚未找到当前 AI 建站会话的域名绑定。","尚未找到当前 AI 建站会话的域名绑定。"
域名绑定尚未完成，不能登记站点首页。,域名绑定尚未完成，不能登记站点首页。
"跳过本机 hosts 的强制绑定仅支持测试域名模式。","跳过本机 hosts 的强制绑定仅支持测试域名模式。"
域名绑定请求与当前管理员不匹配。,域名绑定请求与当前管理员不匹配。
"跳过 hosts 后仍未能验证站点绑定。","跳过 hosts 后仍未能验证站点绑定。"
"已完成站点绑定，并写入本机 hosts。","已完成站点绑定，并写入本机 hosts。"
"已跳过强制 hosts 门禁并完成站点绑定；本机解析仍可能失败，请批准 hosts 写入后重试域名准备。%{1}","已跳过强制 hosts 门禁并完成站点绑定；本机解析仍可能失败，请批准 hosts 写入后重试域名准备。%{1}"
检测到历史默认站点绑定，正在为当前会话重新创建独立站点。,检测到历史默认站点绑定，正在为当前会话重新创建独立站点。
创建域名准备队列失败。,创建域名准备队列失败。
域名准备任务已排队，等待系统调度。,域名准备任务已排队，等待系统调度。
域名准备任务执行失败，请明确重试。,域名准备任务执行失败，请明确重试。
域名准备任务重试失败，请稍后再试。,域名准备任务重试失败，请稍后再试。
域名准备任务已重新排队，等待系统调度。,域名准备任务已重新排队，等待系统调度。
默认语言格式无效。,默认语言格式无效。
请求来源模块无效。,请求来源模块无效。
必须由已登录的后台管理员发起域名准备。,必须由已登录的后台管理员发起域名准备。
"来源会话公开 ID 不能为空。","来源会话公开 ID 不能为空。"
"幂等命令 ID 不能为空。","幂等命令 ID 不能为空。"
当前站点绑定不支持域名模式：%{1},当前站点绑定不支持域名模式：%{1}
"测试模式必须使用 *.weline.test 本地域名。","测试模式必须使用 *.weline.test 本地域名。"
正式购买模式必须选择可公开注册的域名。,正式购买模式必须选择可公开注册的域名。
正式购买前必须选择域名购买账户。,正式购买前必须选择域名购买账户。
正式域名购买需要明确确认。,正式域名购买需要明确确认。
"同一幂等命令 ID 的站点绑定参数不一致。","同一幂等命令 ID 的站点绑定参数不一致。"
账户未启用,账户未启用
账户「%{1}」关联的域名商不存在或未配置（registrar_id=%{2}）,账户「%{1}」关联的域名商不存在或未配置（registrar_id=%{2}）
账户「%{1}」的域名商适配器「%{2}」未注册,账户「%{1}」的域名商适配器「%{2}」未注册
"「%{1}」是 DNS 服务商，不是域名注册商，跳过域名同步（域名归属应以实际注册商为准）","「%{1}」是 DNS 服务商，不是域名注册商，跳过域名同步（域名归属应以实际注册商为准）"
该账户下没有域名,该账户下没有域名
"同步完成：新增 %{1}，更新 %{2}，删除 %{3}","同步完成：新增 %{1}，更新 %{2}，删除 %{3}"
同步失败：%{1},同步失败：%{1}
没有启用的域名商账户,没有启用的域名商账户
"✓ %{1}：同步 %{2} 个域名","✓ %{1}：同步 %{2} 个域名"
"✗ %{1}：%{2}","✗ %{1}：%{2}"
"同步完成：%{1}/%{2} 个账户成功，共同步 %{3} 个域名","同步完成：%{1}/%{2} 个账户成功，共同步 %{3} 个域名"
【成功】,【成功】
【失败】,【失败】
请选择要操作的域名,请选择要操作的域名
未找到指定的域名,未找到指定的域名
不支持的操作类型：%{1},不支持的操作类型：%{1}
"批量操作完成：成功 %{1}，失败 %{2}","批量操作完成：成功 %{1}，失败 %{2}"
"DNS 服务器不能为空","DNS 服务器不能为空"
数据无效,数据无效
适配器不支持此操作,适配器不支持此操作
账户关联的域名商不存在或未配置,账户关联的域名商不存在或未配置
域名商适配器「%{1}」未注册,域名商适配器「%{1}」未注册
"获取成功，共 %{1} 个域名","获取成功，共 %{1} 个域名"
"（注意：「%{1}」是 DNS 服务商，非域名注册商，这些域名可能已属于其他注册商账户）","（注意：「%{1}」是 DNS 服务商，非域名注册商，这些域名可能已属于其他注册商账户）"
获取失败：%{1},获取失败：%{1}
"拉取域名前须指定至少一个 DNS 或 CDN 管理账户，以便读取权威解析（含 CDN 代理场景）并走建站流程","拉取域名前须指定至少一个 DNS 或 CDN 管理账户，以便读取权威解析（含 CDN 代理场景）并走建站流程"
"所选 DNS 管理账户不存在","所选 DNS 管理账户不存在"
"所选 CDN 管理账户不存在","所选 CDN 管理账户不存在"
域名商适配器未注册,域名商适配器未注册
"「%{1}」是 DNS 服务商而非域名注册商，无法导入域名。域名归属应以实际注册商（如 GName、阿里云）为准，DNS 服务商只用于管理 DNS 解析。","「%{1}」是 DNS 服务商而非域名注册商，无法导入域名。域名归属应以实际注册商（如 GName、阿里云）为准，DNS 服务商只用于管理 DNS 解析。"
未在远程找到要导入的域名,未在远程找到要导入的域名
"导入完成：新增 %{1}，已存在 %{2}，入池 %{3}，已绑定 DNS/CDN 账户","导入完成：新增 %{1}，已存在 %{2}，入池 %{3}，已绑定 DNS/CDN 账户"
导入失败：%{1},导入失败：%{1}
请求绑定的网站不存在。,请求绑定的网站不存在。
"Combination of keywords with hyphen for readability","Combination of keywords with hyphen for readability"
"Short brandable name, easy to type and remember","Short brandable name, easy to type and remember"
"Direct keyword-based domain, clear and descriptive","Direct keyword-based domain, clear and descriptive"
"无效的服务商账号 ID","无效的服务商账号 ID"
"购买域名 %{domain} 需要人工确认。请明确告知用户购买风险，等待用户回复""确认""后再执行。","购买域名 %{domain} 需要人工确认。请明确告知用户购买风险，等待用户回复""确认""后再执行。"
"暂不支持 %{tld} 后缀的域名购买","暂不支持 %{tld} 后缀的域名购买"
"域名 %{domain} 购买成功","域名 %{domain} 购买成功"
"购买失败: %{error}","购买失败: %{error}"
"欢迎来到 %{title}","欢迎来到 %{title}"
我们提供优质的产品与服务,我们提供优质的产品与服务
"为什么选择 %{title}","为什么选择 %{title}"
品质保证,品质保证
我们致力于提供最优质的产品,我们致力于提供最优质的产品
快速配送,快速配送
全网快速配送，送货上门,全网快速配送，送货上门
专业客服,专业客服
"7x24 小时在线客服支持","7x24 小时在线客服支持"
立即开始,立即开始
加入我们，体验最佳服务,加入我们，体验最佳服务
开始探索,开始探索
"关于 %{title}","关于 %{title}"
我们的故事,我们的故事
"%{title} 致力于为用户提供优质的产品和服务。%{description}我们相信，通过创新和用心，可以为每个人创造更好的体验。","%{title} 致力于为用户提供优质的产品和服务。%{description}我们相信，通过创新和用心，可以为每个人创造更好的体验。"
用户至上,用户至上
始终把用户需求放在第一位,始终把用户需求放在第一位
创新驱动,创新驱动
不断探索更好的解决方案,不断探索更好的解决方案
诚信经营,诚信经营
透明公开，值得信赖,透明公开，值得信赖
我们的团队,我们的团队
由一群充满激情的专业人士组成,由一群充满激情的专业人士组成
随时欢迎您的垂询,随时欢迎您的垂询
如果您有任何问题或建议，请随时与我们联系,如果您有任何问题或建议，请随时与我们联系
电子邮件,电子邮件
联系电话,联系电话
公司地址,公司地址
"某市某区某路 123 号","某市某区某路 123 号"
发送消息,发送消息
姓名,姓名
主题,主题
留言内容,留言内容
提交,提交
信息收集,信息收集
我们收集您提供的信息以改善服务质量,我们收集您提供的信息以改善服务质量
信息使用,信息使用
您的信息将仅用于提供和改善我们的服务,您的信息将仅用于提供和改善我们的服务
信息保护,信息保护
我们采用适当的安全措施保护您的个人信息,我们采用适当的安全措施保护您的个人信息
第三方分享,第三方分享
除法律要求外，我们不会与第三方分享您的个人信息,除法律要求外，我们不会与第三方分享您的个人信息
用户权利,用户权利
您有权访问、更正或删除您的个人信息,您有权访问、更正或删除您的个人信息
服务接受,服务接受
使用我们的服务即表示您同意本条款,使用我们的服务即表示您同意本条款
服务变更,服务变更
我们保留随时修改服务的权利,我们保留随时修改服务的权利
用户责任,用户责任
您同意合法使用我们的服务，不从事违法活动,您同意合法使用我们的服务，不从事违法活动
知识产权,知识产权
服务中的所有内容版权归我们所有,服务中的所有内容版权归我们所有
免责声明,免责声明
"服务按""原样""提供，不提供任何明示或暗示保证","服务按""原样""提供，不提供任何明示或暗示保证"
退款条件,退款条件
商品在未拆封、未经使用的情况下可申请退款,商品在未拆封、未经使用的情况下可申请退款
退款流程,退款流程
"联系客服后 3-5 个工作日内完成退款","联系客服后 3-5 个工作日内完成退款"
退款方式,退款方式
退款将原路返回至您的支付账户,退款将原路返回至您的支付账户
特殊情况,特殊情况
质量问题或物流损坏可随时申请退换,质量问题或物流损坏可随时申请退换
"Cookie 政策","Cookie 政策"
"Cookie 简介","Cookie 简介"
"Cookie 是存储在您设备上的小文件，用于改善用户体验","Cookie 是存储在您设备上的小文件，用于改善用户体验"
"Cookie 用途","Cookie 用途"
"我们使用 Cookie 来记住您的偏好设置和分析网站流量","我们使用 Cookie 来记住您的偏好设置和分析网站流量"
"Cookie 管理","Cookie 管理"
"您可以在浏览器中禁用 Cookie，但这可能影响网站功能","您可以在浏览器中禁用 Cookie，但这可能影响网站功能"
博客,博客
阅读我们的最新文章,阅读我们的最新文章
分享行业资讯与技术见解,分享行业资讯与技术见解
全部分类,全部分类
全部时间,全部时间
最新发布,最新发布
阅读全文,阅读全文
按分类浏览文章,按分类浏览文章
技术文章,技术文章
行业动态,行业动态
产品更新,产品更新
文章详情,文章详情
编辑团队,编辑团队
"约 5 分钟阅读","约 5 分钟阅读"
本文将介绍相关内容,本文将介绍相关内容
目录,目录
总结,总结
希望本文对您有所帮助,希望本文对您有所帮助
分享这篇文章,分享这篇文章
相关阅读,相关阅读
在此添加您的自定义内容,在此添加您的自定义内容
可编辑的文本区域,可编辑的文本区域
占位图,占位图
了解更多,了解更多
页面内容占位,页面内容占位
建议添加产品展示区域，突出核心卖点,建议添加产品展示区域，突出核心卖点
添加客户评价区，增强信任感,添加客户评价区，增强信任感
建议添加团队成员详细介绍,建议添加团队成员详细介绍
添加公司历程时间线展示,添加公司历程时间线展示
建议集成在线客服插件,建议集成在线客服插件
添加地图组件展示公司位置,添加地图组件展示公司位置
可根据实际业务调整文案和图片,可根据实际业务调整文案和图片
"Route53 Domains HTTP %{code}：%{body}","Route53 Domains HTTP %{code}：%{body}"
"Route53 Domains 返回非 JSON：%{1}","Route53 Domains 返回非 JSON：%{1}"
"Route53 Domains 请求失败","Route53 Domains 请求失败"
购买条目不能为空,购买条目不能为空
"空域名 %{n} 条","空域名 %{n} 条"
"无效条目 %{n} 条（非对象）","无效条目 %{n} 条（非对象）"
没有有效的域名（已跳过：%{detail}）,没有有效的域名（已跳过：%{detail}）
没有有效的域名,没有有效的域名
"购买完成：%{success} 成功，%{fail} 失败","购买完成：%{success} 成功，%{fail} 失败"
"%{message}；其中 %{count} 个域名未成功创建生命周期订单，请检查生命周期模块或根据返回结果重试。","%{message}；其中 %{count} 个域名未成功创建生命周期订单，请检查生命周期模块或根据返回结果重试。"
"空 %{n} 条","空 %{n} 条"
"无效结构 %{n} 条","无效结构 %{n} 条"
%{message}（提交时已忽略：%{detail}）,%{message}（提交时已忽略：%{detail}）
"域名购买后拉取落库失败: %{domain}, 错误: %{error}","域名购买后拉取落库失败: %{domain}, 错误: %{error}"
"域名入池失败: %{domain}, 错误: %{error}","域名入池失败: %{domain}, 错误: %{error}"
"[DomainPurchase] %{1} 已绑定默认 CDN 账户 ID=%{2}","[DomainPurchase] %{1} 已绑定默认 CDN 账户 ID=%{2}"
"[DomainPurchase] default_cdn_account_id=%{1} 不存在，跳过默认 CDN 绑定","[DomainPurchase] default_cdn_account_id=%{1} 不存在，跳过默认 CDN 绑定"
"购买后同步域名 DNS 元数据失败：%{1}","购买后同步域名 DNS 元数据失败：%{1}"
"域名绑站失败: %{domain}, 错误: %{error}","域名绑站失败: %{domain}, 错误: %{error}"
"创建自动解析任务失败: %{domain}, 错误: %{error}","创建自动解析任务失败: %{domain}, 错误: %{error}"
生命周期模块不可用,生命周期模块不可用
"生命周期服务缺少 startPurchasedLifecycle 方法","生命周期服务缺少 startPurchasedLifecycle 方法"
启动域名生命周期跟踪失败：%{domain}，错误：%{error},启动域名生命周期跟踪失败：%{domain}，错误：%{error}
"生命周期服务缺少 getOrderByDomain 方法","生命周期服务缺少 getOrderByDomain 方法"
生命周期订单已创建,生命周期订单已创建
未找到生命周期订单,未找到生命周期订单
"域名尚在开通或注册流程中。公网仍显示注册商默认解析很常见，不代表注册失败；流程结束后会按配置处理 DNS，无需仅凭当前 NS 判断注册是否成功。","域名尚在开通或注册流程中。公网仍显示注册商默认解析很常见，不代表注册失败；流程结束后会按配置处理 DNS，无需仅凭当前 NS 判断注册是否成功。"
"当前权威 NS 为 Gname 高防/托管 DNS（如 a/b.share-dns），表示解析仍由注册商侧权威托管（非误判）。若目标为 Cloudflare DNS-01，须将注册局 NS 改为 *.ns.cloudflare.com 并等待全球传播。","当前权威 NS 为 Gname 高防/托管 DNS（如 a/b.share-dns），表示解析仍由注册商侧权威托管（非误判）。若目标为 Cloudflare DNS-01，须将注册局 NS 改为 *.ns.cloudflare.com 并等待全球传播。"
"当前权威 Nameserver 已指向 Cloudflare，解析由 Cloudflare 接管。","当前权威 Nameserver 已指向 Cloudflare，解析由 Cloudflare 接管。"
"DNS 与注册商一致（默认托管）。公网多为注册商提供的解析，一般表示域名已注册；若要使用 Cloudflare 等，需在注册商处修改 NS 并等待全球生效。","DNS 与注册商一致（默认托管）。公网多为注册商提供的解析，一般表示域名已注册；若要使用 Cloudflare 等，需在注册商处修改 NS 并等待全球生效。"
"暂无法从当前数据判断公网 DNS 归属。未拉取的域名请以注册商后台或 dig NS 为准；拉取后仍会随同步更新。","暂无法从当前数据判断公网 DNS 归属。未拉取的域名请以注册商后台或 dig NS 为准；拉取后仍会随同步更新。"
"当前检测为注册商侧或与其关联的 DNS。若与目标服务商不一致，请检查是否已在注册商处修改 NS 并等待传播。","当前检测为注册商侧或与其关联的 DNS。若与目标服务商不一致，请检查是否已在注册商处修改 NS 并等待传播。"
"当前解析由第三方 DNS 提供（非注册商默认）。若添加记录失败，请到该 DNS 服务商控制台操作。","当前解析由第三方 DNS 提供（非注册商默认）。若添加记录失败，请到该 DNS 服务商控制台操作。"
"未解析到有效 IP，请检查域名是否已添加 A 或 AAAA 记录","未解析到有效 IP，请检查域名是否已添加 A 或 AAAA 记录"
该域名已有进行中的配置流程,该域名已有进行中的配置流程
"配置订单已创建（使用已有域名），请继续 DNS/CDN/证书 步骤","配置订单已创建（使用已有域名），请继续 DNS/CDN/证书 步骤"
"域名购买成功，请继续 DNS/CDN/证书 步骤","域名购买成功，请继续 DNS/CDN/证书 步骤"
配置订单不存在,配置订单不存在
"DNS 绑定已提交","DNS 绑定已提交"
"DNS 步骤已记录，可由 Terraform 等模块执行","DNS 步骤已记录，可由 Terraform 等模块执行"
"请指定 CDN 供应商与账户，或先在订单中配置 cdn_vendor/cdn_account_id","请指定 CDN 供应商与账户，或先在订单中配置 cdn_vendor/cdn_account_id"
"CDN 适配器不存在：%{1}","CDN 适配器不存在：%{1}"
"CDN 账户不存在。请先在「CDN 管理」中添加 %{vendor} 账户并设为默认，或指定正确的 cdn_account_id（CDN 模块的账户 ID）","CDN 账户不存在。请先在「CDN 管理」中添加 %{vendor} 账户并设为默认，或指定正确的 cdn_account_id（CDN 模块的账户 ID）"
"ensureZone 失败","ensureZone 失败"
"ensureZone 未返回 zone_id","ensureZone 未返回 zone_id"
"CDN 绑定成功","CDN 绑定成功"
"已跳过 SSL，流程完成","已跳过 SSL，流程完成"
证书申请成功,证书申请成功
域名商账号未配置,域名商账号未配置
"网站快照缺少 code","网站快照缺少 code"
"测试模式必须使用单标签 *.weline.test 域名。","测试模式必须使用单标签 *.weline.test 域名。"
"本地测试域名 hosts 准备失败。","本地测试域名 hosts 准备失败。"
本地测试域名证书准备失败。,本地测试域名证书准备失败。
不支持的域名准备模式。,不支持的域名准备模式。
上次购买结果尚未确认，为避免重复扣费，必须先在域名管理中核对。,上次购买结果尚未确认，为避免重复扣费，必须先在域名管理中核对。
目标域名当前不可购买。,目标域名当前不可购买。
域名购买失败。,域名购买失败。
"目标地址 %{1} 已绑定到其他站点「%{2}」。","目标地址 %{1} 已绑定到其他站点「%{2}」。"
域名池保存后无法取得有效记录。,域名池保存后无法取得有效记录。
"目标地址 %{1} 已绑定到其他站点「%{2}」，不能自动改绑。","目标地址 %{1} 已绑定到其他站点「%{2}」，不能自动改绑。"
目标域名已绑定到其他站点，不能自动改绑。,目标域名已绑定到其他站点，不能自动改绑。
域名记录保存后未能验证站点绑定。,域名记录保存后未能验证站点绑定。
目标域名或子路径过长。,目标域名或子路径过长。
域名池状态与站点绑定不一致。,域名池状态与站点绑定不一致。
站点范围上下文无效,站点范围上下文无效
"可信请求 URL 无效，已拒绝解析店铺范围","可信请求 URL 无效，已拒绝解析店铺范围"
"店铺入口 URL 配置无效，已拒绝解析店铺范围","店铺入口 URL 配置无效，已拒绝解析店铺范围"
"当前 Origin/URI 匹配到多个同优先级店铺，已拒绝请求","当前 Origin/URI 匹配到多个同优先级店铺，已拒绝请求"
"当前请求命中的店铺与已冻结 Website 归属不一致","当前请求命中的店铺与已冻结 Website 归属不一致"
当前请求命中的店铺已进入墓碑生命周期,当前请求命中的店铺已进入墓碑生命周期
当前请求命中的店铺生命周期无效,当前请求命中的店铺生命周期无效
当前请求命中的店铺已停用,当前请求命中的店铺已停用
当前站点缺少可用的默认店铺,当前站点缺少可用的默认店铺
站点路由剩余路径无效,站点路由剩余路径无效
当前店铺缺少可用的默认销售渠道,当前店铺缺少可用的默认销售渠道
请求的范围断言格式无效,请求的范围断言格式无效
"请求的范围与可信 Host/URI 不一致","请求的范围与可信 Host/URI 不一致"
站点、域名或首页页面无效。,站点、域名或首页页面无效。
目标域名尚未绑定到当前站点。,目标域名尚未绑定到当前站点。
找不到域名所属站点。,找不到域名所属站点。
目标域名无法建立独立首页配置。,目标域名无法建立独立首页配置。
保存站点首页入口失败。,保存站点首页入口失败。
"保存站点 scope 首页入口失败。","保存站点 scope 首页入口失败。"
"Storefront Scope Token 必须使用完整 Channel Scope","Storefront Scope Token 必须使用完整 Channel Scope"
"Scope Token 时钟无效","Scope Token 时钟无效"
"Scope Token Host 无效","Scope Token Host 无效"
"Scope Token Host 端口无效","Scope Token Host 端口无效"
网站缓存失效延迟作用域只能在活动事务中开启,网站缓存失效延迟作用域只能在活动事务中开启
待失效的网站不存在：%{1},待失效的网站不存在：%{1}
未知网站缓存组件：%{1},未知网站缓存组件：%{1}
"无法获取服务器公网 IP","无法获取服务器公网 IP"
"域名商不支持 DNS 管理","域名商不支持 DNS 管理"
没有可添加的解析记录,没有可添加的解析记录
"当前公网 NS 识别为 %{1}，但后台未配置对应账户。请在「域名商账户」中添加可管理该 DNS 的 %{1} 账户。","当前公网 NS 识别为 %{1}，但后台未配置对应账户。请在「域名商账户」中添加可管理该 DNS 的 %{1} 账户。"
"[DomainResolve] 无法补全 dns_account_id：domain_id=%{1} %{2}","[DomainResolve] 无法补全 dns_account_id：domain_id=%{1} %{2}"
"目标账户不支持 DNS 记录管理","目标账户不支持 DNS 记录管理"
"注册商 API 显示的委派 NS 为「%{1}」（%{2}），未指向当前 DNS 托管「%{3}」。请先在注册商处将 NS 改为该托管商要求的地址后再申请证书。","注册商 API 显示的委派 NS 为「%{1}」（%{2}），未指向当前 DNS 托管「%{3}」。请先在注册商处将 NS 改为该托管商要求的地址后再申请证书。"
"DNS 托管 API 未能确认该域名在本账户下可写","DNS 托管 API 未能确认该域名在本账户下可写"
已就绪,已就绪
"[注册商 API] 委派 NS：%{1}（已识别为「%{2}」）。[DNS 托管 API] Zone 状态：%{3}。将直接写入验证 TXT。","[注册商 API] 委派 NS：%{1}（已识别为「%{2}」）。[DNS 托管 API] Zone 状态：%{3}。将直接写入验证 TXT。"
"[DNS 托管 API] 已在本账户下确认域名可管理（Zone：%{1}）。未能通过注册商 API 读取委派 NS；若 CA 验证失败请核对注册局 NS 是否已指向「%{2}」。","[DNS 托管 API] 已在本账户下确认域名可管理（Zone：%{1}）。未能通过注册商 API 读取委派 NS；若 CA 验证失败请核对注册局 NS 是否已指向「%{2}」。"
"证书机构仍从全球递归查询 TXT；若委派尚未在全球生效，DNS-01 可能失败，可稍后重试或改用 HTTP-01。","证书机构仍从全球递归查询 TXT；若委派尚未在全球生效，DNS-01 可能失败，可稍后重试或改用 HTTP-01。"
"DNS 托管 API 返回异常","DNS 托管 API 返回异常"
"DNS 托管账户下未找到该域名，请检查账户、Token 权限与区域资源","DNS 托管账户下未找到该域名，请检查账户、Token 权限与区域资源"
"DNS 托管侧域名状态异常，无法写入验证记录","DNS 托管侧域名状态异常，无法写入验证记录"
"无法查询域名「%{1}」的权威 NS（与 dig/nslookup 结果一致）。请确认根域正确；在权威 NS 尚未指向当前 DNS 托管商前，勿用其 API 做证书 DNS 验证。","无法查询域名「%{1}」的权威 NS（与 dig/nslookup 结果一致）。请确认根域正确；在权威 NS 尚未指向当前 DNS 托管商前，勿用其 API 做证书 DNS 验证。"
"[注册商 API] 登记 NS 已为「%{1}」（%{2}），与当前 DNS 账户一致；本机/递归查询仍为「%{3}」（%{4}）。证书流程将先等待公网权威 NS 与目标一致后再写入验证 TXT（超时见 env websites.acme_dns）。CA 仍从全球递归查 TXT，若最终验证失败可再试或换 HTTP-01。","[注册商 API] 登记 NS 已为「%{1}」（%{2}），与当前 DNS 账户一致；本机/递归查询仍为「%{3}」（%{4}）。证书流程将先等待公网权威 NS 与目标一致后再写入验证 TXT（超时见 env websites.acme_dns）。CA 仍从全球递归查 TXT，若最终验证失败可再试或换 HTTP-01。"
"请在域名注册商处把 NS 改为 Cloudflare 控制台该域名页提供的两条 NS，等待全球生效（常需数小时）后再用 DNS-01 申请证书；或若 80 端口已指向本机可改用 HTTP-01。","请在域名注册商处把 NS 改为 Cloudflare 控制台该域名页提供的两条 NS，等待全球生效（常需数小时）后再用 DNS-01 申请证书；或若 80 端口已指向本机可改用 HTTP-01。"
"[常见误解] 后台将「DNS 托管」选为 Cloudflare 仅表示通过 Cloudflare API 写记录；若权威 NS 仍为 Gname 高防（*.share-dns.com / *.share-dns.net）等而非 Cloudflare 的 *.ns.cloudflare.com，则 CA 从全球递归查询看到的是注册商侧权威区，查不到写在 Cloudflare 上的 TXT，DNS-01 仍会失败。请在注册商处将 NS 整站改为 Cloudflare 给出的两条 NS，并等待传播；或 80 已指向本机时改用 HTTP-01。","[常见误解] 后台将「DNS 托管」选为 Cloudflare 仅表示通过 Cloudflare API 写记录；若权威 NS 仍为 Gname 高防（*.share-dns.com / *.share-dns.net）等而非 Cloudflare 的 *.ns.cloudflare.com，则 CA 从全球递归查询看到的是注册商侧权威区，查不到写在 Cloudflare 上的 TXT，DNS-01 仍会失败。请在注册商处将 NS 整站改为 Cloudflare 给出的两条 NS，并等待传播；或 80 已指向本机时改用 HTTP-01。"
"[提示] 已尝试通过注册商账户（account_id）API 读取登记 NS，与目标仍不一致或接口不可用；请以注册商控制台为准核对委派 NS。","[提示] 已尝试通过注册商账户（account_id）API 读取登记 NS，与目标仍不一致或接口不可用；请以注册商控制台为准核对委派 NS。"
"域名「%{1}」当前权威 NS 为「%{2}」（%{3}），未托管在「%{4}」。向 %{4} API 写入的验证 TXT 不会出现在当前权威 DNS 区，全球解析也查不到，DNS-01 证书必败。%{5}","域名「%{1}」当前权威 NS 为「%{2}」（%{3}），未托管在「%{4}」。向 %{4} API 写入的验证 TXT 不会出现在当前权威 DNS 区，全球解析也查不到，DNS-01 证书必败。%{5}"
(暂无),(暂无)
"[证书 DNS-01] 等待公网 NS 传播：已等待 %{1} 秒，当前为「%{2}」（%{3}），目标「%{4}」…","[证书 DNS-01] 等待公网 NS 传播：已等待 %{1} 秒，当前为「%{2}」（%{3}），目标「%{4}」…"
"（DoH 已观测到「%{1}」，本机解析器仍为「%{2}」；须本机也解析到目标后再写 TXT，与 CA 可见性更一致。）","（DoH 已观测到「%{1}」，本机解析器仍为「%{2}」；须本机也解析到目标后再写 TXT，与 CA 可见性更一致。）"
"（Cloudflare DoH 已观测到目标 NS，本机权威查询仍不一致；可检查服务器解析器或延长 env websites.acme_dns.wait_public_ns_max_seconds。）","（Cloudflare DoH 已观测到目标 NS，本机权威查询仍不一致；可检查服务器解析器或延长 env websites.acme_dns.wait_public_ns_max_seconds。）"
"[证书 DNS-01] 已等待 %{1} 秒，公网权威 NS 仍为「%{2}」（%{3}），与目标「%{4}」不一致。请稍后再试或改用 HTTP-01。%{5}","[证书 DNS-01] 已等待 %{1} 秒，公网权威 NS 仍为「%{2}」（%{3}），与目标「%{4}」不一致。请稍后再试或改用 HTTP-01。%{5}"
"域名池 FQDN 或根域无效","域名池 FQDN 或根域无效"
"域名池 FQDN 与根域不匹配","域名池 FQDN 与根域不匹配"
"无效的服务器 IP（需为合法 IPv4 或 IPv6）","无效的服务器 IP（需为合法 IPv4 或 IPv6）"
"无法解析根域名的 DNS 管理账户。请确保域名已在「根域名管理」中配置且已关联 DNS 账户。","无法解析根域名的 DNS 管理账户。请确保域名已在「根域名管理」中配置且已关联 DNS 账户。"
"未找到 DNS 管理账户","未找到 DNS 管理账户"
"AAAA 记录添加成功，请等待 DNS 生效后重试","AAAA 记录添加成功，请等待 DNS 生效后重试"
"A 记录添加成功，请等待 DNS 生效后重试","A 记录添加成功，请等待 DNS 生效后重试"
"添加 AAAA 记录失败","添加 AAAA 记录失败"
"添加 A 记录失败","添加 A 记录失败"
"开发环境模拟：域名 %{1} 视为可用","开发环境模拟：域名 %{1} 视为可用"
"域名 %{1} 不可用，请更换后重试","域名 %{1} 不可用，请更换后重试"
"域名 %{1} 可用","域名 %{1} 可用"
"Local domain %{1} is now covered by the shared %{2} wildcard certificate","Local domain %{1} is now covered by the shared %{2} wildcard certificate"
"Local domain %{1} skipped registrar purchase, but the shared %{2} wildcard certificate is not ready yet","Local domain %{1} skipped registrar purchase, but the shared %{2} wildcard certificate is not ready yet"
"Build finished with shared %{1} wildcard certificate","Build finished with shared %{1} wildcard certificate"
"Build finished in local simulation mode","Build finished in local simulation mode"
"Build finished with shared %{2} wildcard certificate: %{1}","Build finished with shared %{2} wildcard certificate: %{1}"
"Build finished in local simulation mode: %{1}","Build finished in local simulation mode: %{1}"
已根据描述设置站点名称,已根据描述设置站点名称
"正在检查 DNS 解析状态...","正在检查 DNS 解析状态..."
"正在申请 HTTPS 证书...","正在申请 HTTPS 证书..."
"HTTPS 证书申请成功","HTTPS 证书申请成功"
证书申请失败，请稍后在证书管理中手动申请,证书申请失败，请稍后在证书管理中手动申请
建站完成,建站完成
建站完成：%{1},建站完成：%{1}
"本地测试账号：已生成流程联调域名 %{domain}","本地测试账号：已生成流程联调域名 %{domain}"
已生成域名建议；点击「确认并生成」时将检测可用性。,已生成域名建议；点击「确认并生成」时将检测可用性。
未找到可用域名，请尝试更换简报或偏好域名。,未找到可用域名，请尝试更换简报或偏好域名。
"AI 本地推荐域名自动入池：%{domain}","AI 本地推荐域名自动入池：%{domain}"
"目标账户 %{1} 不支持 DNS 管理","目标账户 %{1} 不支持 DNS 管理"
"域名 %{1} 未关联注册商账户，无法切换","域名 %{1} 未关联注册商账户，无法切换"
"注册商账户 ID %{1} 不存在","注册商账户 ID %{1} 不存在"
"注册商适配器 %{1} 不存在","注册商适配器 %{1} 不存在"
"从原 DNS 托管账户拉取记录到本地（将推送到目标账户 %{1}，源账户 ID %{2}）","从原 DNS 托管账户拉取记录到本地（将推送到目标账户 %{1}，源账户 ID %{2}）"
"[步骤1] 原 DNS 托管账户拉取失败，将改从注册商同步：%{1}","[步骤1] 原 DNS 托管账户拉取失败，将改从注册商同步：%{1}"
"原 DNS 托管账户未返回可写入记录，改为从注册商同步","原 DNS 托管账户未返回可写入记录，改为从注册商同步"
"从注册商同步 DNS 记录到本地","从注册商同步 DNS 记录到本地"
"[步骤1] 同步记录（非致命）：%{1}","[步骤1] 同步记录（非致命）：%{1}"
"DNS 记录同步完成，新增 %{1} 条，更新 %{2} 条","DNS 记录同步完成，新增 %{1} 条，更新 %{2} 条"
"[DnsSwitchService] %{1} Step1: 从 %{2} 同步记录完成，added=%{3}，updated=%{4}","[DnsSwitchService] %{1} Step1: 从 %{2} 同步记录完成，added=%{3}，updated=%{4}"
"获取目标 Nameserver（%{1}）","获取目标 Nameserver（%{1}）"
"[DnsSwitchService] %{1} 获取目标 NS 失败：%{2}","[DnsSwitchService] %{1} 获取目标 NS 失败：%{2}"
"目标 NS：%{1}","目标 NS：%{1}"
"[DnsSwitchService] %{1} Step2: 目标 NS=%{2}","[DnsSwitchService] %{1} Step2: 目标 NS=%{2}"
"当前已是同注册商 DNS（%{1}），无需调用修改 NS 接口；直接同步/推送记录。","当前已是同注册商 DNS（%{1}），无需调用修改 NS 接口；直接同步/推送记录。"
"注册商登记的 NS 已与目标 DNS 一致，跳过修改 NS 接口；直接同步/推送记录。","注册商登记的 NS 已与目标 DNS 一致，跳过修改 NS 接口；直接同步/推送记录。"
"[DnsSwitchService] %{1} Step3: 同服务商跳过 NS 修改（注册商=%{2}）","[DnsSwitchService] %{1} Step3: 同服务商跳过 NS 修改（注册商=%{2}）"
"[DnsSwitchService] %{1} Step3: 注册商 NS 已与目标一致，跳过改 NS 接口","[DnsSwitchService] %{1} Step3: 注册商 NS 已与目标一致，跳过改 NS 接口"
"在注册商 %{1} 切换 NS（注册局委派，仅此路径生效）","在注册商 %{1} 切换 NS（注册局委派，仅此路径生效）"
"NS 切换失败","NS 切换失败"
"[DnsSwitchService] %{1} NS 切换失败：%{2}","[DnsSwitchService] %{1} NS 切换失败：%{2}"
"NS 切换接口返回成功（%{1}），正在校验注册商侧是否已生效…","NS 切换接口返回成功（%{1}），正在校验注册商侧是否已生效…"
"[DnsSwitchService] %{1} Step3: NS API 成功，开始注册商侧轮询校验","[DnsSwitchService] %{1} Step3: NS API 成功，开始注册商侧轮询校验"
"注册商 getDomainDetail 不支持，无法二次校验 NS，请自行在注册商确认 NS 已为目标值","注册商 getDomainDetail 不支持，无法二次校验 NS，请自行在注册商确认 NS 已为目标值"
"注册商 NS 查询异常（已重试）：%{1}","注册商 NS 查询异常（已重试）：%{1}"
"[DnsSwitchService] %{1} 注册商 NS 校验异常：%{2}","[DnsSwitchService] %{1} 注册商 NS 校验异常：%{2}"
"NS 切换后无法从注册商读取当前 NS，请检查 API 权限或稍后重试：%{1}","NS 切换后无法从注册商读取当前 NS，请检查 API 权限或稍后重试：%{1}"
(空),(空)
"NS 修改接口返回成功，但注册商侧多次查询后 NS 仍未变为目标值（当前：%{1}，目标：%{2}）。Gname 等平台可能需人工在控制台确认；在注册商处真正改 NS 之前，勿认为已切换成功。","NS 修改接口返回成功，但注册商侧多次查询后 NS 仍未变为目标值（当前：%{1}，目标：%{2}）。Gname 等平台可能需人工在控制台确认；在注册商处真正改 NS 之前，勿认为已切换成功。"
"[DnsSwitchService] %{1} NS 注册商校验失败：current=%{2} target=%{3}","[DnsSwitchService] %{1} NS 注册商校验失败：current=%{2} target=%{3}"
"注册商处登记的 NS 已是目标值（注册局侧已更新或同步中）。公网 dig/nslookup 仍显示旧 NS（如 share-dns）很常见，不代表失败。","注册商处登记的 NS 已是目标值（注册局侧已更新或同步中）。公网 dig/nslookup 仍显示旧 NS（如 share-dns）很常见，不代表失败。"
"[步骤2] 开始等待 NS 生效，每 %{1} 秒检测，最多 %{2} 分钟","[步骤2] 开始等待 NS 生效，每 %{1} 秒检测，最多 %{2} 分钟"
已由用户断开,已由用户断开
"等待 NS 生效超时（%{1} 分钟），请稍后在「管理 DNS」中检查并手动搬迁记录","等待 NS 生效超时（%{1} 分钟），请稍后在「管理 DNS」中检查并手动搬迁记录"
"推送 DNS 记录到目标账户 %{1}","推送 DNS 记录到目标账户 %{1}"
"推送完成：成功 %{1}，失败 %{2}","推送完成：成功 %{1}，失败 %{2}"
"[DnsSwitchService] %{1} Step4: push success=%{2}, added=%{3}, failed=%{4}","[DnsSwitchService] %{1} Step4: push success=%{2}, added=%{3}, failed=%{4}"
"同步并校验 DNS 记录","同步并校验 DNS 记录"
"[DnsSwitchService] %{1} 同步/校验记录失败：%{2}","[DnsSwitchService] %{1} 同步/校验记录失败：%{2}"
同步/校验记录失败：%{1},同步/校验记录失败：%{1}
"已从目标 DNS 控制台同步记录，共 %{1} 条（核对的是 Cloudflare 等面板里的记录，不是「公网解析是否已走新 NS」）。","已从目标 DNS 控制台同步记录，共 %{1} 条（核对的是 Cloudflare 等面板里的记录，不是「公网解析是否已走新 NS」）。"
"Cutover：本机 NS 仍为「%{1}」，DoH 已指向目标「%{2}」。委派仅经注册商 Step3 生效；DoH 与等待步骤同为传播观测，准予 dns_cutover_complete。","Cutover：本机 NS 仍为「%{1}」，DoH 已指向目标「%{2}」。委派仅经注册商 Step3 生效；DoH 与等待步骤同为传播观测，准予 dns_cutover_complete。"
"注册商或目标面板可能已显示新 NS，但公网权威 NS（与 dig/nslookup 一致）尚未指向 %{1}。已保持 dns_switch_pending=1、dns_cutover_complete=0，DnsCdnAutoSwitch 将重试；证书申请在 cutover 完成前不会进入队列。","注册商或目标面板可能已显示新 NS，但公网权威 NS（与 dig/nslookup 一致）尚未指向 %{1}。已保持 dns_switch_pending=1、dns_cutover_complete=0，DnsCdnAutoSwitch 将重试；证书申请在 cutover 完成前不会进入队列。"
"[DnsSwitchService] %{1} Step6: 推迟 cutover（公网权威 NS 未指向 %{2}）。live_ns=%{3}","[DnsSwitchService] %{1} Step6: 推迟 cutover（公网权威 NS 未指向 %{2}）。live_ns=%{3}"
"[DnsSwitchService] %{1} Step6: 域名标记已更新","[DnsSwitchService] %{1} Step6: 域名标记已更新"
"落库摘要：待传播完成后再将 dns_cutover_complete 置 1；证书队列仍关闭。定时任务 DnsCdnAutoSwitch 会重试检测公网权威 NS。","落库摘要：待传播完成后再将 dns_cutover_complete 置 1；证书队列仍关闭。定时任务 DnsCdnAutoSwitch 会重试检测公网权威 NS。"
落库摘要：切换流程已闭环（dns_switch_pending=0，dns_cutover_complete=1），可进行证书申请与建站相关流程。,落库摘要：切换流程已闭环（dns_switch_pending=0，dns_cutover_complete=1），可进行证书申请与建站相关流程。
"[DnsSwitchService] %{1} Step6 落库: dns_switch_pending=%{2}, dns_cutover_complete=%{3}, dns_migration_pending=%{4}, dns_account_id=%{5}, defer_public_ns=%{6}","[DnsSwitchService] %{1} Step6 落库: dns_switch_pending=%{2}, dns_cutover_complete=%{3}, dns_migration_pending=%{4}, dns_account_id=%{5}, defer_public_ns=%{6}"
"步骤 5/5：校验 CDN/边缘配置…","步骤 5/5：校验 CDN/边缘配置…"
"当前 DNS 供应商未提供 CDN 接口校验，已跳过","当前 DNS 供应商未提供 CDN 接口校验，已跳过"
"第 %{1} 次校验 CDN 配置…","第 %{1} 次校验 CDN 配置…"
"%{1} 秒后重试（已等待 %{2} 秒）","%{1} 秒后重试（已等待 %{2} 秒）"
"DNS/CDN 切换流程已结束","DNS/CDN 切换流程已结束"
"[DnsSwitchService] %{1} Step7: DomainPool 已更新，流程完成","[DnsSwitchService] %{1} Step7: DomainPool 已更新，流程完成"
"DNS 已配置并推送至 %{1}，但公网权威 NS 尚未与该服务商一致（与证书 DNS-01 校验一致）。已保持待切换队列，传播完成后定时任务将自动完成 cutover。","DNS 已配置并推送至 %{1}，但公网权威 NS 尚未与该服务商一致（与证书 DNS-01 校验一致）。已保持待切换队列，传播完成后定时任务将自动完成 cutover。"
"DNS 切换成功：%{1} → %{2}","DNS 切换成功：%{1} → %{2}"
"注册商侧 NS：%{1}","注册商侧 NS：%{1}"
注册商侧查询异常：%{1},注册商侧查询异常：%{1}
"公网判定：系统解析器仍为旧 NS，但 Cloudflare DoH 已返回目标 NS（可能本机 DNS 缓存滞后）。","公网判定：系统解析器仍为旧 NS，但 Cloudflare DoH 已返回目标 NS（可能本机 DNS 缓存滞后）。"
"(暂无或仍为旧 NS)","(暂无或仍为旧 NS)"
"【注册商已改 NS，递归尚未全网一致】系统解析仍见「%{1}」%{2}；属注册局/缓存传播，非「被旧值永久覆盖」。证书与 DNS-01 需等权威 NS 在全球可见（常见数分钟～48 小时）。DoH 探测：%{3}。","【注册商已改 NS，递归尚未全网一致】系统解析仍见「%{1}」%{2}；属注册局/缓存传播，非「被旧值永久覆盖」。证书与 DNS-01 需等权威 NS 在全球可见（常见数分钟～48 小时）。DoH 探测：%{3}。"
(未取到),(未取到)
"适配器无 getDomainDetail 方法","适配器无 getDomainDetail 方法"
"CDN 校验等待中（保持连接）…","CDN 校验等待中（保持连接）…"
"[DnsSwitchService] 域名 %{1} 已标记 dns_switch_pending=1, target=%{2}, account_id=%{3}","[DnsSwitchService] 域名 %{1} 已标记 dns_switch_pending=1, target=%{2}, account_id=%{3}"
"源账户 %{1} 不支持 DNS 管理","源账户 %{1} 不支持 DNS 管理"
"[DnsSwitchService] syncRecordsFromSource %{1} 失败（非致命）：%{2}","[DnsSwitchService] syncRecordsFromSource %{1} 失败（非致命）：%{2}"
域名和账号不能为空,域名和账号不能为空
生命周期订单创建成功，但无法读取订单,生命周期订单创建成功，但无法读取订单
等待根域名同步到本地,等待根域名同步到本地
根域建站已锁定，跳过生命周期订单推进,根域建站已锁定，跳过生命周期订单推进
"等待根域/@/www 解析到当前服务器","等待根域/@/www 解析到当前服务器"
等待域名可访问,等待域名可访问
"等待 HTTPS 生效","等待 HTTPS 生效"
域名全流程已完成,域名全流程已完成
"未找到该域名的生命周期订单。若通过域名购买功能购买，请确认购买时已勾选「启动全流程状态跟踪」，且 Websites 一站式配置已启用。","未找到该域名的生命周期订单。若通过域名购买功能购买，请确认购买时已勾选「启动全流程状态跟踪」，且 Websites 一站式配置已启用。"
正在注册,正在注册
切换Dns中,切换Dns中
解析域名记录中,解析域名记录中
等待访问验证,等待访问验证
切换CDN中,切换CDN中
申请HTTPS中,申请HTTPS中
本地演示：已生成模拟生命周期状态,本地演示：已生成模拟生命周期状态
"生命周期订单已完成，联动更新根域状态：%{1} → active","生命周期订单已完成，联动更新根域状态：%{1} → active"
"生命周期脏数据修复：已同步根域 %{1} 条，已补标完成 %{2} 条","生命周期脏数据修复：已同步根域 %{1} 条，已补标完成 %{2} 条"
"Scope Token keyring 缺少 active key","Scope Token keyring 缺少 active key"
"Scope Token keyring 必须是有效普通文件","Scope Token keyring 必须是有效普通文件"
"Windows 下文件 ACL 无法在 PHP 内可靠验证，请使用进程密钥注入","Windows 下文件 ACL 无法在 PHP 内可靠验证，请使用进程密钥注入"
"Scope Token keyring 必须是 owner-only 普通文件","Scope Token keyring 必须是 owner-only 普通文件"
"Scope Token keyring 文件所有者无效","Scope Token keyring 文件所有者无效"
"Scope Token keyring 无法打开","Scope Token keyring 无法打开"
"Scope Token keyring 在读取期间发生替换","Scope Token keyring 在读取期间发生替换"
"Scope Token keyring 内容无效","Scope Token keyring 内容无效"
"Scope Token 进程密钥注入无效","Scope Token 进程密钥注入无效"
"Scope Token keyring 未配置绝对路径","Scope Token keyring 未配置绝对路径"
"Scope Token keyring JSON 无效","Scope Token keyring JSON 无效"
"Scope Token keyring 元数据字段无效","Scope Token keyring 元数据字段无效"
"Scope Token keyring 元数据无效","Scope Token keyring 元数据无效"
"Scope Token keyring kid 无效","Scope Token keyring kid 无效"
"Scope Token keyring key 字段无效","Scope Token keyring key 字段无效"
"Scope Token keyring key 无效","Scope Token keyring key 无效"
"Scope Token keyring 轮换时间窗口无效","Scope Token keyring 轮换时间窗口无效"
"Scope Token keyring 不允许多个 kid 共用密钥","Scope Token keyring 不允许多个 kid 共用密钥"
"Scope Token active_kid 未指向 active key","Scope Token active_kid 未指向 active key"
"Scope Token keyring version 不允许回退","Scope Token keyring version 不允许回退"
"Scope Token keyring 同版本内容不一致","Scope Token keyring 同版本内容不一致"
默认网站初始化后无法回读,默认网站初始化后无法回读
"默认站点 ID %{1} 已被站点 %{2} 占用，无法迁移 default 站点。","默认站点 ID %{1} 已被站点 %{2} 占用，无法迁移 default 站点。"
域名购买账户不存在。,域名购买账户不存在。
域名购买账户已停用。,域名购买账户已停用。
所选账户不支持域名购买。,所选账户不支持域名购买。
域名可用性检查失败：%{1},域名可用性检查失败：%{1}
域名可用性服务返回了无效结果。,域名可用性服务返回了无效结果。
域名注册商不存在。,域名注册商不存在。
"默认站不使用站级 ACL 授权包","默认站不使用站级 ACL 授权包"
"[NS 与配置 DNS 账户不一致] 域名 %{1}：公网识别为 %{2}，配置的 DNS 账户服务商为 %{3}（account_id=%{4}）。公网 NS：%{5}。请运营核对注册商 NS 或等待切换传播；此检查只做告警，不会在这里直接改 NS。","[NS 与配置 DNS 账户不一致] 域名 %{1}：公网识别为 %{2}，配置的 DNS 账户服务商为 %{3}（account_id=%{4}）。公网 NS：%{5}。请运营核对注册商 NS 或等待切换传播；此检查只做告警，不会在这里直接改 NS。"
"[NS 自愈策略] 已为域名 %{1} 写入 dns_switch_pending=1（冷却内单次排队），将由 DnsCdnAutoSwitch 执行切换。","[NS 自愈策略] 已为域名 %{1} 写入 dns_switch_pending=1（冷却内单次排队），将由 DnsCdnAutoSwitch 执行切换。"
"DNS 解析与子域入池","DNS 解析与子域入池"
"三步：① 自动解析 ② 子域解析检测 ③ 根域解析与默认子域入池","三步：① 自动解析 ② 子域解析检测 ③ 根域解析与默认子域入池"
"① 自动解析","① 自动解析"
"② 子域解析检测","② 子域解析检测"
"③ 根域解析与入池","③ 根域解析与入池"
"子域名入池失败: %{1}, %{2}","子域名入池失败: %{1}, %{2}"
未就绪根域较多时将分多轮检测,未就绪根域较多时将分多轮检测
根域从子域回填,根域从子域回填
根域注册状态纠正,根域注册状态纠正
"[DnsCdnAutoSwitch] 域名 %{1} 注册已完成，已加入待切换队列","[DnsCdnAutoSwitch] 域名 %{1} 注册已完成，已加入待切换队列"
"[DnsCdnAutoSwitch] 检查延迟切换 %{1} 生命周期失败：%{2}","[DnsCdnAutoSwitch] 检查延迟切换 %{1} 生命周期失败：%{2}"
"[DnsCdnAutoSwitch] 开始执行，待处理域名数=%{1}","[DnsCdnAutoSwitch] 开始执行，待处理域名数=%{1}"
"[DnsCdnAutoSwitch] 开始处理域名：%{1}","[DnsCdnAutoSwitch] 开始处理域名：%{1}"
"[DnsCdnAutoSwitch] 域名 %{1} 切换成功","[DnsCdnAutoSwitch] 域名 %{1} 切换成功"
"[DnsCdnAutoSwitch] 域名 %{1} 跳过（生命周期未就绪）","[DnsCdnAutoSwitch] 域名 %{1} 跳过（生命周期未就绪）"
"[DnsCdnAutoSwitch] 域名 %{1} 切换失败：%{2}","[DnsCdnAutoSwitch] 域名 %{1} 切换失败：%{2}"
"[DnsCdnAutoSwitch] 域名 %{1} 异常：%{2}","[DnsCdnAutoSwitch] 域名 %{1} 异常：%{2}"
"[DnsCdnAutoSwitch] 执行完毕：%{1}","[DnsCdnAutoSwitch] 执行完毕：%{1}"
"[DnsCdnAutoSwitch] %{1} 目标 DNS 账户未设置，取消切换","[DnsCdnAutoSwitch] %{1} 目标 DNS 账户未设置，取消切换"
"目标 DNS 账户未设置，取消切换","目标 DNS 账户未设置，取消切换"
"[DnsCdnAutoSwitch] %{1} 目标 DNS 账户 ID=%{2}，检查生命周期","[DnsCdnAutoSwitch] %{1} 目标 DNS 账户 ID=%{2}，检查生命周期"
"[DnsCdnAutoSwitch] %{1} 生命周期状态=%{2}","[DnsCdnAutoSwitch] %{1} 生命周期状态=%{2}"
"[DnsCdnAutoSwitch] %{1} 生命周期已失败，取消切换","[DnsCdnAutoSwitch] %{1} 生命周期已失败，取消切换"
生命周期已失败，取消切换,生命周期已失败，取消切换
"[DnsCdnAutoSwitch] %{1} 无生命周期数据，视为可切换","[DnsCdnAutoSwitch] %{1} 无生命周期数据，视为可切换"
"[DnsCdnAutoSwitch] %{1} 生命周期查询失败（%{2}），视为可切换","[DnsCdnAutoSwitch] %{1} 生命周期查询失败（%{2}），视为可切换"
"[DnsCdnAutoSwitch] %{1} 目标 DNS 账户 ID %{2} 不存在","[DnsCdnAutoSwitch] %{1} 目标 DNS 账户 ID %{2} 不存在"
"目标 DNS 账户 ID %{1} 不存在","目标 DNS 账户 ID %{1} 不存在"
域名可访问性检测,域名可访问性检测
"HTTP/HTTPS(不校验证书) 探测连通性；证书摘要来自证书管理表（列表 hover）","HTTP/HTTPS(不校验证书) 探测连通性；证书摘要来自证书管理表（列表 hover）"
"连通性检测：根域 %d 成功 / %d 失败，子域 %d 成功 / %d 失败","连通性检测：根域 %d 成功 / %d 失败，子域 %d 成功 / %d 失败"
"子域 HTTPS 证书维护","子域 HTTPS 证书维护"
"每 10 分钟先校验证书有效性，再处理待申请队列","每 10 分钟先校验证书有效性，再处理待申请队列"
"① 证书校验","① 证书校验"
"② 证书申请","② 证书申请"
没有需要申请证书的域名池域名,没有需要申请证书的域名池域名
"本次待申请证书域名数：%{1}，将逐个调用 CA 申请并输出过程","本次待申请证书域名数：%{1}，将逐个调用 CA 申请并输出过程"
域名池任务：仅按每条记录的域名申请单域证书，不做泛域（*.*）申请,域名池任务：仅按每条记录的域名申请单域证书，不做泛域（*.*）申请
"挑战策略 DNS-01：自动写入 _acme-challenge TXT（需父域已配置 DNS/CDN 账户且权威 NS 与服务商一致）。","挑战策略 DNS-01：自动写入 _acme-challenge TXT（需父域已配置 DNS/CDN 账户且权威 NS 与服务商一致）。"
"域名池证书申请完成：检查 %{1} 个，跳过 %{2} 个，申请 %{3} 个，成功 %{4} 个，失败 %{5} 个","域名池证书申请完成：检查 %{1} 个，跳过 %{2} 个，申请 %{3} 个，成功 %{4} 个，失败 %{5} 个"
域名池证书申请任务异常：%{1},域名池证书申请任务异常：%{1}
"跳过: domain 或 pool_id 为空","跳过: domain 或 pool_id 为空"
"DNS/CDN 账户为空，定时任务跳过证书申请","DNS/CDN 账户为空，定时任务跳过证书申请"
"开始向 CA 申请：%{1}","开始向 CA 申请：%{1}"
"开始向 CA 申请证书（%{1}），阻塞直至申请完成","开始向 CA 申请证书（%{1}），阻塞直至申请完成"
开始同步申请证书：%{1}，阻塞直至申请完成,开始同步申请证书：%{1}，阻塞直至申请完成
"调用统一证书申请入口，等待 CA 响应…","调用统一证书申请入口，等待 CA 响应…"
证书有效：%{1},证书有效：%{1}
已满足可建站条件,已满足可建站条件
"证书申请成功，已更新 HTTPS 状态与可建站","证书申请成功，已更新 HTTPS 状态与可建站"
证书申请结束：%{1}，成功，已更新为可建站,证书申请结束：%{1}，成功，已更新为可建站
"证书申请失败: %{1}","证书申请失败: %{1}"
"[DomainPoolCertificateRequest] 证书申请结束：%{1}，失败: %{2}","[DomainPoolCertificateRequest] 证书申请结束：%{1}，失败: %{2}"
域名池证书申请失败：%{1},域名池证书申请失败：%{1}
"证书申请异常: %{1}","证书申请异常: %{1}"
"[DomainPoolCertificateRequest] 证书申请结束：%{1}，异常: %{2}","[DomainPoolCertificateRequest] 证书申请结束：%{1}，异常: %{2}"
域名池证书申请异常：%{1},域名池证书申请异常：%{1}
"已与 SSL 证书管理器同步（池状态此前与有效证书记录不一致）","已与 SSL 证书管理器同步（池状态此前与有效证书记录不一致）"
泛域证书覆盖,泛域证书覆盖
"泛域证书已覆盖同根下 %{1} 条池子记录，已全部标为有效","泛域证书已覆盖同根下 %{1} 条池子记录，已全部标为有效"
查询管理证书健康状态失败：%{1},查询管理证书健康状态失败：%{1}
解析管理证书失败：%{1},解析管理证书失败：%{1}
没有需要校验的域名池证书,没有需要校验的域名池证书
本次校验域名数：%{1},本次校验域名数：%{1}
"[%{1}] 证书丢失或无 PEM，回退 HTTPS 状态","[%{1}] 证书丢失或无 PEM，回退 HTTPS 状态"
"[DomainPoolCertificateVerify] 域名 %{1} 证书丢失，回退 HTTPS 状态","[DomainPoolCertificateVerify] 域名 %{1} 证书丢失，回退 HTTPS 状态"
"证书在库中无效或 PEM 丢失，已回退 HTTPS","证书在库中无效或 PEM 丢失，已回退 HTTPS"
"[%{1}] 域名已建站，立即重新申请证书","[%{1}] 域名已建站，立即重新申请证书"
"证书校验完成：检查 %{1}，正常 %{2}，失效 %{3}，重新申请 %{4}（成功 %{5}，失败 %{6}）","证书校验完成：检查 %{1}，正常 %{2}，失效 %{3}，重新申请 %{4}（成功 %{5}，失败 %{6}）"
域名池证书校验任务异常：%{1},域名池证书校验任务异常：%{1}
"[%{1}] DNS/CDN 账户为空，无法重新申请证书","[%{1}] DNS/CDN 账户为空，无法重新申请证书"
"[DomainPoolCertificateVerify] 域名 %{1} 需重新申请证书但 DNS/CDN 账户为空","[DomainPoolCertificateVerify] 域名 %{1} 需重新申请证书但 DNS/CDN 账户为空"
"[%{1}] 证书重新申请成功","[%{1}] 证书重新申请成功"
"[DomainPoolCertificateVerify] 域名 %{1} 证书重新申请成功","[DomainPoolCertificateVerify] 域名 %{1} 证书重新申请成功"
"[%{1}] 证书重新申请失败：%{2}","[%{1}] 证书重新申请失败：%{2}"
"[DomainPoolCertificateVerify] 域名 %{1} 证书重新申请失败：%{2}","[DomainPoolCertificateVerify] 域名 %{1} 证书重新申请失败：%{2}"
"[%{1}] 证书重新申请异常：%{2}","[%{1}] 证书重新申请异常：%{2}"
"[DomainPoolCertificateVerify] 域名 %{1} 证书重新申请异常：%{2}","[DomainPoolCertificateVerify] 域名 %{1} 证书重新申请异常：%{2}"
"【解析阶段】本批 %{1} 条（registered/awaiting_origin，距上次检测≥约10分钟）","【解析阶段】本批 %{1} 条（registered/awaiting_origin，距上次检测≥约10分钟）"
开始处理,开始处理
"DNS 检测结果: resolved=%{1}, ip=%{2}","DNS 检测结果: resolved=%{1}, ip=%{2}"
"DNS 检测结果","DNS 检测结果"
"DNS 未解析","DNS 未解析"
"DNS 未解析: %{1}","DNS 未解析: %{1}"
"尝试添加 A/AAAA 记录","尝试添加 A/AAAA 记录"
"添加记录失败: %{1}","添加记录失败: %{1}"
"域名 %{1} DNS 未解析且添加记录失败","域名 %{1} DNS 未解析且添加记录失败"
"无 DNS 管理账户，无法代写记录；请在外部 DNS 配置后等待生效","无 DNS 管理账户，无法代写记录；请在外部 DNS 配置后等待生效"
"已解析但未指向本站，阶段保持 awaiting_origin","已解析但未指向本站，阶段保持 awaiting_origin"
未判定为指向本站,未判定为指向本站
权威记录确认源站指向本站,权威记录确认源站指向本站
权威记录指向本站,权威记录指向本站
"【解析阶段完成】已进入 origin_ready，下一节拍由「证书申请」任务处理","【解析阶段完成】已进入 origin_ready，下一节拍由「证书申请」任务处理"
阶段→origin_ready,阶段→origin_ready
"处理异常: %{1}","处理异常: %{1}"
"域名 %{1} 处理异常","域名 %{1} 处理异常"
"【cert_valid 阶段】刷新可建站 %{1} 条","【cert_valid 阶段】刷新可建站 %{1} 条"
"解析阶段完成: 处理 %d 条，推进 origin_ready %d 条，代写记录成功 %d，跳过 %d，cert_valid 刷新建站 %d，错误 %d","解析阶段完成: 处理 %d 条，推进 origin_ready %d 条，代写记录成功 %d，跳过 %d，cert_valid 刷新建站 %d，错误 %d"
错误详情:,错误详情:
"域名池检测有 %{1} 个域名失败","域名池检测有 %{1} 个域名失败"
"域名池解析检测任务异常: %{1}","域名池解析检测任务异常: %{1}"
"站点运维（DNS 切换 + 健康检查 + NS/HTTPS）","站点运维（DNS 切换 + 健康检查 + NS/HTTPS）"
"① DNS/CDN 切换 ② 站点健康检查 ③ 整点 NS 检测 ④ 整点 HTTPS 同步","① DNS/CDN 切换 ② 站点健康检查 ③ 整点 NS 检测 ④ 整点 HTTPS 同步"
健康检查,健康检查
"HTTPS 状态同步完成：共 %{1} 个域名，启用 %{2} 个，禁用 %{3} 个，未变化 %{4} 个","HTTPS 状态同步完成：共 %{1} 个域名，启用 %{2} 个，禁用 %{3} 个，未变化 %{4} 个"
"（建站锁定跳过 %{1} 个）","（建站锁定跳过 %{1} 个）"
"HTTPS 状态同步失败：%{1}","HTTPS 状态同步失败：%{1}"
任务长时间未结束，已重置为待处理,任务长时间未结束，已重置为待处理
建站已锁定，跳过自动解析任务,建站已锁定，跳过自动解析任务
"服务器公网 IP 无效，无法写入解析","服务器公网 IP 无效，无法写入解析"
"域名池解析检查失败: root=%{1}, 错误=%{2}","域名池解析检查失败: root=%{1}, 错误=%{2}"
"[DnsMigration] 开始处理 DNS 记录迁移，待处理=%{1}","[DnsMigration] 开始处理 DNS 记录迁移，待处理=%{1}"
"[DnsMigration] %{1} 目标 DNS 账户未设置，跳过","[DnsMigration] %{1} 目标 DNS 账户未设置，跳过"
"[DnsMigration] %{1} 目标账户 ID %{2} 不存在，跳过","[DnsMigration] %{1} 目标账户 ID %{2} 不存在，跳过"
"[DnsMigration] %{1} 推送 DNS 记录到账户 %{2}(%{3})","[DnsMigration] %{1} 推送 DNS 记录到账户 %{2}(%{3})"
"[DnsMigration] %{1} 推送成功，added=%{2}","[DnsMigration] %{1} 推送成功，added=%{2}"
"[DnsMigration] %{1} 推送失败：%{2}","[DnsMigration] %{1} 推送失败：%{2}"
"[DnsMigration] %{1}","[DnsMigration] %{1}"
未就绪域名较多时将分多轮处理,未就绪域名较多时将分多轮处理
"健康检查完成：共 %{1} 个域名，健康 %{2} 个，不健康 %{3} 个，HTTPS 状态更新 %{4} 个，根域/池同步 %{5} 条","健康检查完成：共 %{1} 个域名，健康 %{2} 个，不健康 %{3} 个，HTTPS 状态更新 %{4} 个，根域/池同步 %{5} 条"
健康检查失败：%{1},健康检查失败：%{1}
域名订单生命周期处理,域名订单生命周期处理
"轮询购买/生命周期订单，推进 DNS、解析、证书等状态","轮询购买/生命周期订单，推进 DNS、解析、证书等状态"
"域名生命周期轮询完成：处理 %{processed} 条，完成 %{completed} 条，失败 %{failed} 条","域名生命周期轮询完成：处理 %{processed} 条，完成 %{completed} 条，失败 %{failed} 条"
"[DNS/CDN 切换] %{1}","[DNS/CDN 切换] %{1}"
"（脏数据修复：同步根域 %{1} 条，补标完成 %{2} 条）","（脏数据修复：同步根域 %{1} 条，补标完成 %{2} 条）"
域名生命周期轮询失败：%{error},域名生命周期轮询失败：%{error}
域名池证书健康（每日）,域名池证书健康（每日）
"每日校验池内已签发证书 PEM；与 SSL 表续期通知节拍一致","每日校验池内已签发证书 PEM；与 SSL 表续期通知节拍一致"
"用法：scope:migrate-p1a preflight|apply|verify|rollback [--database=mig_clone_*]","用法：scope:migrate-p1a preflight|apply|verify|rollback [--database=mig_clone_*]"
"MIG-P1A Scope 迁移：preflight/apply/verify/rollback（apply 必须 --database=mig_clone_*）","MIG-P1A Scope 迁移：preflight/apply/verify/rollback（apply 必须 --database=mig_clone_*）"
"开始 v1.6.0 域名池数据迁移...","开始 v1.6.0 域名池数据迁移..."
（试运行模式，不会实际修改数据）,（试运行模式，不会实际修改数据）
"步骤 1: 为根域名生成子域名到域名池...","步骤 1: 为根域名生成子域名到域名池..."
"处理根域名: %{1}","处理根域名: %{1}"
"新增 %{1} 个子域名","新增 %{1} 个子域名"
"错误: %{1}","错误: %{1}"
"步骤 2: 迁移解析状态数据...","步骤 2: 迁移解析状态数据..."
"步骤 3: 为 WebsiteDomain 关联 pool_id...","步骤 3: 为 WebsiteDomain 关联 pool_id..."
"关联 %{1} -> pool_id=%{2}","关联 %{1} -> pool_id=%{2}"
"未找到匹配的池域名: %{1}","未找到匹配的池域名: %{1}"
迁移完成！统计：,迁移完成！统计：
"- 处理根域名: %{1}","- 处理根域名: %{1}"
"- 新建池域名: %{1}","- 新建池域名: %{1}"
"- 更新池域名: %{1}","- 更新池域名: %{1}"
"- 关联 WebsiteDomain: %{1}","- 关联 WebsiteDomain: %{1}"
"- 错误数: %{1}","- 错误数: %{1}"
%{1},%{1}
"（试运行模式已完成，移除 --dry-run 参数以实际执行）","（试运行模式已完成，移除 --dry-run 参数以实际执行）"
迁移完成,迁移完成
"v1.6.0 域名池数据迁移","v1.6.0 域名池数据迁移"
（试运行模式，不会实际删除）,（试运行模式，不会实际删除）
未发现非法域名记录,未发现非法域名记录
"发现 %{1} 条非法域名记录：","发现 %{1} 条非法域名记录："
"已删除 %{1} 条非法记录","已删除 %{1} 条非法记录"
"处理完成：%d 条非法记录","处理完成：%d 条非法记录"
编辑网站功能授权,编辑网站功能授权
"菜单 / 控制器资源","菜单 / 控制器资源"
勾选后保存为该站授权包上限,勾选后保存为该站授权包上限
"暂无 ACL 资源","暂无 ACL 资源"
保存授权,保存授权
访问,访问
访问网站,访问网站
点击选择域名，选择后将自动填充相关字段,点击选择域名，选择后将自动填充相关字段
润色失败：模型未返回内容,润色失败：模型未返回内容
网站关联数据写入后、主事务提交前触发，用于同库关键扩展；异常会回滚整个网站保存。,网站关联数据写入后、主事务提交前触发，用于同库关键扩展；异常会回滚整个网站保存。
"网站 code 不能为空","网站 code 不能为空"
"异步准备本地测试域名，或在明确确认后购买正式域名；完成前不得启动 AI 规划。","异步准备本地测试域名，或在明确确认后购买正式域名；完成前不得启动 AI 规划。"
本地测试域名尚未准备完成：%{1},本地测试域名尚未准备完成：%{1}
本地测试域名尚未准备完成。,本地测试域名尚未准备完成。
网站ID不能为空,网站ID不能为空
"保存关联货币失败: %{1}","保存关联货币失败: %{1}"
"保存关联语言失败: %{1}","保存关联语言失败: %{1}"
站点首页已保存，但运行中实例缓存刷新失败。,站点首页已保存，但运行中实例缓存刷新失败。
"三入口共用 ProductCopyService；提交前先 preview。库存默认 0，需显式勾选才复制数量。","三入口共用 ProductCopyService；提交前先 preview。库存默认 0，需显式勾选才复制数量。"
"分类树：勾父默认含子孙；可用 excluded_category_ids 取消子树；include_products 控制是否带品。","分类树：勾父默认含子孙；可用 excluded_category_ids 取消子树；include_products 控制是否带品。"
"同来源重复复制：默认 skip；或 update_selected_fields 只更新勾选字段包，不删未选字段。","同来源重复复制：默认 skip；或 update_selected_fields 只更新勾选字段包，不删未选字段。"
"当前 commit 以 memory/harness 契约为准；Repository 适配器就绪前，完整写库提交的 Browser 验收记为 BLOCKED_ADAPTER。","当前 commit 以 memory/harness 契约为准；Repository 适配器就绪前，完整写库提交的 Browser 验收记为 BLOCKED_ADAPTER。"
"按网站读取店铺目录 v1","按网站读取店铺目录 v1"
"按店铺读取销售渠道目录 v1","按店铺读取销售渠道目录 v1"
"网站 ID；0 是合法的系统默认站点","网站 ID；0 是合法的系统默认站点"
目录查询缺少必填参数：%{1},目录查询缺少必填参数：%{1}
目录查询只允许参数：%{1},目录查询只允许参数：%{1}
"目录查询参数 %{1} 超出整数范围","目录查询参数 %{1} 超出整数范围"
"目录查询参数 %{1} 必须是规范整数","目录查询参数 %{1} 必须是规范整数"
"目录查询参数 %{1} 必须大于或等于 %{2}","目录查询参数 %{1} 必须大于或等于 %{2}"
"目录查询参数 %{1} 不能大于 %{2}","目录查询参数 %{1} 不能大于 %{2}"
"留空使用整域，例如 shop 或 aisite_demo","Leave empty for the whole domain, e.g. shop or aisite_demo"
"选择域名后可追加子路径，站点将挂载为 域名/子路径；留空则占用整个域名。","After choosing a domain, optionally append a sub-path so the site mounts at domain/sub-path. Leave empty to own the whole domain."
填写目标域名后可预览挂载地址。,"Enter a target domain to preview the mount URL."
