证书签发完成,"Certificate Issued"
"当 SSL 证书成功签发后触发，允许其他模块监听并处理证书签发后的逻辑，如同步 HTTPS 状态。","Triggered when SSL certificate is successfully issued. Allows other modules to listen and handle post-issuance logic, such as syncing HTTPS status."
证书禁用,"Certificate Disabled"
"当 HTTPS 被禁用或证书失效时触发，允许其他模块监听并回退 HTTPS 状态。","Triggered when HTTPS is disabled or certificate becomes invalid. Allows other modules to listen and rollback HTTPS status."
证书已删除,"Certificate deleted"
"当 SSL 证书被删除时触发，允许其他模块清除关联的 HTTPS 状态、可建站状态等。","Triggered when an SSL certificate is deleted, allowing other modules to clear associated HTTPS status, site-building status, etc."
证书更新,"Certificate Renewed"
"当 SSL 证书续签或更新时触发，允许其他模块监听并处理证书更新后的逻辑。","Triggered when SSL certificate is renewed. Allows other modules to listen and handle post-renewal logic."
"WLS Master 复活失败","WLS Master Resurrection Failed"
"当 Master 进程异常退出后，子进程尝试复活三次均失败时触发；Worker 继续服务，需人工执行 server:start 或 server:restart。","Triggered when the Master process exits abnormally and child processes fail to revive after three attempts; Workers continue serving, manual execution of server:start or server:restart is required."
请求域名列表,"Request Domain List"
"当 Server 模块需要获取可选域名列表时触发，允许其他模块（如 Websites）提供域名数据。","Triggered when Server module needs to get available domain list. Allows other modules (like Websites) to provide domain data."
安全规则更新,"Security rules updated"
"当 WLS 安全规则保存后触发，允许 CDN 模块同步边缘防护规则。","Triggered after WLS security rules are saved, allowing the CDN module to sync edge protection rules."
维护模式状态查询,"Maintenance mode status query"
"由 Framework 触发，用于查询 WLS 运行时维护模式状态。","Triggered by Framework to query the WLS runtime maintenance mode status."
维护模式状态设置,"Maintenance mode status setting"
"由 Framework 触发，用于在 WLS 运行时设置维护模式状态。","Triggered by Framework to set the maintenance mode status during WLS runtime."
"Session query provider unsupported operation: %{1}","Session query provider unsupported operation: %{1}"
"Session Query","Session Query"
"Unified shared session facade query entry","Unified shared session facade query entry"
"Read session data","Read session data"
"Write full session payload","Write full session payload"
"Destroy session","Destroy session"
"Check session exists","Check session exists"
"Touch session ttl","Touch session ttl"
"List sessions","List sessions"
"Run session gc","Run session gc"
"Persist session store","Persist session store"
"Ping session service","Ping session service"
"Get session stats","Get session stats"
"Get session runtime","Get session runtime"
"Memory query provider unsupported operation: %{1}","Memory query provider unsupported operation: %{1}"
"Memory Query","Memory Query"
"Unified shared memory facade query entry","Unified shared memory facade query entry"
"Multi get","Multi get"
"Multi set","Multi set"
"Clear namespace","Clear namespace"
"Increment value","Increment value"
"Decrement value","Decrement value"
"Append value","Append value"
"Compare and set","Compare and set"
"List namespaces","List namespaces"
"Run memory gc","Run memory gc"
"Persist memory store","Persist memory store"
"Ping memory service","Ping memory service"
"Get memory stats","Get memory stats"
"Get memory runtime","Get memory runtime"
"Server 查询器不支持的操作：%{1}","Operation not supported by Server query: %{1}"
"Server 查询","Server query"
"提供 SSL 证书申请等能力","Provides SSL certificate application and other capabilities"
"申请 SSL 证书","Request SSL Certificate"
域名,Domain
"Webroot 路径","Webroot path"
联系邮箱,"Contact Email"
"关联网站 ID","Associated Site ID"
"证书提供商 letsencrypt/litessl","Certificate Provider letsencrypt/litessl"
"证书类型 exact|wildcard","Certificate type exact|wildcard"
"策略 single|wildcard_prefer|both","Policy single|wildcard_prefer|both"
"验证策略 auto|http01|dns01，非80端口时 auto 自动用 dns01","Verification strategy auto|http01|dns01, when not on port 80, auto defaults to dns01"
"域名池 ID，DNS-01 时用于解析 DNS 账户","Domain pool ID, used to resolve DNS account for DNS-01"
"根域名 ID，DNS-01 时用于解析 DNS 账户","Root Domain ID, used to resolve DNS account for DNS-01"
"手动导入 SSL 证书（支持 PEM/PFX）","Manually import SSL certificate (supports PEM/PFX)"
"证书提供商标记，默认 manual","Certificate Provider Tag, Default manual"
"fullchain PEM 文本","fullchain PEM text"
"private key PEM 文本","private key PEM text"
"chain PEM 文本","chain PEM text"
"pfx/p12 文件 base64 内容","pfx/p12 file base64 Content"
"pfx/p12 文件密码","pfx/p12 file password"
"校验域名 URL 可达性及是否命中期望 IP","Verify domain URL reachability and whether it hits the expected IP"
"访问 URL，默认 https://domain/","Access URL, default https://domain/"
"期望 IPv4","Expected IPv4"
"期望 IPv6","Expected IPv6"
根据主机名解析管理证书，返回安全数据,"Resolve management certificates by hostname, return security data"
主机名,hostname
"优先绑定的证书 ID","Priority bound certificate ID"
"判断主机名是否存在 active 且未过期的管理证书","Check if the hostname has an active and non-expired management certificate"
判断主机名的管理证书是否健康（含覆盖与文件有效性）,"Check if the management certificate of the hostname is healthy (including override and file validity)"
获取服务器状态,"Get Server Status"
启动实例,"Start instance"
停止实例,"Stop instance"
重启实例,"Restart instance"
热重载实例,"Hot Reload Instance"
启用维护模式,"enable maintenance mode"
禁用维护模式,"disable maintenance mode"
获取优化指南数据,"Optimization guide data retrieved"
"获取 SSL 证书列表","Get SSL certificate list"
"获取 SSL 证书详情","Get SSL certificate details"
"查询各 Worker Fiber 池统计（挂起数、配置）","Query statistics for each Worker Fiber pool (pending count, configuration)"
"实例名，默认 default","Instance name, default default"
"下发 Fiber 池配置：闲置超时与最大活跃数","Deliver Fiber pool configuration: idle timeout and maximum active number"
实例名,"Instance name"
挂起超过此秒数释放，0=不自动释放,"Release after this many seconds of inactivity; 0 = do not auto-release"
"最大挂起 Fiber 数，0=不限制","Max Suspended Fibers, 0 = Unlimited"
"通知各 Worker 立即释放闲置 Fiber","Notify all Workers to release idle Fibers immediately"
"读取 WLS 攻击统计","读取 WLS 攻击统计"
统计天数,统计天数
"Resolve a WLS Panel managed project for plugin context","Resolve a WLS Panel managed project for plugin context"
"Managed project ID","Managed project ID"
"Managed project domain","Managed project domain"
"Read WLS performance summary for the development panel","Read WLS performance summary for the development panel"
"Read recent WLS performance requests for the development panel","Read recent WLS performance requests for the development panel"
"Read one WLS performance request detail","Read one WLS performance request detail"
"Read SessionServer and MemoryServer timing snapshots","Read SessionServer and MemoryServer timing snapshots"
"Clear short-lived WLS performance panel traces","Clear short-lived WLS performance panel traces"
"为当前后台浏览器设置 WLS 健康检查放行 Cookie","为当前后台浏览器设置 WLS 健康检查放行 Cookie"
域名不能为空,"Domain cannot be empty"
"PFX 文件内容无效（Base64 解码失败）","PFX file content is invalid (Base64 decoding failed)"
"PFX/P12 解析失败，请确认文件与密码正确","PFX/P12 parsing failed, please confirm that the file and password are correct"
"证书内容不完整，请提供 fullchain 与 private key","Certificate Content Incomplete, Please Provide Fullchain and Private Key"
创建检测地址失败,"Failed to create detection address"
"校验通过：域名已解析到期望 IP 且 URL 可达","Validation passed: Domain resolved to expected IP and URL is reachable"
"校验失败：请确认域名解析已指向本机且 URL 可访问","Validation failed: Please confirm that the domain resolution points to this machine and the URL is accessible"
创建检测目录失败,"Failed to create detection directory"
创建检测文件失败,"Failed to create detection file"
启动命令已提交,"Start command submitted"
停止命令已发送,"Stop command sent"
重启命令已发送,"Restart command sent"
热重载命令已发送,"Hot reload command sent."
"Only local/dev/test environment may write hosts entries","Only local/dev/test environment may write hosts entries"
"Domain is required","Domain is required"
"Only managed local WLS domains may be injected into local hosts","Only managed local WLS domains may be injected into local hosts"
"The requested .localhost domain resolves to loopback and does not require a hosts entry","The requested .localhost domain resolves to loopback and does not require a hosts entry"
"The requested domain is not a valid local hostname","The requested domain is not a valid local hostname"
"Only managed local wildcard domains are allowed for local wildcard certificate issuance","Only managed local wildcard domains are allowed for local wildcard certificate issuance"
"Failed to ensure the managed local wildcard certificate","Failed to ensure the managed local wildcard certificate"
维护模式已启用,"Maintenance mode is enabled"
维护模式已禁用,"Maintenance mode is disabled"
请先登录后台,"Please log in to backend first"
"Managed project context is empty.","Managed project context is empty."
"Managed project was not found.","Managed project was not found."
"Managed project context resolved.","Managed project context resolved."
"Invalid request id","Invalid request id"
"WLS request trace loaded","WLS request trace loaded"
"WLS request trace was not found","WLS request trace was not found"
请指定域名,"Please specify domain"
未找到证书记录,"Certificate record not found"
本地域名证书不允许删除,"Local domain certificate cannot be deleted"
"Session 列表加载完成","Session list loading completed"
"缺少 Session ID","Missing Session ID"
"Session 已销毁","Session destroyed"
"Session 销毁失败，请稍后重试","Session destruction failed, please try again later"
"Session 数据已持久化","Session data has been persisted"
"Session 持久化失败","Session persistence failed"
"Session 垃圾回收已执行","Session garbage collection executed"
"Session 垃圾回收执行失败","Session garbage collection execution failed"
内存命名空间加载完成,"Memory namespace loaded"
缺少命名空间参数,"Missing namespace parameter"
命名空间详情加载完成,"Namespace details loaded"
内存命名空间已清空,"Memory namespace cleared"
命名空间清理失败,"Namespace cleanup failed"
缺少命名空间或键名参数,"Missing namespace or key name parameter"
缓存键已删除,"Cache Key Deleted"
缓存键删除失败,"Cache Key Deletion Failed"
内存服务数据已持久化,"Memory service data has been persisted"
内存服务持久化失败,"Memory service persistence failed"
内存服务垃圾回收已执行,"Memory service garbage collection executed"
内存服务垃圾回收执行失败,"Memory service garbage collection execution failed"
"WLS performance panel is only available in development or authorized debug mode","WLS performance panel is only available in development or authorized debug mode"
包太大：%{1},"Package too large: %{1}"
"onMessage 错误：%{1}","onMessage error: %{1}"
"onClose 错误：%{1}","onClose error: %{1}"
"静态文件缓存: %{1} %{2}","静态文件缓存: %{1} %{2}"
请求边界清理失败，请稍后重试。,请求边界清理失败，请稍后重试。
"高性能异步常驻内存服务器，支持 HTTP/WebSocket/TCP/UDP 协议，支持多实例管理、服务器监控、攻击日志、证书管理 Hook 集成","High-performance asynchronous persistent memory server, supports HTTP/WebSocket/TCP/UDP protocols, supports multi-instance management, server monitoring, attack logs, certificate management Hook integration"
"WLS 通知：%{1}","WLS notification: %{1}"
"WLS 实例 [%s] Master 复活失败，已尝试 %d 次，请人工检查并执行 server:start 或 server:restart。","WLS 实例 [%s] Master 复活失败，已尝试 %d 次，请人工检查并执行 server:start 或 server:restart。"
"SSL 证书管理","SSL Certificate Management"
"无效的证书 ID","Invalid certificate ID"
不支持的策略字段,"Unsupported policy fields"
证书不存在,"Certificate Not Found"
策略已更新,"Policy updated"
请指定联系邮箱,"Please specify the contact email"
"本地域名证书（localhost/127.0.0.1）不允许删除，用于后台 HTTPS 访问","Local domain certificates (localhost/127.0.0.1) cannot be deleted; they are required for backend HTTPS access"
后台手动删除,"Backend Manual Deletion"
"同步完成：未自动写入证书记录（仅在证书颁发成功并下载后入库）。当前有 %{1} 个站点域名尚无证书行，请使用「申请证书」。","Sync completed: Certificate records not automatically written (records are only stored after successful certificate issuance and download). Currently, %{1} site domains have no certificate entries. Please use ""Apply for Certificate""."
请选择要签发证书的域名,"Please select domains to issue certificates"
证书签发成功,"Certificate issued successfully"
证书签发失败,"Certificate issue failed"
"签发完成：成功 %{1} 个，失败 %{2} 个","Issue completed: %{1} succeeded, %{2} failed"
请选择要删除的证书,"Please select the certificate to delete"
后台批量删除,"Backend Batch Deletion"
证书删除失败,证书删除失败
"已删除 %{1} 个证书","Deleted %{1} certificate(s)"
"跳过 %{1} 个本地域名（%{2}）","Skipped %{1} local domains (%{2})"
"跳过 %{1} 个正在申请证书的域名（%{2}）","Skipped %{1} domains with pending certificate applications (%{2})"
"%{1} 个证书删除未完成","%{1} 个证书删除未完成"
请选择要续签的证书,"Please select the certificate to renew"
%{1}：证书记录不存在,"%{1}: Certificate record does not exist"
%{1}：%{2},%{1}：%{2}
续签失败,"Renewal failed"
"续签完成：成功 %{1} 个，失败 %{2} 个","Renewal complete: %{1} succeeded, %{2} failed"
"Legacy WLS Plugin Marketplace Redirect","Legacy WLS Plugin Marketplace Redirect"
"Redirect the old WLS marketplace entry to the standalone WLS Panel marketplace.","Redirect the old WLS marketplace entry to the standalone WLS Panel marketplace."
"WLS 面板","WLS 面板"
"WLS 项目","WLS 项目"
"Nginx 公网入口","Nginx public endpoint"
"WLS 插件","WLS 插件"
"WLS 插件商城","WLS 插件商城"
"WLS 安全","WLS 安全"
"WLS 攻击日志","WLS 攻击日志"
"WLS 安全规则","WLS 安全规则"
"WLS 项目安全策略","WLS 项目安全策略"
"WLS 安全策略审计","WLS 安全策略审计"
托管项目保存失败。,托管项目保存失败。
托管项目删除失败。,托管项目删除失败。
规则版本已缺失，请刷新页面后重试。,规则版本已缺失，请刷新页面后重试。
安全规则保存失败。,安全规则保存失败。
安全规则已提交，但后置通知仍待重试。,安全规则已提交，但后置通知仍待重试。
插件能力,插件能力
托管项目已保存。,托管项目已保存。
托管项目已删除。,托管项目已删除。
安全规则已保存。,安全规则已保存。
面板插件能力已刷新。,面板插件能力已刷新。
"访问 WLS 面板","访问 WLS 面板"
"查看 WLS 面板仪表盘","查看 WLS 面板仪表盘"
"查看 WLS 面板项目","查看 WLS 面板项目"
"查看 WLS 面板托管项目","查看 WLS 面板托管项目"
"查看 WLS 面板网关","查看 WLS 面板网关"
"查看 WLS 面板插件","查看 WLS 面板插件"
"查看 WLS 面板插件页面","查看 WLS 面板插件页面"
"查看 WLS 插件商城","查看 WLS 插件商城"
"刷新 WLS 面板插件能力","刷新 WLS 面板插件能力"
"查看 WLS 安全","查看 WLS 安全"
"查看 WLS 攻击日志","查看 WLS 攻击日志"
"查看 WLS 安全规则","查看 WLS 安全规则"
"查看 WLS 项目安全策略","查看 WLS 项目安全策略"
"查看 WLS 安全策略审计","查看 WLS 安全策略审计"
"保存 WLS 面板项目","保存 WLS 面板项目"
"保存 WLS 面板托管项目","保存 WLS 面板托管项目"
"删除 WLS 面板项目","删除 WLS 面板项目"
"删除 WLS 面板托管项目","删除 WLS 面板托管项目"
"保存 WLS 安全规则","保存 WLS 安全规则"
"Weline Server 管理","Weline Server Administration"
"Session 管理","Session management"
内存服务管理,"Memory service management"
访问被拒绝：仅允许本地请求,"Access Denied: Only Local Requests Allowed"
实例名称不合法,"Invalid instance name"
"Session ID 参数不合法","Invalid Session ID parameter"
"Session 详情加载完成","Session details loading completed"
"Session ID 不合法","Invalid Session ID"
"Session 销毁失败，请确认服务可用后重试","Session destruction failed, please confirm that the service is available and try again"
"Session 持久化失败，请检查 Session 服务状态","Session persistence failed, please check the Session service status"
命名空间参数不合法,"Invalid namespace parameter"
"命名空间清理失败，请检查 Memory Service 状态","Namespace cleanup failed, please check Memory Service status"
命名空间或键名参数不合法,"Invalid namespace or key parameter"
"内存服务垃圾回收执行失败，请检查 Memory Service 连接状态","Memory service garbage collection execution failed, please check the Memory Service connection status"
"启动 Weline Server","启动 Weline Server"
"启动 Weline Server 实例","启动 Weline Server 实例"
"停止 Weline Server","Stop Weline Server"
"停止 Weline Server 实例","停止 Weline Server 实例"
"重启 Weline Server","Restart Weline Server"
"强制重启 Weline Server 实例","强制重启 Weline Server 实例"
"热重载 Weline Server","热重载 Weline Server"
"热重载 Weline Server 代码","热重载 Weline Server 代码"
"切换 Weline Server 维护模式","切换 Weline Server 维护模式"
"启用 Weline Server 维护模式","启用 Weline Server 维护模式"
"禁用 Weline Server 维护模式","禁用 Weline Server 维护模式"
"查看 Weline Server Session","查看 Weline Server Session"
"查看 Weline Server Session 列表","查看 Weline Server Session 列表"
"查看 Weline Server Session 详情","查看 Weline Server Session 详情"
"销毁 Weline Server Session","销毁 Weline Server Session"
"销毁指定 Weline Server Session","销毁指定 Weline Server Session"
"持久化 Weline Server Session","持久化 Weline Server Session"
"持久化 Weline Server Session 数据","持久化 Weline Server Session 数据"
"回收 Weline Server Session","回收 Weline Server Session"
"执行 Weline Server Session 垃圾回收","执行 Weline Server Session 垃圾回收"
"查看 Weline Server 内存服务","查看 Weline Server 内存服务"
"查看 Weline Server 内存命名空间","查看 Weline Server 内存命名空间"
"查看 Weline Server 内存命名空间详情","查看 Weline Server 内存命名空间详情"
"清理 Weline Server 内存命名空间","清理 Weline Server 内存命名空间"
"删除 Weline Server 内存键","删除 Weline Server 内存键"
"删除 Weline Server 内存服务键","删除 Weline Server 内存服务键"
"持久化 Weline Server 内存服务","持久化 Weline Server 内存服务"
"持久化 Weline Server 内存服务数据","持久化 Weline Server 内存服务数据"
"回收 Weline Server 内存服务","回收 Weline Server 内存服务"
"执行 Weline Server 内存服务垃圾回收","执行 Weline Server 内存服务垃圾回收"
"Weline Server 性能优化指南","Weline Server Performance Optimization Guide"
"仅支持 AJAX 请求","Only supports AJAX requests"
服务器监控,"Server Monitoring"
"请先输入压测目标 URL，例如 http://127.0.0.1:9981/_wls/health。","Please enter the stress test target URL first, e.g., http://127.0.0.1:9981/_wls/health."
压测完成,"Stress Test Completed"
压测失败,"Stress Test Failed"
"请传入有效的压测记录 ID。","Please provide a valid stress test record ID."
未找到对应的压测记录。,"Corresponding stress test record not found."
攻击日志,"Attack Log"
"WLS API 文档","WLS API Documentation"
健康检查,"Health Check"
基础健康检查,"Basic Health Check"
"返回 Worker 基础健康状态","Return Worker basic health status"
详细健康检查,"Detailed health check"
"返回 Worker 详细状态信息，包括内存、请求数、连接数等","Return Worker detailed status info, including memory, requests, connections, etc."
进程管理,"Process Management"
优雅停止,"Graceful Shutdown"
"优雅停止当前 Worker 进程（仅本地访问）","Gracefully Shutdown Current Worker Process (Local Access Only)"
热重载,"Hot reload."
触发代码热重载（仅本地访问）,"Trigger Code Hot Reload (Local Access Only)"
状态查询,"Status Query"
"Dispatcher 状态","Dispatcher status"
"获取 Dispatcher 分流器状态（仅显式兼容/诊断拓扑）","Get Dispatcher status (explicit compatibility/diagnostic topology only)"
"Workers 列表","Workers list"
"获取所有 Worker 进程列表","Get all Worker process list"
调试工具,"Debugging Tools"
请求回显,"Request echo"
回显请求信息，用于调试,"Echo request information for debugging"
内存缓存状态,"Memory cache status"
"获取 WLS 内存缓存状态","Get WLS memory cache status"
日志清理完成,"Log cleanup completed"
安全规则,"Security rules"
"规则 JSON 格式不正确","Rule JSON format is incorrect"
规则数据不能为空,"Rule data cannot be empty"
安全规则已提交，但外部同步通知仍待重试。,安全规则已提交，但外部同步通知仍待重试。
安全规则已保存,"Security rules saved"
保存失败：%{1},"Save failed: %{1}"
"WLS Fiber concurrency probe is disabled.","WLS Fiber concurrency probe is disabled (enable DEV, ENV_TEST, or WLS_FIBER_CONCURRENCY_PROBE=1)."
"WLS fiber probe: parallel clients are required; sequential PHP curl does not simulate users.","Parallel HTTP clients are required; sequential curl in one PHP process does not simulate concurrent users."
"WLS fiber probe: set env WLS_FIBER_CONCURRENCY_PROBE=1 when DEV is off.","When DEV is off, set WLS_FIBER_CONCURRENCY_PROBE=1 to enable the probe."
"Invalid cid parameter for fiber probe.","Invalid cid parameter for fiber probe (use 8–128 chars: letters, digits, _, -)."
定时器间隔必须大于0,"Timer interval must be greater than 0"
"定时器需要 pcntl 扩展或事件循环支持","Timer requires pcntl extension or event loop support"
无效的监听地址：%{1},"Invalid listen address: %{1}"
"Windows 模式：单进程运行","Windows mode: single process"
"Weline Server 只能在 CLI 模式下运行","Weline Server can only run in CLI mode"
"用法：php yourfile.php {start|stop|restart|reload|status}","Usage: php yourfile.php {start|stop|restart|reload|status}"
"Fork 失败","Fork failed"
"setsid 失败","setsid failed"
"二次 Fork 失败","Second fork failed"
"无法保存 PID 到 %{1}","Cannot save PID to %{1}"
高性能异步常驻内存服务器,"High-performance asynchronous persistent memory server"
守护进程模式运行，PID：%{1},"Running in daemon mode, PID: %{1}"
"按 Ctrl+C 停止服务器","Press Ctrl+C to stop server"
"警告：用户 %{1} 不存在","Warning: User %{1} not found"
"警告：无法切换用户到 %{1}","Warning: Cannot switch user to %{1}"
"onWorkerStart 错误：%{1}","onWorkerStart error: %{1}"
"无法创建 Socket：[%{1}] %{2}","Cannot create socket: [%{1}] %{2}"
"onConnect 错误：%{1}","onConnect error: %{1}"
"Worker [%{1}] 退出，退出码：%{2}，正在重启...","Worker [%{1}] exited with code %{2}, restarting..."
"onWorkerStop 错误：%{1}","onWorkerStop error: %{1}"
"正在停止所有 Worker...","Stopping all workers..."
"Windows 不支持重载功能","Windows does not support reload"
"Weline Server 未运行","Weline Server is not running"
"Weline Server 正在运行，Master PID：%{1}","Weline Server is running, Master PID: %{1}"
"Weline Server 已停止","Weline Server stopped"
"域名 %{1} 已被其他证书记录使用（cert_id=%{2}），不能重复保存。请通过证书管理合并或删除重复记录。","Domain %{1} is already in use by another certificate record (cert_id=%{2}) and cannot be saved again. Please merge or delete duplicate records through certificate management."
频率限制,"Frequency Limit"
路径扫描,"Path scan"
恶意特征,"Malicious patterns"
恶意UA,"Malicious UA"
敏感路径,"Sensitive Path"
已封禁,Banned
DDoS攻击,"DDoS attack"
低,Low
中,middle
高,High
严重,serious
"Project name is required.","Project name is required."
"Project domain is invalid.","Project domain is invalid."
"Project URL must start with http:// or https://.","Project URL must start with http:// or https://."
放行健康检查（开发模式）,"Allow health check (dev mode)"
同步域名,"Sync Domains"
申请证书,"Request Certificate"
证书总数,"Total Certificates"
"HTTPS 启用","HTTPS Enabled"
即将过期,"Expiring Soon"
已过期,Expired
已选择,Chosen
项,Item
批量续签,"Batch renew"
批量删除,"Batch delete"
取消选择,"Cancel Selection"
证书列表,"Certificate List"
暂无证书记录,"No certificate records"
"点击""申请证书""开始为您的域名申请 SSL 证书","Click ""Apply for Certificate"" to start applying for an SSL certificate for your domain"
状态,Status
HTTPS,HTTPS
强制HTTPS,"Force HTTPS"
根域→www,"Root domain → www"
到期时间,"Expires At"
颁发机构,Issuer
服务商,"Service provider"
操作,Operation
有效,Active
待申请,Pending
错误,Error
本地,Local
"剩余 %{1} 天","%{1} days remaining"
自签证书,"Self-Signed Certificate"
申请,Apply
续签,Renew
删除,Delete
使用说明,"Usage Guide"
命令行操作,"Command Line Operations"
查看证书状态,"View certificate status"
申请新证书,"Request new certificate"
续签到期证书,"Renew expiring certificates"
同步网站域名,"Sync website domains"
证书存储位置,"Certificate Storage Location"
证书文件存储在：,"Certificate files stored at:"
证书链,"Certificate Chain"
私钥,"Private Key"
中间证书,"Intermediate Certificate"
请确保域名已正确解析到本服务器,"Please ensure the domain is correctly resolved to this server"
证书提供商,"Certificate Provider"
LiteSSL,LiteSSL
取消,Cancel
请重启服务器使配置生效,"Please restart server to apply changes"
请重启或热重载服务器使策略生效,"Please restart or hot-reload the server for the policy to take effect."
确定要为此域名申请证书吗？,"Are you sure you want to request a certificate for this domain?"
请输入联系邮箱,"Please enter contact email"
正在申请证书，请稍候...,"Requesting certificate, please wait..."
确定要续签此证书吗？,"Are you sure you want to renew this certificate?"
正在续签证书，请稍候...,"Renewing certificate, please wait..."
确定要删除此证书吗？此操作不可恢复！,"Are you sure you want to delete this certificate? This action cannot be undone!"
请输入联系邮箱（用于申请证书）,"Please enter contact email (for certificate request)"
所选证书均为本地域名证书，不允许删除,"The selected certificates are all local domain certificates and cannot be deleted"
请先选择要删除的证书,"Please select the certificate to delete first"
确定要删除选中的,"Are you sure you want to delete the selected"
个证书吗？此操作不可恢复！,"A certificate? This operation is irreversible!"
（本地域名证书将被自动跳过）,"(Local domain certificates will be automatically skipped)"
正在批量删除，请稍候...,"Batch deleting, please wait..."
请先选择要续签的证书,"Please select the certificate to renew first"
确定要批量续签选中的,"Are you sure you want to batch renew the selected"
个证书吗？,"A certificate?"
正在批量续签，请稍候...,"Batch renewing, please wait..."
加载中...,Loading...
正在加载优化指南...,"Loading optimization guide..."
加载失败,"Failed to load"
重试,Retry
未知错误,"Unknown error"
"基于您当前的 PHP 环境自动生成的优化建议","Optimization suggestions automatically generated based on your current PHP environment"
生成时间,"Generation time"
操作系统,"Operating system"
本地访问,"Local Access"
"您的 PHP 环境","Your PHP environment"
"PHP 版本","PHP version"
"PHP 可执行文件","PHP executable file"
"php.ini 配置文件","php.ini Configuration file"
扩展目录,"Extension directory"
线程安全模式,"Thread-Safe Mode"
"下载扩展时选择 TS 版本","Select the TS version when downloading the extension"
"下载扩展时选择 NTS 版本","Select the NTS version when downloading the extension"
优化概览,"Optimization Overview"
已优化,Optimized
待优化,"To optimize"
当前加成,"Current bonus"
潜在提升,"Potential improvement"
未优化时：,"Not optimized:"
优化后：,"After Optimization:"
此优化项已配置完成！,"This optimization item has been configured!"
完成后重启服务器,"Restart Server After Completion"
完成以上优化后，需要重启服务器使配置生效：,"After completing the above optimizations, the server needs to be restarted for the configuration to take effect:"
复制命令,"Copy command"
验证优化结果,"Verify optimization results"
重启后可以运行压力测试查看性能提升：,"After restarting, you can run a stress test to see performance improvements:"
安装步骤,"Installation steps"
文件位置：,"File location:"
添加内容：,"Add Content:"
复制,Copy
执行命令：,"Execute command:"
选择您的系统：,"Select Your System:"
打开下载页面,"Open download page"
已复制到剪贴板,"Copied to clipboard"
正在加载服务器状态...,"Loading server status..."
"Session 全部字段","Session all fields"
关闭,Close
字段,Field
类型,Type
值,Value
"该 Session 暂无数据或已过期","This session has no data or has expired"
当前页面已聚焦到内存服务管理，仅展示内存缓存相关管理能力。,"The current page is focused on in-memory service management, displaying only memory cache-related management capabilities."
"当前页面已聚焦到 Session 管理，仅展示会话相关管理能力。","The current page is focused on Session management, displaying only session-related management capabilities."
返回实例管理,"Return to Instance Management"
服务器状态,"Server Status"
刷新,Refresh
优化指南,"Optimization Guide"
运行中,Running
实例总数,"Total Instances"
优化项,"Optimization Item"
"PHP 环境","PHP environment"
"PHP 路径","PHP Path"
配置文件,"Configuration file"
线程安全,"Thread Safety"
服务器实例,"Server Instance"
启动新实例,"Start new instance"
暂无服务器实例,"No server instances"
运行,Run
启动服务器,"Start server"
实例名称,"Instance name"
监听地址,"Listen address"
端口范围,"Port Range"
"Worker 数","Number of Workers"
已停止,Stopped
服务器操作,服务器操作
重启,Restart
停止,Stop
维护,维护
退出维护,退出维护
启动,Start
性能优化,"Performance Optimization"
可优化,Optimizable
已最优,Optimized
已安装,Installed
查看安装指南,"View installation guide"
已连接,Connected
不可用,"Not available"
共享状态管理,"Shared State Management"
"覆盖 Session 与 Memory Service 的状态、检索、清理能力","Override the Status, Retrieval, and Cleanup Capabilities of Session and Memory Services"
"Session 数","Session number"
客户端,Client
内存,Memory
刷新列表,"Refresh list"
立即持久化,"Persist immediately"
"GC 清理","GC cleanup"
"Session ID","Session ID"
字段数,"Number of fields"
预览,Preview
"点击「查看详情」可查看该 Session 的全部字段信息","Click ""View Details"" to see all field information for this Session"
"点击“刷新列表”加载 Session 数据","Click ""Refresh List"" to load Session data"
内存缓存管理,"Memory cache management"
命名空间,Namespace
刷新命名空间,"Refresh Namespace"
键数量,"Key count"
示例键,"Example key"
点击“刷新命名空间”加载缓存目录,"Click ""Refresh Namespace"" to load the cache directory"
键,Key
预览值,"Preview value"
点击命名空间的“查看键”按钮加载详情,"Click the ""View Key"" button of the namespace to load details."
"暂无 Session 数据","No Session Data"
查看全部字段,"View all fields"
查看详情,"View Details"
销毁,Destroy
加载失败：,"Failed to load:"
"确认销毁该 Session 吗？此操作会让对应用户立即失效。","Are you sure you want to destroy this session? This action will immediately invalidate the corresponding user."
"销毁 Session","Destroy Session"
确认销毁,"Confirm Destroy"
操作失败,"Operation failed"
销毁失败,"Destroy Failed"
"Session 持久化成功","Session persistence successful"
"Session 垃圾回收","Session garbage collection"
"请输入最大存活秒数（默认 3600）","Please enter the maximum time-to-live in seconds (default 3600)"
"Session GC 执行成功","Session GC executed successfully"
"Session GC 执行失败","Session GC execution failed"
暂无内存命名空间,"No Memory Namespace"
暂无可展示键数据,"No Key Data to Display"
查看键,"View Keys"
清空,Clear
该命名空间暂无键,"This namespace has no keys yet"
删除键,"Delete key"
敏感,Sensitive
元素,Element
确认清空该命名空间的所有缓存键吗？,"Are you sure you want to clear all cache keys in this namespace?"
清空命名空间,"Clear namespace"
确认清空,"Confirm Empty"
命名空间已清空,"Namespace cleared"
清空失败,"Clear failed"
删除失败,"Deletion failed"
内存服务持久化成功,"Memory service persistence succeeded"
内存服务垃圾回收,"Memory service garbage collection"
"内存服务 GC 执行成功","Memory service GC execution succeeded"
"内存服务 GC 执行失败","Memory service GC execution failed"
正在启动...,Starting...
启动成功,"Startup successful"
启动失败,"Start failed"
正在停止...,Stopping...
停止成功,"Stop succeeded"
停止失败,"Stop failed"
正在重启...,Restarting...
重启成功,"Restart succeeded"
重启失败,"Restart failed"
正在热重载...,"Hot reloading..."
热重载命令发送失败,"Failed to send hot reload command."
热重载失败：请检查网络连接后重试。,"Hot reload failed: Please check your network connection and try again."
确认执行该操作吗？此操作会影响流量接入状态。,"Are you sure you want to perform this operation? This operation will affect traffic access status."
确认,Confirm
成功,Success
失败,Failed
失败：请检查网络连接后重试。,"Failed: Please check your network connection and try again."
"请输入 Worker 数量（留空将使用默认值）","Please enter the number of Workers (leave blank to use default)"
例如：4,"For example: 4"
正在启动新实例...,"Starting new instance..."
启动命令已发送，请稍后刷新状态。,"Start command sent, please refresh status later."
启动失败：请检查网络连接后重试。,"Startup failed: Please check your network connection and try again."
增量刷新,增量刷新
全量兜底,全量兜底
全量刷新,全量刷新
无路由模块,无路由模块
未知,Unknown
线上应用商城,线上应用商城
本地应用商城,本地应用商城
已配置应用商城,已配置应用商城
未知应用商城,未知应用商城
插件商城,插件商城
安全,安全
项目安全策略,项目安全策略
策略审计,策略审计
项目,项目
仪表盘,仪表盘
暗色,暗色
亮色,亮色
概览,概览
规则,规则
项目策略,项目策略
商城,商城
"公网入口固定为项目隔离 Nginx；WLS 仅提供 127.0.0.1 明文 HTTP/1.1 回源","The public endpoint is fixed to project-isolated Nginx; WLS provides only a plaintext HTTP/1.1 upstream on 127.0.0.1"
"公网协议所有者：Nginx；WLS 仅提供内部 HTTP/1.1 回源。","Public protocol owner: Nginx; WLS provides only an internal HTTP/1.1 upstream."
"WLS 运行时","WLS 运行时"
工作进程、会话、内存服务,工作进程、会话、内存服务
"%{1} 个运行中，%{2} 个工作进程","%{1} 个运行中，%{2} 个工作进程"
攻击规则和防护日志,攻击规则和防护日志
"7 天内拦截 %{1} 次","7 天内拦截 %{1} 次"
"SSL 证书","SSL 证书"
证书和域名绑定,证书和域名绑定
就绪,Ready
"WLS 面板导航","WLS 面板导航"
"WLS 独立后台","WLS 独立后台"
"%{1} 二级菜单","%{1} 二级菜单"
插件面板,插件面板
"展开或收起 %{1} 菜单","展开或收起 %{1} 菜单"
插件二级菜单,插件二级菜单
关闭菜单,关闭菜单
打开菜单,打开菜单
独立服务器面板,独立服务器面板
切换主题,切换主题
项目后台,项目后台
返回框架后台,返回框架后台
面板操作结果,面板操作结果
面板操作警告,面板操作警告
应用商城端点,应用商城端点
商城端点,商城端点
"本地开发使用 https://app.weline.test:9523；部署测试从 deploy current.json 读取并使用 https://app.aiweline.com。","本地开发使用 https://app.weline.test:9523；部署测试从 deploy current.json 读取并使用 https://app.aiweline.com。"
来源,来源
插件刷新摘要,插件刷新摘要
能力重载,能力重载
面板插件刷新结果,面板插件刷新结果
路由已刷新,路由已刷新
路由未变化,路由未变化
注册模式,注册模式
注册模块,注册模块
路由模块,路由模块
面板菜单项,面板菜单项
商城控制区,商城控制区
"WLS 插件来源","WLS 插件来源"
"按 WLS 模块标签过滤应用商城","按 WLS 模块标签过滤应用商城"
"插件安装会打开带有 %{1} 和后台面过滤条件的应用商城。模块声明 WLS 面板能力元数据后，会出现在下方已安装列表中。","插件安装会打开带有 %{1} 和后台面过滤条件的应用商城。模块声明 WLS 面板能力元数据后，会出现在下方已安装列表中。"
已安装：%{1},已安装：%{1}
打开应用商城,打开应用商城
已安装应用,已安装应用
刷新面板插件,刷新面板插件
面板能力,面板能力
已安装面板插件,已安装面板插件
"已安装 %{1} 个","已安装 %{1} 个"
已安装插件发现失败：%{1},已安装插件发现失败：%{1}
"还没有安装 WLS 插件。","还没有安装 WLS 插件。"
"安装带有 module:wls 标签的模块即可扩展这个独立面板。","安装带有 module:wls 标签的模块即可扩展这个独立面板。"
插件,插件
模块,模块
标签,标签
面板入口,面板入口
无标签,无标签
未声明,未声明
打开面板,打开面板
无面板入口,无面板入口
未选择插件页面。,未选择插件页面。
"请从侧边栏选择插件能力；安装 WLS 模块后可刷新面板插件。","请从侧边栏选择插件能力；安装 WLS 模块后可刷新面板插件。"
安全概览,安全概览
防护,防护
高级规则,高级规则
安全数据警告,安全数据警告
"7 天事件","7 天事件"
"7 天拦截","7 天拦截"
"7 天严重","7 天严重"
"已拦截 IP","已拦截 IP"
项目安全下钻,项目安全下钻
"每个托管项目会展示最近 7 天攻击态势，点击后可进入过滤后的日志。","每个托管项目会展示最近 7 天攻击态势，点击后可进入过滤后的日志。"
"7 天范围","7 天范围"
未找到项目安全范围。,未找到项目安全范围。
添加托管项目或网关域名后，即可比较项目级攻击态势。,添加托管项目或网关域名后，即可比较项目级攻击态势。
全部托管项目,全部托管项目
无攻击,无攻击
近期无事件,近期无事件
无事件,无事件
事件,事件
拦截,拦截
主要类型,主要类型
最近事件,最近事件
"最近 IP","最近 IP"
查看日志,查看日志
编辑策略,编辑策略
为单个托管域名覆盖部分防护规则，其余规则继续使用公共兜底配置。,为单个托管域名覆盖部分防护规则，其余规则继续使用公共兜底配置。
自定义策略,自定义策略
全局兜底,全局兜底
请选择一个项目来编辑策略。,请选择一个项目来编辑策略。
可在项目卡片点击编辑策略，或在日志过滤器中选择明确的项目范围。,可在项目卡片点击编辑策略，或在日志过滤器中选择明确的项目范围。
更新时间,更新时间
未保存,未保存
启用项目覆盖,启用项目覆盖
策略继承图,策略继承图
保存前对比公共规则和当前项目策略。,保存前对比公共规则和当前项目策略。
继承,继承
暂无继承详情。,暂无继承详情。
请选择项目策略，对比公共规则和项目级规则值。,请选择项目策略，对比公共规则和项目级规则值。
全局值,全局值
项目生效值,项目生效值
启用规则,启用规则
窗口秒数,窗口秒数
最大请求数,"Max Request Count"
封禁秒数,封禁秒数
路径频率限制,路径频率限制
指定路径前缀可以覆盖全局频率限制。清空路径可移除该行，填写空白行可新增规则。,指定路径前缀可以覆盖全局频率限制。清空路径可移除该行，填写空白行可新增规则。
已启用,Enabled
路径前缀,"Path prefix"
唯一路径数,唯一路径数
"SSL 握手","SSL 握手"
最大失败次数,最大失败次数
快速关闭阈值,快速关闭阈值
未知路由封禁,未知路由封禁
仅峰值模式,仅峰值模式
连续次数,连续次数
"IP 白名单","IP 白名单"
"白名单 IP","白名单 IP"
每行一个条目,每行一个条目
受保护路径,受保护路径
路径,Path
保存项目策略,保存项目策略
移除自定义策略,移除自定义策略
安全策略审计,安全策略审计
近期策略变更会记录到面板审计列表，但不会保存完整规则内容。,近期策略变更会记录到面板审计列表，但不会保存完整规则内容。
最近变更,最近变更
审计动作,审计动作
全部动作,全部动作
公共规则已保存,公共规则已保存
项目策略已保存,项目策略已保存
项目策略已移除,项目策略已移除
"规则 JSON 已保存","规则 JSON 已保存"
审计来源,审计来源
全部来源,全部来源
可视化编辑器,可视化编辑器
项目策略编辑器,项目策略编辑器
"高级 JSON","高级 JSON"
审计域名,审计域名
"使用 * 表示全部域名","使用 * 表示全部域名"
变更区域,变更区域
任意区域,任意区域
搜索审计,搜索审计
动作、来源、域名或区域,动作、来源、域名或区域
审计数量,审计数量
应用审计过滤,应用审计过滤
重置审计,重置审计
还没有策略变更记录。,还没有策略变更记录。
保存公共规则或项目策略后，会在这里生成审计记录。,保存公共规则或项目策略后，会在这里生成审计记录。
未知时间,未知时间
范围,范围
全部,全部
全局规则,全局规则
项目标签,项目标签
变更,变更
已变更规则区域,已变更规则区域
公共规则编辑器,公共规则编辑器
"可视化字段会更新公共 AttackDetector 规则键，再保存合并后的 JSON。","可视化字段会更新公共 AttackDetector 规则键，再保存合并后的 JSON。"
AttackDetector,AttackDetector
最大唯一路径数,最大唯一路径数
受保护路径列表,受保护路径列表
没有待保存的规则变更。,没有待保存的规则变更。
"规则 JSON 无效，无法预览。","规则 JSON 无效，无法预览。"
"%{1} 项待保存变更","%{1} 项待保存变更"
变更前,变更前
变更后,变更后
规则变更预览,规则变更预览
"预览会显示保存合并 JSON 前，可视化字段将覆盖哪些内容。","预览会显示保存合并 JSON 前，可视化字段将覆盖哪些内容。"
修改可视化字段后，这里会显示受影响的规则键。,修改可视化字段后，这里会显示受影响的规则键。
"合并后的规则 JSON","合并后的规则 JSON"
"高级 JSON 仍然可用；保存时可视化字段会覆盖匹配的公共规则键。","高级 JSON 仍然可用；保存时可视化字段会覆盖匹配的公共规则键。"
保存安全规则,保存安全规则
安全规则摘要,安全规则摘要
规则摘要,规则摘要
"快速查看最重要的 WLS 防护开关。","快速查看最重要的 WLS 防护开关。"
已停用,已停用
最近攻击事件,最近攻击事件
最近攻击日志,最近攻击日志
打开完整日志,打开完整日志
项目范围,项目范围
实例,Instance
全部实例,"All Instances"
IP,IP
严重级别,严重级别
全部严重级别,全部严重级别
攻击类型,攻击类型
全部类型,全部类型
拦截状态,拦截状态
全部事件,全部事件
仅拦截,仅拦截
仅观察,仅观察
每页数量,每页数量
应用过滤,应用过滤
重置,重置
未找到攻击事件。,未找到攻击事件。
"WLS 检查流量后，会在这里列出最近的 AttackDetector 事件。","WLS 检查流量后，会在这里列出最近的 AttackDetector 事件。"
已拦截,Blocked
已观察,已观察
"正在显示 %{2} 条攻击日志中的 %{1} 条","正在显示 %{2} 条攻击日志中的 %{1} 条"
攻击日志分页,攻击日志分页
上一页,上一页
"第 %{1} 页，共 %{2} 页","第 %{1} 页，共 %{2} 页"
下一页,下一页
面板摘要,面板摘要
托管项目,托管项目
安全事件,安全事件
仪表盘数据警告,仪表盘数据警告
部分仪表盘数据加载失败。,部分仪表盘数据加载失败。
面板插件,面板插件
运维能力中心,运维能力中心
"%{1} installed","%{1} installed"
"%{1} required","%{1} required"
"打开 WLS 商城","打开 WLS 商城"
运维能力发现警告：%{1},运维能力发现警告：%{1}
还没有定义运维能力。,还没有定义运维能力。
"WLS 会在这里显示 PHP、数据库、文件管理和部署插件槽位。","WLS 会在这里显示 PHP、数据库、文件管理和部署插件槽位。"
能力,能力
必要信号,必要信号
"尚未声明 WLS 面板页面。","尚未声明 WLS 面板页面。"
"在 WLS 面板外壳内打开。","在 WLS 面板外壳内打开。"
安装插件,安装插件
"应用商城会带上预填的 WLS 标签打开。","应用商城会带上预填的 WLS 标签打开。"
插件菜单,插件菜单
"WLS 面板插件入口","WLS 面板插件入口"
管理插件,管理插件
插件贡献发现警告：%{1},插件贡献发现警告：%{1}
还没有插件面板入口。,还没有插件面板入口。
"已安装的 WLS 插件可以在模块 meta 中声明 wls_panel.menu 入口，用来扩展这个独立面板。","已安装的 WLS 插件可以在模块 meta 中声明 wls_panel.menu 入口，用来扩展这个独立面板。"
插件入口,插件入口
二级菜单,二级菜单
"该已安装插件声明了 WLS 面板菜单入口。","该已安装插件声明了 WLS 面板菜单入口。"
"由 %{1} 提供","由 %{1} 提供"
未声明二级菜单,未声明二级菜单
插件页面,插件页面
"+%{1} more","+%{1} more"
打开,打开
"使用 WLS 侧边栏菜单和原生外壳。","使用 WLS 侧边栏菜单和原生外壳。"
未声明面板入口,未声明面板入口
运维,运维
公网协议,"Public protocols"
"Nginx 是唯一公网边缘，不能跳过其启动。","Nginx is the only public edge, so its startup cannot be skipped."
项目切换,项目切换
"托管 WLS 项目","托管 WLS 项目"
新建项目,新建项目
编辑托管项目,编辑托管项目
新增托管项目,新增托管项目
清除编辑,清除编辑
项目名称,项目名称
"项目后台 URL","项目后台 URL"
"子 WLS 面板 URL","子 WLS 面板 URL"
项目路径,项目路径
"PHP 档案","PHP 档案"
数据库档案,数据库档案
启用,Enabling
停用,停用
描述,Description
保存项目,保存项目
项目运维,项目运维
项目配置中心,项目配置中心
"%{1} projects","%{1} projects"
"%{1} plugin slots ready","%{1} plugin slots ready"
需要检查,需要检查
"%{1} 个项目已就绪","%{1} 个项目已就绪"
"%{1} / %{2} operation slots ready","%{1} / %{2} operation slots ready"
就绪状态,就绪状态
上下文,上下文
快捷入口,快捷入口
本地上下文,本地上下文
暂无就绪状态数据,暂无就绪状态数据
安全上下文,安全上下文
路径就绪,路径就绪
路径缺失,路径缺失
后台,后台
面板,面板
策略,策略
"没有匹配的 WLS 实例。","没有匹配的 WLS 实例。"
"正在显示第 %{1}-%{2} 条，共 %{3} 个实例","正在显示第 %{1}-%{2} 条，共 %{3} 个实例"
"WLS 实例列表工具","WLS 实例列表工具"
"搜索 WLS 实例","搜索 WLS 实例"
搜索名称、域名、路径或状态,搜索名称、域名、路径或状态
每页行数,每页行数
可编辑运行时档案,可编辑运行时档案
点击配置档案,点击配置档案
托管,托管
详情,Details
数据库,数据库
PHP,PHP
"PHP 配置","PHP 配置"
数据库配置,数据库配置
文件,文件
部署,部署
编辑,Edit
"运行中 Workers","Running Workers"
总连接数,"Total Connections"
总请求数,"Total Request Count"
攻击拦截,"Attack Blocked"
进程状态,"Process Status"
管理,Manage
"Master 进程","Master process"
主控进程,"master process"
"Dispatcher 进程","Dispatcher process"
分流器（Windows）,"Shard splitter (Windows)"
未启用,"Not enabled"
"Worker 进程列表","Worker process list"
"暂无 Worker 状态数据","No Worker Status Data"
"启动 WLS 服务器后将自动收集状态","Status will be automatically collected after starting the WLS server"
端口,Port
连接,Connect
请求,Request
进程明细（实时）,"Process details (real-time)"
"来自 Orchestrator + Worker Health","From Orchestrator + Worker Health"
角色,Role
PID,PID
运行时长,"Runtime duration"
连接/活跃,Connected/Active
Fiber,Fiber
总请求,"Total Requests"
心跳,Heartbeat
等待状态刷新...,"Waiting for status refresh..."
进程状态记录（最近）,"Process Status Log (Recent)"
"日志保留默认 7 天","Logs are retained for 7 days by default"
时间,Time
进程ID,"Process ID"
活跃请求,"Active Requests"
最后错误,"Last Error"
"Master API 接口","Master API interface"
完整文档,"Full Documentation"
接口,Interface
方法,Method
说明,Description
攻击统计,"Attack Statistics"
近7天,"Last 7 days"
暂无攻击记录,"No attack records"
总攻击次数,"Total Attacks"
"CDN 通知","CDN notification"
按类型分布,"Distribution by type"
按严重程度,"By severity"
"Top 攻击 IP","Top attack IP"
流量与压测,"Traffic and Load Testing"
"Host 分组流量（最近5分钟）","Host group traffic (last 5 minutes)"
Host,Host
平均延迟(ms),"Average latency (ms)"
暂无流量数据,"No traffic data"
"压测目标 URL，例如 http://127.0.0.1:9981/_wls/health","Stress Test Target URL, e.g., http://127.0.0.1:9981/_wls/health"
开始压测,"Starting stress test"
"输入参数：目标 URL / 并发 / 请求数","Enter parameters: target URL / concurrency / number of requests"
暂无压测结果,"No Stress Test Results"
前往服务器管理执行重启/热重载,"Go to Server Management to Perform Restart/Hot Reload"
快速操作,"Quick Actions"
服务器管理,"Server Management"
"API 文档","API documentation"
清理过期日志,"Clean expired logs"
暂无进程明细数据,"No process detail data"
"展开 Fiber 列表","Expand fiber list"
闲,Idle
忙,Busy
"无 Fiber","No fibers"
"连接 ID","Conn ID"
协议,Protocol
暂无状态日志,"No status logs"
"请先输入压测目标 URL。","Please enter the stress test target URL first."
压测执行中，请稍候...,"Stress Test in progress, please wait..."
压测失败：请检查网络连接后重试。,"Stress Test Failed: Please check the network connection and try again."
"确定要清理过期日志吗？状态日志保留 7 天，攻击日志保留 30 天。","Are you sure you want to clear expired logs? Status logs are retained for 7 days, attack logs for 30 days."
确认清理,"Confirm Cleanup"
正在清理...,Cleaning...
清理失败,"Cleanup Failed"
"WLS 安全规则可视化配置","WLS security rule visual configuration"
"类似 Cloudflare 规则面板：开关、阈值、列表可直接编辑，保存后自动下发运行中 WLS。","Similar to Cloudflare rules panel: switches, thresholds, and lists can be edited directly, and after saving, they are automatically deployed to the running WLS."
全局限流（rate_limit）,"Global Rate Limiting (rate_limit)"
窗口(秒),"Window (seconds)"
封禁时长(秒),"Ban Duration (seconds)"
路径扫描（path_scan）,"Path scan (path_scan)"
最大不同路径,"Max Distinct Paths"
"SSL 握手失败（ssl_handshake_failure）","SSL handshake failure (ssl_handshake_failure)"
最大失败数,"Max Failures"
快速关闭阈值(秒),"Fast Close Threshold (seconds)"
路径级限流（path_rate_limits）,"Path rate limits (path_rate_limits)"
新增路径规则,"Add Path Rule"
最大请求,"Max Requests"
封禁(秒),"Ban (seconds)"
白名单（ip_whitelist）,"Whitelist (ip_whitelist)"
"新增 IP/CIDR","Add IP/CIDR"
"CDN 信任 IP（cdn_trusted_ips）","CDN trusted IP (cdn_trusted_ips)"
恶意特征（malicious_patterns）,"Malicious patterns (malicious_patterns)"
新增正则,"Add Regex"
"恶意 UA（bad_user_agents）","Malicious UA (bad_user_agents)"
"新增 UA 正则","Add UA Regex"
敏感路径（protected_paths）,"Sensitive Path (protected_paths)"
新增敏感路径,"Add Sensitive Path"
"规则 JSON 预览（只读）","Rule JSON Preview (Read-Only)"
用于审查最终将提交的数据,"Used to review the data that will ultimately be submitted"
保存规则,"Save rule"
重载页面数据,"Reload Page Data"
规则数据解析失败，已回退默认值：%{1},"Rule data parsing failed, reverted to default: %{1}"
保存失败,"Save Failed"
请求失败：%{1},"Request failed: %{1}"
概述,Overview.
"WLS (Weline Server) 提供了一系列内部 API 接口，用于健康检查、进程管理和调试。","WLS (Weline Server) provides a series of internal API interfaces for health check, process management and debugging."
安全提示,"Security tip"
"以下接口仅允许本地访问（127.0.0.1 或 ::1），外部访问会返回 403 错误。","The following interface only allows local access (127.0.0.1 or ::1). External access will return a 403 error."
响应示例,"Response Example"
使用示例,"Usage example"
"cURL 示例","cURL example"
详细状态,"Detailed status"
触发热重载,"Trigger Hot Reload"
"PHP 示例","PHP Example"
"检查 WLS 是否运行","Checking if WLS is running"
攻击IP数,"Number of Attacking IPs"
CDN通知,"CDN notification"
攻击日志列表,"Attack Log List"
"共 %{1} 条","Total %{1} Entries"
URI,URI
严重程度,Severity
未拦截,"Not intercepted"
缓存清理未返回可等待的操作编号。,"Cache clearing did not return a waitable operation ID."
"等待 WLS Worker 清理缓存超时。","Timed out while waiting for WLS Workers to clear the cache."
"WLS Worker 未全部完成缓存清理。","Not all WLS Workers completed cache clearing."
缓存命名空间失效发布器已禁用。,"The cache namespace invalidation publisher is disabled."
缓存命名空间失效发布失败。,"Failed to publish cache namespace invalidation."
"缓存命名空间失效未在所有目标 Worker 上完成。","Cache namespace invalidation did not complete on every target Worker."
"当前 PHP 环境未启用 curl 扩展，无法执行压测。","Current PHP environment does not have the curl extension enabled, unable to run stress test."
"WLS SSL 证书数据库已在本次启动中熔断：%{1}","WLS SSL 证书数据库已在本次启动中熔断：%{1}"
"[SslCertificateService] SQLite 证书存储已损坏，本次启动已熔断后续探测和写入：%{1}","[SslCertificateService] SQLite 证书存储已损坏，本次启动已熔断后续探测和写入：%{1}"
"WLS SSL 证书数据库已损坏，无法安全生成或恢复证书：%{1}","WLS SSL 证书数据库已损坏，无法安全生成或恢复证书：%{1}"
"当前为 Windows 且未安装 PHP event 扩展。申请证书后若要启用 HTTPS，需先安装 event 扩展，否则无法启动 HTTPS 服务。请先安装 event 后再申请证书。下载：%{1}","On Windows, PHP event extension is required to start HTTPS after obtaining a certificate. Please install the event extension before applying for a certificate. Download: %{1}"
"[SslCertificateService] 泛域名 *.%{1} 已过期，子域 %{2} 不使用泛域证书","[SslCertificateService] The pan-domain name *.%{1} has expired, and the subdomain %{2} does not use the pan-domain certificate."
"[SslCertificateService] 子域名 %{1} 已被泛域名 *.%{2} 覆盖，直接写入泛域证书，跳过 ACME 申请","[SslCertificateService] The subdomain name %{1} has been overwritten by the pan-domain name *.%{2}. Write the pan-domain certificate directly and skip the ACME application."
"子域名 %{1} 已被泛域名 *.%{2} 覆盖，直接使用泛域证书","Subdomain %{1} is covered by wildcard domain *.%{2}, using the wildcard certificate directly"
"HTTPS 已在此域名禁用","HTTPS Disabled at this domain name"
使用已有证书,"Using existing certificate"
"[SslCertificateService] Failed to persist reusable global local CA files to %{1}","[SslCertificateService] Failed to persist reusable global local CA files to %{1}"
"[SslCertificateService] Local CA is now reusable across projects from %{1}","[SslCertificateService] Local CA is now reusable across projects from %{1}"
"[SslCertificateService] Failed to restore project local CA files from global reusable CA","[SslCertificateService] Failed to restore project local CA files from global reusable CA"
"[SslCertificateService] Reusing global Weline local CA for this project","[SslCertificateService] Reusing global Weline local CA for this project"
"[SslCertificateService] 系统信任库已有 Weline Local Development CA，但没有可复用私钥，将生成新的本地 CA；如需跨项目复用，请配置 wls.ssl.local_ca_dir 或复制 rootCA.key","[SslCertificateService] 系统信任库已有 Weline Local Development CA，但没有可复用私钥，将生成新的本地 CA；如需跨项目复用，请配置 wls.ssl.local_ca_dir 或复制 rootCA.key"
"Failed to generate local CA private key","Failed to generate local CA private key"
"Failed to generate local CA CSR","Failed to generate local CA CSR"
"Failed to sign local CA certificate","Failed to sign local CA certificate"
"Failed to export local CA private key","Failed to export local CA private key"
"Failed to persist local CA material: %{1}","Failed to persist local CA material: %{1}"
"Published local CA certificate and key did not verify","Published local CA certificate and key did not verify"
"Failed to prepare local CA","Failed to prepare local CA"
"Local CA is already trusted by the Linux system store","Local CA is already trusted by the Linux system store"
"Local CA was generated, but no supported Linux trust tool was found. Import %{1} into the system trust store manually","Local CA was generated, but no supported Linux trust tool was found. Import %{1} into the system trust store manually"
"Local CA was generated. Run manually: %{1}","Local CA was generated. Run manually: %{1}"
"Local CA imported into Linux system trust store","Local CA imported into Linux system trust store"
"Local CA install command completed, but trust verification did not confirm it yet","Local CA install command completed, but trust verification did not confirm it yet"
"Local CA was generated, but automatic Linux trust import failed. Run manually: %{1}. Output: %{2}","Local CA was generated, but automatic Linux trust import failed. Run manually: %{1}. Output: %{2}"
"Local CA was generated, but macOS security tool was not found. Import %{1} into Keychain Access manually","Local CA was generated, but macOS security tool was not found. Import %{1} into Keychain Access manually"
"Local CA is already trusted by macOS Keychain","Local CA is already trusted by macOS Keychain"
"Local CA imported into macOS System Keychain","Local CA imported into macOS System Keychain"
"Local CA imported into macOS login Keychain","Local CA imported into macOS login Keychain"
"macOS System Keychain trust needs an interactive Terminal approval; WLS has already tried the user login Keychain. Run the command below from Terminal if a browser still rejects the certificate.","macOS System Keychain trust needs an interactive Terminal approval; WLS has already tried the user login Keychain. Run the command below from Terminal if a browser still rejects the certificate."
"Run the command below to approve Keychain trust.","Run the command below to approve Keychain trust."
"Local CA was generated, but automatic macOS trust import failed. %{1} Manual command: %{2}. Output: %{3}","Local CA was generated, but automatic macOS trust import failed. %{1} Manual command: %{2}. Output: %{3}"
"Local CA certificate file is missing: %{1}","Local CA certificate file is missing: %{1}"
"Local CA generated; Windows trust-store import skipped during WLS startup. Import %{1} manually or set WLS_SSL_TRUST_WINDOWS_LOCAL_CA=1 to opt in.","Local CA generated; Windows trust-store import skipped during WLS startup. Import %{1} manually or set WLS_SSL_TRUST_WINDOWS_LOCAL_CA=1 to opt in."
"Local CA is already trusted by the current Windows user","Local CA is already trusted by the current Windows user"
"Failed to find certutil.exe; import %{1} into Current User > Trusted Root Certification Authorities manually","Failed to find certutil.exe; import %{1} into Current User > Trusted Root Certification Authorities manually"
"Local CA imported into Current User Root store","Local CA imported into Current User Root store"
"Local CA was generated, but automatic trust import failed. Import %{1} into Current User > Trusted Root Certification Authorities manually","Local CA was generated, but automatic trust import failed. Import %{1} into Current User > Trusted Root Certification Authorities manually"
"Local CA was generated. Trust it manually in your OS/browser with %{1}","Local CA was generated. Trust it manually in your OS/browser with %{1}"
"Domain cannot be empty","Domain cannot be empty"
"Failed to generate local leaf private key","Failed to generate local leaf private key"
"Failed to generate local leaf CSR","Failed to generate local leaf CSR"
"Local CA material is unsafe or unreadable","Local CA material is unsafe or unreadable"
"Failed to load local CA certificate or private key","Failed to load local CA certificate or private key"
"Failed to sign local certificate with local CA","Failed to sign local certificate with local CA"
"Failed to export local certificate private key","Failed to export local certificate private key"
"Failed to persist local fullchain certificate","Failed to persist local fullchain certificate"
"Failed to export local certificate CSR","Failed to export local certificate CSR"
"Local certificate files were generated, but saving the certificate record failed","Local certificate files were generated, but saving the certificate record failed"
"Local CA-signed certificate generated and trusted successfully","Local CA-signed certificate generated and trusted successfully"
"Local CA-signed certificate generated successfully","Local CA-signed certificate generated successfully"
"[SslCertificateService] 库中的 %{1} 通配证书已过期，将重新签发","The %{1} wildcard certificate in the [SslCertificateService] library has expired and will be reissued"
"[SslCertificateService] 复用 %{1} 通配证书时写回磁盘失败，将尝试重新签发","[SslCertificateService] Failed to write back to disk when reusing %{1} wildcard certificate, will try to re-issue it"
已复用现有本地通配证书，跳过重复签发,"Reused existing local wildcard certificate, skipped duplicate issuance"
"已复用现有 %{1} 通配证书，跳过重复签发","Reused existing %{1} wildcard certificate, skipped duplicate issuance"
生成私钥失败,"Failed to generate private key"
"生成 CSR 失败","Failed to generate CSR"
签发证书失败,"Failed to sign certificate"
导出私钥失败,"Failed to export private key"
保存证书文件失败,"Failed to save certificate file"
"导出 CSR 失败","导出 CSR 失败"
自签证书文件已生成，但写入证书管理失败，请检查日志并重试,"Self-signed certificate file generated, but writing to certificate management failed. Please check the logs and try again."
自签证书生成成功,"Self-signed certificate generated successfully"
更新证书记录失败：%{1},"Update certificate record failed: %{1}"
证书签发事件调度失败：%{1},"Certificate issued event dispatch failed: %{1}"
证书禁用事件调度失败：%{1},"Certificate disabled event dispatch failed: %{1}"
证书删除事件调度失败：%{1},"Certificate Deletion Event Dispatch Failed: %{1}"
证书更新事件调度失败：%{1},"Certificate renewed event dispatch failed: %{1}"
请求域名列表失败：%{1},"Request domain list failed: %{1}"
手动禁用,"Manually disabled"
"该域名正在申请 SSL 证书，请等待证书成功下载并入库后再修改证书管理。","The domain is applying for an SSL certificate. Please wait for the certificate to be successfully downloaded and stored before modifying the certificate management."
同步证书记录失败：%{1},"Failed to sync certificate records: %{1}"
"域名 %{1} 的证书已过期","The certificate for domain %{1} has expired"
"过期时间：%{1}。请续签证书以恢复 HTTPS 服务。","Expiration time: %{1}. Please renew the certificate to restore HTTPS service."
证书已过期,"Certificate Expired"
"[SslCertificateService] Failed to recover local CA certificate to %{1}","[SslCertificateService] Failed to recover local CA certificate to %{1}"
"[SslCertificateService] 已从等价域 %{1} 的 PEM 恢复到 %{2}","[SslCertificateService] Restored from PEM for equivalent domain %{1} to %{2}"
"[SslCertificateService] 已从数据库恢复证书到磁盘：%{1}","[SslCertificateService] Restored certificate from database to disk: %{1}"
"[SslCertificateService] 从数据库恢复证书失败：%{1} - %{2}","[SslCertificateService] Failed to restore certificate from database: %{1} - %{2}"
"证书状态正在变更，已跳过同步 %{1}: %{2}","证书状态正在变更，已跳过同步 %{1}: %{2}"
"证书目录无效 %{1}: %{2}","证书目录无效 %{1}: %{2}"
证书源文件不存在且无法从证书管理恢复：%{1},"Certificate Source File Not Found and Cannot Be Recovered from Certificate Management: %{1}"
"同步证书失败 %{1}: %{2}","Failed to sync certificate %{1}: %{2}"
"子域名 %{1} 已被泛域名覆盖，跳过申请","Subdomain %{1} is covered by a wildcard domain, skipping application"
不支持的证书提供商：%{provider},"Unsupported certificate provider: %{provider}"
"LiteSSL 暂不支持测试环境","LiteSSL does not currently support the test environment"
"无法获取证书提供商的 ACME 目录","Unable to obtain the certificate provider's ACME directory"
无法创建账户密钥,"Cannot create account key"
已存在未过期证书，跳过申请,"An unexpired certificate already exists, skipped application"
证书存储位置：%{1},"Certificate Storage Location: %{1}"
正在同步证书管理记录…,"Syncing certificate management records..."
证书管理记录已同步，cert_id=%{1},"Certificate management record synced, cert_id=%{1}"
已存在未过期证书，已跳过申请并更新记录,"An unexpired certificate already exists, skipped application and updated record"
该域名正在申请证书中，请等待当前流程结束后再试。,"The domain is applying for a certificate. Please wait for the current process to finish before trying again."
证书已保存到：%{1},"Certificate Saved to: %{1}"
正在保存证书管理记录…,"Saving certificate management records..."
证书落盘后的稳定校验失败，已拒绝替换当前有效证书,证书落盘后的稳定校验失败，已拒绝替换当前有效证书
证书管理记录已保存，cert_id=%{1},"Certificate management record saved, cert_id=%{1}"
证书申请成功,"Certificate request successful"
域名格式无效,域名格式无效
证书内容不能为空,"Certificate Content Cannot Be Empty"
私钥内容不能为空,"Private key content cannot be empty"
证书材料超出安全大小限制,证书材料超出安全大小限制
证书必须处于有效期内、覆盖目标域名并与私钥匹配,证书必须处于有效期内、覆盖目标域名并与私钥匹配
证书导入失败：%{1},"Certificate Import Failed: %{1}"
证书文件已写入，但同步证书记录失败,"Certificate File Written, but Failed to Sync Certificate Record"
证书材料已安全写入，等待服务发布,证书材料已安全写入，等待服务发布
"证书材料已导入，但服务发布失败；已禁用的域名必须单独显式启用 HTTPS：%{1}","证书材料已导入，但服务发布失败；已禁用的域名必须单独显式启用 HTTPS：%{1}"
证书导入成功,"Certificate Import Successful"
"[SslCertificateService] 泛域名 %{1} 续签后已同步 PEM 到 %{2} 个子域记录","[SslCertificateService] Pan-domain name %{1} has been synchronized to PEM to %{2} subdomain record after renewal"
"使用 DNS-01 验证（将自动添加 TXT 记录）","Use DNS-01 verification (will automatically add a TXT record)"
"使用 HTTP-01 验证","Use HTTP-01 verification"
"正在获取 ACME 目录...","Fetching ACME directory..."
"无法获取 ACME 目录","Cannot get ACME directory"
正在生成域名密钥...,"Generating domain key..."
无法生成域名密钥,"Cannot generate domain key"
"正在注册/获取 ACME 账户...","Registering/obtaining ACME account..."
账户注册失败,"Account registration failed"
"证书机构查询 DNS TXT 超时，已重新创建订单并自动重试（将写入新的 TXT 验证值，与上次不同）...","CA timed out querying DNS TXT; new order created and retrying once (a new TXT value will be added, different from the previous attempt)..."
正在创建证书订单...,"Creating certificate order..."
"CA 未返回订单地址","CA did not return order address"
创建订单失败：%{1},"Failed to create order: %{1}"
正在获取授权信息...,"Fetching authorization info..."
获取授权失败,"Authorization retrieval failed"
获取授权详情失败,"Authorization details retrieval failed"
"正在生成 CSR...","Generating CSR..."
"正在提交 CSR 至 CA...","Submitting CSR to CA..."
"提交 CSR 失败","CSR submission failed"
"等待 CA 颁发证书...","Waiting for CA to issue certificate..."
等待颁发中...（%{1}s）,"Waiting for issuance... (%{1}s)"
等待证书颁发超时,"Certificate issuance timeout"
正在下载证书...,"Downloading certificate..."
下载证书失败,"Certificate download failed"
正在保存证书到本地...,"Saving certificate locally..."
域名私钥文件不安全或不可读,域名私钥文件不安全或不可读
"CA 返回的证书无效、未覆盖目标域名或与本地私钥不匹配","CA 返回的证书无效、未覆盖目标域名或与本地私钥不匹配"
证书已写入：%{1},"Certificate Written to: %{1}"
证书申请流程已完成,"Certificate application process completed"
"未找到 HTTP-01 挑战","HTTP-01 challenge not found"
"正在创建 HTTP-01 验证文件","Creating HTTP-01 verification file"
"登记 WLS 虚拟校验失败","Registration WLS virtual verification failed"
创建验证文件失败,"Challenge file creation failed"
"正在通知 CA 服务器进行验证","Notifying CA server for verification"
"正在等待 CA 验证...","Waiting for CA verification..."
"等待 CA 验证中… (%1秒)","等待 CA 验证中… (%1秒)"
正在清理验证文件,"Cleaning verification files"
"未找到 DNS-01 挑战","DNS-01 challenge not found"
获取账户指纹失败,"Failed to fetch account fingerprint"
"正在通过 DNS 供应商添加 TXT 记录...","Adding TXT record via DNS provider..."
"添加 TXT 记录失败：%{1}","Failed to add TXT record: %{1}"
"检查 TXT 是否已传播（先本机 dns_get_record，必要时公共 DNS；最多 %{1} 秒，间隔 %{2} 秒）","Checking TXT propagation (dns_get_record first, optional public DNS; max %{1}s, interval %{2}s)"
"检查 TXT 是否已传播（循环 dns_get_record，最多 %{1} 秒，间隔 %{2} 秒；与证书机构查询路径可能不同，宜留足时间）","Polling TXT via dns_get_record (max %{1}s, every %{2}s); CA may use different resolvers—allow enough time"
"检查 TXT 生效中...（已等待 %{1}s / 最多 %{2}s）","Checking TXT propagation... (Waited %{1}s / Max %{2}s)"
"在最长 %{1} 秒内 dns_get_record%{2}仍未查到验证 TXT。可能未写入成功、传播未结束或本机解析器缓存滞后；可加大 env websites.acme_dns.txt_poll_max_seconds 后重试。","Validation TXT not seen within %{1}s (dns_get_record%{2}). Write may have failed, propagation incomplete, or local resolver cache—increase websites.acme_dns.txt_poll_max_seconds and retry."
"（及公共 DNS 探测）","(and public DNS probe)"
"TXT 已可解析（本机或公共 DNS 探测），正在通知 CA 验证...","TXT resolvable (local or public DNS probe); notifying CA..."
"本机 dns_get_record 已能查到验证 TXT，正在通知 CA 验证...","Local dns_get_record sees validation TXT; notifying CA..."
"说明：本系统与证书机构使用不同 DNS 路径。证书机构从全球多点直连您域名的权威 DNS；若 GName 等对 CA 查询响应慢，仍可能报「查询超时」，与「记录已生效」不矛盾，可稍后重试或换更快 DNS 托管。","Note: This system and the CA use different DNS paths. The CA queries your authoritative DNS from many locations; if GName et al. respond slowly to the CA, you may still see query timeout even though the record is valid—retry later or use faster DNS hosting."
"等待 CA 验证 DNS 记录（最多 %{1} 分钟）...","Waiting for CA to verify DNS record (up to %{1} min)..."
"等待 CA 验证中...（%{1}s）","Waiting for CA verification... (%{1}s)"
"CA 验证完成，正在清理 TXT 记录...","CA verification completed, cleaning TXT records..."
"CA 验证未通过，正在清理临时 TXT 记录...","CA verification failed, cleaning temporary TXT records..."
域名验证失败：%{1},"Domain validation failed: %{1}"
域名验证失败,"Domain validation failed"
"（DNS 传播可能需要更长时间，请 2–5 分钟后重试）","(DNS propagation may take longer, please retry after 2–5 minutes)"
"（DNS-01：CA 从全球多点查您权威 DNS 上的 TXT。若同款流程在把域名 NS 换到 Cloudflare 后即可签发，基本可认定原 DNS 托管（如注册商自带解析）对 TXT 的全球查询不稳定或未正确对外服务；建议长期用 Cloudflare 等做 DNS 托管。）","(DNS-01: CA queries TXT on your authoritative DNS from many locations. If the same flow succeeds after moving NS to Cloudflare, your previous DNS host likely serves TXT poorly to global resolvers; use Cloudflare or similar for DNS hosting.)"
"（HTTP 验证场景：CA 查询 A/AAAA 超时或未生效；若站点经 CDN，请改用 DNS-01 或保证源站可达。）","(HTTP-01: CA timed out or could not resolve A/AAAA; if the site uses CDN, use DNS-01 or ensure the origin is reachable for validation.)"
"网关未在 %{1} 秒内确认 ACME HTTP-01 challenge 发布。","网关未在 %{1} 秒内确认 ACME HTTP-01 challenge 发布。"
"ACME HTTP 请求失败: url=%{1}, error=%{2}","ACME HTTP request failed: url=%{1}, error=%{2}"
用户手动禁用,"User manually disabled"
"上一次证书退役尚未完成代际事件确认，请等待自动恢复后再启用 HTTPS。","上一次证书退役尚未完成代际事件确认，请等待自动恢复后再启用 HTTPS。"
未找到域名证书：%{1},"Domain certificate not found: %{1}"
证书文件不安全、已过期、未覆盖域名或与私钥不匹配,证书文件不安全、已过期、未覆盖域名或与私钥不匹配
"HTTPS 已写入启用事实，但服务清单尚未完成确认：%{1}","HTTPS 已写入启用事实，但服务清单尚未完成确认：%{1}"
"HTTPS 已启用","HTTPS enabled"
"本地域名 %{1} 的证书受保护，不能禁用或删除","本地域名 %{1} 的证书受保护，不能禁用或删除"
证书退役意图未能安全持久化：%{1},证书退役意图未能安全持久化：%{1}
证书已进入安全隔离且保留可重放意图，数据库撤销待恢复：%{1},证书已进入安全隔离且保留可重放意图，数据库撤销待恢复：%{1}
证书已进入失效安全状态，后续退役阶段将自动重放：%{1},证书已进入失效安全状态，后续退役阶段将自动重放：%{1}
"HTTPS 已禁用","HTTPS disabled"
证书生命周期失败诊断写入失败：%{1},证书生命周期失败诊断写入失败：%{1}
存在空域名证书记录，已跳过,"Empty domain certificate record exists, skipped"
"域名 %{1} 的证书管理记录缺少 PEM 内容，无法重载（使用 --clear 可清除并重置）","The certificate management record for domain %{1} is missing PEM content and cannot be reloaded (use --clear to clear and reset)"
"域名 %{1} 的证书文件恢复失败（使用 --clear 可清除并重置）","Failed to restore the certificate file for domain %{1} (use --clear to clear and reset)"
"未找到域名 %{1} 的证书记录","No certificate record found for domain %{1}"
证书管理中没有可重载的证书记录,"No reloadable certificate records in certificate management"
"server:ssl:reload --clear 清理","server:ssl:reload --clear cleanup"
证书清理失败,证书清理失败
"WLS performance panel traces were cleared","WLS performance panel traces were cleared"
秒,second(s)
分,minute(s)
小时,hour(s)
天,day(s)
"Master 初始化开始 (Orchestrator 模式)","Master initialization starts (Orchestrator mode)"
"实例名称: %{1}","Instance name: %{1}"
"运行拓扑: %{1}","运行拓扑: %{1}"
"守护进程: %{1}","Daemon: %{1}"
是,Yes
否,No
"Windows 窗口模式: %{1}","Windows window mode: %{1}"
"Master 初始化完成","Master initialization completed"
"启动 Master 进程...","Starting Master process..."
"已注册 Master PID","Registered Master PID"
"控制端口: %{1}（首选 %{2} 不可用，已自动顺延）","Control port: %{1} (preferred %{2} unavailable, automatically deferred)"
"控制端口: %{1}","Control port: %{1}"
"Master 启动阶段：Orchestrator providers 已加载","Master Startup phase: Orchestrator providers loaded"
"Master 启动阶段：信号处理器已注册","Master startup phase: signal handler registered"
"Master 启动阶段：控制面已启动","Master startup phase: control plane started"
"Master 启动阶段：bootstrapping 实例信息已写入","Master startup phase: bootstrapping instance information written"
"Master 自愈模式：%{1}","Master self-healing mode: %{1}"
"Master 进入主循环，监控子进程...","Master enters the main loop and monitors child processes..."
"Master 主循环结束","Master main loop ends"
"Master 启动失败: %{1}","Master startup failed: %{1}"
"Master 正在关闭，通知所有子进程...","Master is shutting down, notifying all child processes..."
"Master PID %{1} 已注册到索引","Master PID %{1} has been registered in the index"
"检测到新 Master 代际，旧 Master 跳过同名 PID 索引清理","检测到新 Master 代际，旧 Master 跳过同名 PID 索引清理"
"检测到同名新 Master PID %{1}，旧 Master 跳过索引清理","检测到同名新 Master PID %{1}，旧 Master 跳过索引清理"
"Master PID 索引已移除","Master PID index has been removed"
"检测到 Master 退出后仍有子进程存活，已保留实例记录供后续恢复控制","Detected child processes still alive after Master exit, retaining instance records for subsequent recovery control."
实例记录已完成清理,"Instance Records Cleaned Up"
"收到 SIGTERM 信号，开始统一停机流程...","Received SIGTERM signal, starting unified shutdown process..."
"收到 SIGINT 信号，开始统一停机流程...","Received SIGINT signal, starting unified shutdown process..."
"收到 SIGQUIT 信号，开始统一停机流程...","Received SIGQUIT signal, starting unified shutdown process..."
"停机流程进行中，忽略 SIGHUP 重载信号","Shutdown in progress, ignoring SIGHUP reload signal"
"收到 SIGHUP 信号，开始重载...","Received SIGHUP signal, starting reload..."
"状态报告: %{1}","Status Report: %{1}"
"已注册 pcntl 信号: %{1}","Registered pcntl signal: %{1}"
"Windows 模式：收到 Ctrl+Break 信号，开始统一停机流程...","Windows mode: After receiving the Ctrl+Break signal, start the unified shutdown process..."
"Windows 模式：收到 Ctrl+C 信号，开始统一停机流程...","Windows mode: After receiving the Ctrl+C signal, start the unified shutdown process..."
"Windows 模式：已注册 Ctrl+C 处理函数（sapi_windows_set_ctrl_handler）","Windows mode: registered Ctrl+C Handling function (sapi_windows_set_ctrl_handler)"
检测到异常退出，执行清理...,"Detected abnormal exit, performing cleanup..."
"已注册 shutdown 清理函数（Ctrl+C 可能不会触发优雅停止）","Registered shutdown cleanup function (Ctrl+C may not trigger graceful stop)"
"已回收子进程 PID %{1} (%{2})","Recycled child process PID %{1} (%{2})"
启动锁已释放（回调）,"Startup lock released (callback)"
"启动锁由启动器持有，Master 无需释放","启动锁由启动器持有，Master 无需释放"
"SSL 启动后补偿任务未能启动：%{1}；WLS 保持 READY，后续由证书待确认队列/Agent 重试。","SSL 启动后补偿任务未能启动：%{1}；WLS 保持 READY，后续由证书待确认队列/Agent 重试。"
"跳过 SSL 启动后申请：缺少域名配置。","Skipped certificate application after SSL startup: missing domain configuration."
"跳过 SSL 启动后申请：%{1} 已有未过期证书。","跳过 SSL 启动后申请：%{1} 已有未过期证书。"
"已触发 SSL 延迟重试：%{1}（pid=%{2}）","SSL delayed retry triggered: %{1} (pid=%{2})"
"已触发 SSL 延迟重试：%{1}（后台进程 PID 未返回，可通过 ssl:auto list 查看结果）","SSL delayed retry triggered: %{1} (background process PID not returned; check results via ssl:auto list)"
未找到,"Not found"
"Event 扩展","Event extension"
"基于 libevent 的高性能事件循环","High-performance event loop based on libevent"
"pcntl_fork 函数","pcntl_fork function"
"真正的进程分叉，共享内存，性能最优（仅 Linux/Mac）","True process forking, shared memory, optimal performance (Linux/Mac only)"
"使用 exec 备用方案","Using exec as fallback option"
原生进程分叉，更低开销,"Native Process Forking for Lower Overhead"
"OPCache 扩展","OPCache extension"
"Windows ARM64 的 x64 PHP 仿真已禁用 WLS CLI OPcache/JIT；请使用原生 ARM64 PHP 后再按基准评估。","WLS disables CLI OPcache and JIT for x64 PHP emulation on Windows ARM64. Use native ARM64 PHP before benchmarking them."
"字节码缓存，提升 PHP 执行速度","Bytecode cache, improves PHP execution speed"
每次请求重新编译,"Recompile on each request"
使用缓存的字节码,"Use cached bytecode"
"JIT 编译器","JIT compiler"
"Windows ARM64 的 x64 PHP 仿真不支持 WLS JIT；请使用原生 ARM64 PHP 后再按基准评估 JIT。","Windows ARM64 的 x64 PHP 仿真不支持 WLS JIT；请使用原生 ARM64 PHP 后再按基准评估 JIT。"
"PHP 8 即时编译器，显著提升 CPU 密集型任务性能","PHP 8 just-in-time compiler, significantly improve the performance of CPU-intensive tasks"
解释执行,"Interpret and Execute"
"编译执行，接近 C 语言性能","Compile and execute, with performance close to C language"
"Sockets 扩展","Sockets extension"
"底层 Socket 操作，更精细的控制","Low-level Socket Operations for Finer Control"
"使用 stream_socket","Using stream_socket"
"使用原生 socket","Using native socket"
"proc_open 函数","proc_open function"
"进程控制核心函数，支持精确的 PID 管理","Process control core function, supports precise PID management"
"使用 exec 备用","Using exec as fallback"
精确控制子进程,"Precisely control child processes"
"HTTPS/SSL 配置","HTTPS/SSL configuration"
安全加密,"Secure encryption"
"为服务器启用 HTTPS 加密传输，保护数据安全","Enable HTTPS encrypted transmission for the server to protect data security"
"HTTP 明文传输","HTTP clear text transfer"
"HTTPS 加密传输","HTTPS encrypted transmission"
跨平台,Cross-platform
"需要 PHP 编译时启用 OpenSSL 支持","Requires PHP compiled with OpenSSL support"
"一、获取 SSL 证书","1. Obtain an SSL certificate"
"您可以通过以下方式获取 SSL 证书","You can obtain an SSL certificate through the following methods"
"1. 免费证书（推荐）","1. Free certificate (recommended)"
"使用 certbot 自动获取和续期","Automatically obtaining and renewing with certbot"
"2. 自签名证书（开发环境）","2. Self-signed certificate (development environment)"
仅用于开发测试，浏览器会显示安全警告,"For development and testing only; the browser will display a security warning"
"3. 商业证书","3. Commercial certificate"
适合企业生产环境,"Suitable for Enterprise Production Environments"
二、证书文件准备,"2. Certificate file preparation"
确保证书文件格式正确,"Ensure the certificate file format is correct"
"证书文件 (cert.pem)","Certificate File (cert.pem)"
包含服务器证书，可选包含中间证书链,"Include the server certificate, optionally include the intermediate certificate chain"
"私钥文件 (key.pem)","Private Key File (key.pem)"
服务器私钥，必须无密码保护,"Server private key must be passwordless"
"请妥善保管，设置严格权限 (chmod 600)","Keep it safe and set strict permissions (chmod 600)."
"三、启动 HTTPS 服务器","3. Start the HTTPS server"
"服务器支持多域名证书，自动检测 app/etc/ssl/ 目录","Server supports multi-domain certificates, auto-detecting app/etc/ssl/ directory"
多域名证书目录结构（推荐）,"Multi-domain certificate directory structure (recommended)"
每个域名一个目录，自动匹配证书,"One directory per domain, auto-matching certificates"
支持的证书文件名格式（按优先级）,"Supported certificate file name formats (by priority)"
将证书文件放入对应域名目录，服务器启动时自动检测,"Place certificate files in corresponding domain directory, auto-detected at startup"
自动申请证书,"Auto request certificate"
自动检测方式（推荐）,"Auto-detect method (recommended)"
"将证书放入 app/etc/ 目录后直接启动","Place the certificate in the app/etc/ directory and start directly"
"服务器自动检测并启用 HTTPS","Server automatically detects and enables HTTPS"
手动指定方式,"Manual specification method"
"配置文件方式 (env.php)","Configuration file method (env.php)"
"在 env.php 中配置 SSL 证书","Configure SSL certificate in env.php"
"支持的 SSL/TLS 协议","Supported SSL/TLS protocols"
"服务器支持所有 TLS 协议，默认使用最高可用版本","Server supports all TLS protocols, using the highest available version by default"
"推荐，最安全（PHP 7.4+）","Recommended, Most Secure (PHP 7.4+)"
广泛支持，安全,"Broad support, secure"
兼容旧系统,"Compatible with legacy system"
"四、验证 HTTPS","4. Verify HTTPS"
"确认 HTTPS 服务器正常运行","Confirm HTTPS server is running normally"
浏览器访问,"Browser Access"
命令行测试,"Command line test"
"-k 参数用于忽略自签名证书警告","-k parameter is used to ignore self-signed certificate warnings"
五、生产环境建议,"5. Production environment recommendations"
"使用 443 端口（标准 HTTPS 端口）","Use port 443 (standard HTTPS port)"
"配置 HTTP 到 HTTPS 重定向","Configure HTTP to HTTPS Redirect"
"启用 HSTS（HTTP Strict Transport Security）","Enable HSTS (HTTP Strict Transport Security)"
"使用 TLS 1.2 或更高版本","Using TLS 1.2 or later"
"1. 下载扩展","1. Download extension"
"访问 PECL 下载对应版本","Visit PECL to download the corresponding version"
"选择版本：PHP %{1}, %{2}, %{3}","Select Version: PHP %{1}, %{2}, %{3}"
"2. 复制 DLL 文件","2. Copy the DLL file"
"将 php_event.dll 复制到扩展目录","Copy php_event.dll to the extension directory"
"3. 编辑 php.ini","3. Edit php.ini"
"在 php.ini 中添加扩展","Add extension in php.ini"
"4. 重启服务器","4. Restart the server"
"1. 安装依赖","1. Install dependencies"
"安装 libevent 开发库","Install libevent development library"
"2. 安装扩展","2. Install the extension"
"使用 PECL 安装","Install using PECL"
"3. 启用扩展","3. Enable extension"
"在 php.ini 中添加","Add in php.ini"
"pcntl 扩展不支持 Windows 平台，系统将自动使用备用方案","pcntl extension does not support Windows platform, the system will automatically use a fallback"
"1. 编辑 php.ini","1. Edit php.ini"
"从 disable_functions 中移除 pcntl_fork","Remove pcntl_fork from disable_functions"
"找到 disable_functions 行，删除 pcntl_fork","Found disable_functions line, removing pcntl_fork"
"2. 重启 PHP-FPM（如有）","2. Restart PHP-FPM (if any)"
"pcntl_fork 已可用","pcntl_fork is available"
"1. 启用 OPCache","1. Enable OPCache"
"在 php.ini 中取消注释","Uncomment in php.ini"
"1. 安装 OPCache","1. Install OPCache"
"%{1}. 启用 CLI 模式","%{1}. Enable CLI mode"
"%{1}. 推荐配置","%{1}. Recommended configuration"
"优化 OPCache 配置","Optimize OPCache configuration"
"JIT 需要 PHP 8.0+，当前版本：%{1}","JIT requires PHP 8.0+, current version: %{1}"
"1. 确保 OPCache 已启用","1. Make sure OPCache is enabled"
"JIT 依赖 OPCache","JIT depends on OPCache"
"2. 配置 JIT","2. Configure JIT"
"3. 重启服务器","3. Restart the server"
"sockets 扩展已可用","sockets extension is available"
"1. 启用扩展","1. Enable extensions"
"1. 安装扩展","1. Install extensions"
已可用,Available
"proc_open 函数已启用","proc_open function enabled"
"从 disable_functions 中移除 proc_open","Remove proc_open from disable_functions"
"找到 disable_functions 行，删除 proc_open","Found disable_functions line, removing proc_open"
缓存命名空间失效帧包含未知字段。,"The cache namespace invalidation frame contains an unknown field."
缓存命名空间失效帧不完整。,"The cache namespace invalidation frame is incomplete."
不支持该缓存命名空间失效协议版本。,"The cache namespace invalidation protocol version is unsupported."
"缓存命名空间失效操作 ID 无效。","The cache namespace invalidation operation ID is invalid."
缓存命名空间权威时钟必须为正整数。,"The cache namespace authority clock must be a positive integer."
"缓存命名空间失效变更数必须为 1 至 64。","Cache namespace invalidation must contain 1 to 64 changes."
缓存命名空间失效变更无效。,"The cache namespace invalidation change is invalid."
缓存命名空间路径无效。,"The cache namespace path is invalid."
缓存命名空间失效变更必须按命名空间排序。,"Cache namespace invalidation changes must be sorted by namespace."
缓存命名空间失效变更超出容量限制。,"Cache namespace invalidation changes exceed the capacity limit."
"缓存命名空间失效帧超过 64 KiB。","The cache namespace invalidation frame exceeds 64 KiB."
缓存命名空间代际应用器不可用。,"The cache namespace generation applier is unavailable."
"操作 ID 已用于其他负载。","The operation ID was already used for another payload."
缓存命名空间失效操作已接收。,"The cache namespace invalidation operation was accepted."
待处理的缓存命名空间失效操作超出容量限制。,"Pending cache namespace invalidation operations exceed the capacity limit."
没有正在执行的缓存命名空间失效操作。,"There is no active cache namespace invalidation operation."
"操作 ID 负载冲突。","The operation ID payload conflicts with a prior operation."
应用缓存命名空间代际失败。,"Failed to apply cache namespace generations."
"不能同时使用 --install-deps 与 --no-auto-deps。","--install-deps and --no-auto-deps cannot be used together."
"Dispatcher 请求与 Direct 有效拓扑冲突；已拒绝静默改写拓扑。","The Dispatcher request conflicts with the effective Direct topology; silently rewriting the topology was refused."
"Windows Direct 使用 Nginx 直连的独立 Worker 回环端口与内置 stream_select；不需要安装或编译 ext-event。","Windows Direct 使用 Nginx 直连的独立 Worker 回环端口与内置 stream_select；不需要安装或编译 ext-event。"
"当前平台无法履行 Direct 拓扑依赖契约；已拒绝启动。","The current platform cannot satisfy the Direct topology dependency contract; startup was refused."
"Direct shared_fd 需要 proc_open/proc_get_status、POSIX 进程控制和可枚举的继承描述符；当前 PHP/系统不满足。","Direct shared_fd 需要 proc_open/proc_get_status、POSIX 进程控制和可枚举的继承描述符；当前 PHP/系统不满足。"
"sockets、OpenSSL 与 ext-event 已由当前 PHP 二进制加载且可用。","sockets, OpenSSL, and ext-event are loaded and available in the current PHP binary."
"sockets 与 ext-event 已由当前 PHP 二进制加载且可用。","sockets and ext-event are loaded and available in the current PHP binary."
"OpenSSL、ext-event 与 POSIX shared_fd 启动原语已可用。","OpenSSL、ext-event 与 POSIX shared_fd 启动原语已可用。"
"ext-event 与 POSIX shared_fd 启动原语已可用。","ext-event 与 POSIX shared_fd 启动原语已可用。"
"OpenSSL 与 ext-event 已由当前 PHP 二进制加载且可用。","OpenSSL and ext-event are loaded and available in the current PHP binary."
"ext-event 已由当前 PHP 二进制加载且可用。","ext-event is loaded and available in the current PHP binary."
"HTTPS 需要当前 PHP 二进制预先加载 OpenSSL；server:start 默认不会安装或编译依赖。","HTTPS requires OpenSSL to be preloaded by the current PHP binary; server:start does not install or compile dependencies by default."
"Direct 运行时缺少预装依赖：%{1}。普通启动不会现场安装或编译；请先安装，或显式使用 --install-deps。","The Direct runtime is missing preinstalled dependencies: %{1}. Normal startup does not install or compile them; install them first or explicitly use --install-deps."
"server:start 仅完成依赖探测；Dispatcher 将使用当前 PHP 已有能力和有界 stream_select。","server:start only probes dependencies; Dispatcher will use the current PHP capabilities and bounded stream_select."
"本次显式 OpenSSL 安装后当前 Windows PHP 二进制仍无法加载该扩展；已拒绝重复安装循环。","The current Windows PHP binary still cannot load OpenSSL after this explicit installation; another installation loop was refused."
"无法获取 WLS 运行时依赖安装锁；HTTPS 已拒绝启动。","Unable to acquire the WLS runtime dependency installation lock; HTTPS startup was refused."
"本次显式 OpenSSL 安装未能为当前 Windows PHP ABI（%{1}）生成可用扩展。","This explicit OpenSSL installation did not produce a usable extension for the current Windows PHP ABI (%{1})."
"Windows OpenSSL 已由当前 PHP ABI 实际加载验证。","Windows OpenSSL was verified by an actual load in the current PHP ABI."
"独立 PHP 探针可加载 event，但依赖重入进程仍未加载；为避免重复重启，WLS 将使用稳定的 Dispatcher + stream/select 运行时。","The standalone PHP probe can load event, but the dependency re-entry process still cannot; to avoid repeated restarts, WLS will use the stable Dispatcher plus stream/select runtime."
"Windows event 运行时已由当前 PHP 二进制实际加载验证。","The Windows event runtime was verified by an actual load in the current PHP binary."
"官方 event 包安装后仍无法由当前 Windows PHP ABI（%{1}）加载；WLS 将使用稳定的 Dispatcher + stream/select 运行时，且不会重复安装。","The official event package still cannot be loaded by the current Windows PHP ABI (%{1}) after installation; WLS will use the stable Dispatcher plus stream/select runtime without reinstalling it."
"无法获取 Windows event 安装锁；WLS 将使用稳定的 Dispatcher + stream/select 运行时。","Unable to acquire the Windows event installation lock; WLS will use the stable Dispatcher plus stream/select runtime."
"其他 WLS 启动进程已安装并验证 Windows event 运行时。","Another WLS startup process installed and verified the Windows event runtime."
"Windows event 已从官方 PECL 精确 ABI 包安装，并由当前 PHP 二进制实际加载验证。","Windows event was installed from the official PECL package matching the exact ABI and verified by loading it with the current PHP binary."
"当前 Windows PHP ABI（%{1}）没有可实际加载的可信 event DLL；WLS 将使用稳定的 Dispatcher + stream/select 运行时，不会加载未验证 DLL。","No trusted event DLL can be loaded by the current Windows PHP ABI (%{1}); WLS will use the stable Dispatcher plus stream/select runtime and will not load an unverified DLL."
"HTTPS 需要当前 PHP 二进制加载 OpenSSL；当前平台不支持通过 --install-deps 安全安装。","HTTPS requires OpenSSL in the current PHP binary; this platform does not support a safe --install-deps path."
"当前平台不支持通过 --install-deps 安全安装 ext-event；WLS 将使用兼容运行时。","This platform does not support safely installing ext-event through --install-deps; WLS will use the compatible runtime."
"ext-event 已在当前 PHP CLI 扫描目录中原子启用并由新 PHP 子进程验证。","ext-event 已在当前 PHP CLI 扫描目录中原子启用并由新 PHP 子进程验证。"
"ext-event 配置自愈失败；未修改主 php.ini，已拒绝继续。","ext-event 配置自愈失败；未修改主 php.ini，已拒绝继续。"
"本次显式依赖安装后 sockets/OpenSSL/ext-event 仍不可用；已拒绝重复安装循环。","sockets/OpenSSL/ext-event remain unavailable after this explicit dependency installation; another installation loop was refused."
"本次显式依赖安装后 OpenSSL/ext-event 仍不可用；已拒绝重复安装循环。","本次显式依赖安装后 OpenSSL/ext-event 仍不可用；已拒绝重复安装循环。"
"Dispatcher 的 ext-event 安装后仍不可用；保持显式 Dispatcher 并使用有界 stream_select，不改写拓扑。","ext-event remains unavailable after installation; keep the explicit Dispatcher with bounded stream_select and do not rewrite the topology."
"无法获取 WLS 运行时依赖安装锁；Direct 已拒绝启动。","Unable to acquire the WLS runtime dependency installation lock; Direct startup was refused."
"无法获取 WLS 运行时依赖安装锁；HTTPS/OpenSSL 已拒绝启动。","Unable to acquire the WLS runtime dependency installation lock; HTTPS/OpenSSL startup was refused."
"Dispatcher 无法获取可选 ext-event 安装锁；继续使用有界 stream_select。","Dispatcher could not acquire the optional ext-event installation lock; continue with bounded stream_select."
"其他 WLS 启动进程已安装 sockets/OpenSSL/ext-event。","Another WLS startup process installed sockets/OpenSSL/ext-event."
"其他 WLS 启动进程已安装 OpenSSL/ext-event。","其他 WLS 启动进程已安装 OpenSSL/ext-event。"
"其他 WLS 启动进程已安装 HTTPS/OpenSSL 与 Dispatcher 可选 ext-event。","Another WLS startup process installed HTTPS/OpenSSL and the optional Dispatcher ext-event dependency."
"HTTPS 必需依赖已安装验证；Dispatcher 可选 ext-event 安装失败，重入后将使用有界 stream_select。","Required HTTPS dependencies were installed and verified; the optional Dispatcher ext-event installation failed, so re-entry will use bounded stream_select."
"%{1} 本次显式安装未能为 PHP %{2} 生成可用扩展；保持显式 Dispatcher 并使用有界 stream_select。","This explicit %{1} installation did not produce a usable extension for PHP %{2}; the explicit Dispatcher topology remains active with bounded stream_select."
"%{1} 本次显式安装未能为 PHP %{2} 生成可用扩展。","This explicit %{1} installation did not produce a usable extension for PHP %{2}."
"sockets/OpenSSL/ext-event 已使用当前 PHP 安装并验证。","sockets/OpenSSL/ext-event were installed and verified with the current PHP binary."
"OpenSSL/ext-event 已使用当前 PHP 安装并验证。","OpenSSL/ext-event 已使用当前 PHP 安装并验证。"
"HTTPS/OpenSSL 与 Dispatcher 可选 ext-event 已使用当前 PHP 安装并验证。","HTTPS/OpenSSL and the optional Dispatcher ext-event dependency were installed and verified with the current PHP binary."
"wls.ssl.engine 仅支持 none/stream；收到 %{1}。","wls.ssl.engine supports only none/stream; received %{1}."
"Nginx 模式不允许 WLS external TLS Session Cache；TLS Session Cache 与 Ticket 由项目托管 Nginx 处理。","Nginx mode does not allow an external WLS TLS session cache; the project-managed Nginx owns the TLS session cache and tickets."
仅开发模式可用，当前部署模式：%{1},"Only available in dev mode; current deploy: %{1}"
"请在 env.php 中配置 wls.health_cookie_secret（与 worker 校验一致）","Configure wls.health_cookie_secret in env.php (must match worker)"
"已设置健康检查放行 Cookie，本浏览器可访问 /_wls/health?detail=1，约 2 小时内有效","Health-allow cookie set; this browser can access /_wls/health?detail=1 for about 2 hours"
"Security rules JSON cannot be empty.","Security rules JSON cannot be empty."
"Security rules JSON is invalid.","Security rules JSON is invalid."
"Security rules saved. WLS workers will reload the committed generation.","Security rules saved. WLS workers will reload the committed generation."
"The rules are committed, but one post-commit notification is pending.","The rules are committed, but one post-commit notification is pending."
"Security rules JSON is invalid. Visual fields were not saved.","Security rules JSON is invalid. Visual fields were not saved."
"Security rules JSON is invalid. Project policy was not saved.","Security rules JSON is invalid. Project policy was not saved."
"Select one managed project before saving a project security policy.","Select one managed project before saving a project security policy."
"Project security policy removed.","Project security policy removed."
"Project security policy saved.","Project security policy saved."
"No events","No events"
"No attacks","No attacks"
"All managed projects","All managed projects"
"Current project: %{1}","Current project: %{1}"
"%{1} (%{2})","%{1} (%{2})"
"Rate Limit","Rate Limit"
Enabled,Enabled
"Window Seconds","Window Seconds"
"Max Requests","Max Requests"
"Block Seconds","Block Seconds"
"Path Rate Limits","Path Rate Limits"
Rules,Rules
"Path Scan","Path Scan"
"Unique Paths","Unique Paths"
"SSL Handshake","SSL Handshake"
"Max Failures","Max Failures"
"Fast Close Threshold","Fast Close Threshold"
"Unknown Route Ban","Unknown Route Ban"
"Only In Spike Mode","Only In Spike Mode"
"Consecutive Count","Consecutive Count"
"IP Whitelist","IP Whitelist"
"Whitelisted IPs","Whitelisted IPs"
"Protected Paths","Protected Paths"
Paths,Paths
"%{1} overrides / %{2} inherited","%{1} overrides / %{2} inherited"
"Project override","Project override"
"Custom equals global","Custom equals global"
Inherited,Inherited
Disabled,Disabled
"%{1} (%{2}/%{3}s)","%{1} (%{2}/%{3}s)"
"%{1} entries: %{2}","%{1} entries: %{2}"
"0 entries","0 entries"
"Global rules","Global rules"
"Common rules saved","Common rules saved"
"Project policy saved","Project policy saved"
"Project policy removed","Project policy removed"
"Rules JSON saved","Rules JSON saved"
"Policy updated","Policy updated"
"Visual editor","Visual editor"
"Project policy editor","Project policy editor"
"Advanced JSON","Advanced JSON"
"WLS Panel","WLS Panel"
Configured,Configured
"%{1} entries","%{1} entries"
"Current Project","Current Project"
Local,Local
Path,Path
请求处理错误：%{1},"Request processing error: %{1}"
"Managed project does not exist.","Managed project does not exist."
"Managed project saved.","Managed project saved."
"Managed project ID is invalid.","Managed project ID is invalid."
"Managed project removed.","Managed project removed."
Active,Active
Inactive,Inactive
"Project Path","Project Path"
"Runtime profile editable","Runtime profile editable"
"Click to configure profile","Click to configure profile"
"PHP 内置服务器","PHP Built-in Server"
"Windows 上需要 proc_open 或 exec 函数来启动多进程，请检查 disable_functions 配置","Windows requires proc_open or exec to start multi-process, please check disable_functions configuration"
"缺少 sockets 扩展","Missing sockets extension"
未知原因,"Unknown reason"
"AppStore plugin query returned an invalid response.","AppStore plugin query returned an invalid response."
Installed,Installed
"Plugin required","Plugin required"
"Open Capability","Open Capability"
"Installed Plugin","Installed Plugin"
"Install Plugin","Install Plugin"
"Plugin Panel","Plugin Panel"
"Panel plugin module list refresh failed: %{1}","Panel plugin module list refresh failed: %{1}"
"Panel plugin registry refresh completed with warnings.","Panel plugin registry refresh completed with warnings."
"Panel plugin registry refresh failed: %{1}","Panel plugin registry refresh failed: %{1}"
"Panel plugin route refresh failed: %{1}","Panel plugin route refresh failed: %{1}"
"Status loaded","Status loaded"
"可用 WLS 实例已接收缓存命名空间失效操作。","Available WLS instances accepted the cache namespace invalidation operation."
"部分目标 WLS 实例未接收缓存命名空间失效操作。","Some target WLS instances did not accept the cache namespace invalidation operation."
"启用 Dispatcher 维护分流","Enable Dispatcher maintenance diversion"
"禁用 Dispatcher 维护分流","Disable Dispatcher Maintenance Shunt"
批量派发遗漏该实例,"Batch dispatch missed this instance"
实例未运行,"Instance Not Running"
"Master 未运行，无法通过 IPC 控制。","Master is not running and cannot be controlled via IPC."
"Master 未运行，跳过该实例（请检查 server:start 或 Master 复活状态）。","Master is not running, skip this instance (check server:start or Master resurrection status)."
"WLS 实例 %{1} 未运行：%{2}","WLS instance %{1} is not running: %{2}"
"未发现可接收 %{1} 的运行中 WLS 实例，已跳过：%{2}","No running WLS instance found that can accept %{1}, skipped: %{2}"
"未发现运行中的 WLS 实例，已跳过 %{1}","No running WLS instance found, skipped %{1}"
"已向 WLS 实例 %{1} 发送 %{2}","Sent %{2} to WLS instance %{1}"
"已向 %{1} 个运行中的 WLS 实例发送 %{2}","Sent %{2} to %{1} running WLS instance(s)"
"已向 %{1} 个可控 WLS 实例发送 %{2}，跳过：%{3}","Sent %{2} to %{1} controllable WLS instance(s), skipped: %{3}"
"WLS 在运行，但 %{1} 派发失败：%{2}；跳过：%{3}","WLS is running, but %{1} dispatch fails: %{2}; skipped: %{3}"
"WLS 在运行，但 %{1} 派发失败：%{2}","WLS is running, but %{1} dispatch fails: %{2}"
"已向 %{1}/%{2} 个可控 WLS 实例发送 %{3}，失败：%{4}；跳过：%{5}","Sent %{3} to %{1}/%{2} controllable WLS instance(s), failed: %{4}; skipped: %{5}"
"已向 %{1}/%{2} 个可控 WLS 实例发送 %{3}，失败：%{4}","Sent %{3} to %{1}/%{2} controllable WLS instance(s), failed: %{4}"
"实例 %{1} 的 Master 未运行，无法通过 IPC 控制。","Master of instance %{1} is not running, cannot control via IPC."
连接控制端口失败：%{1},"Failed to Connect to Control Port: %{1}"
"发送控制命令失败，请检查 Orchestrator IPC 连接状态。","Failed to send control command, please check the Orchestrator IPC connection status."
读取控制命令响应失败。,"Failed to read the control command response."
控制命令已发送,"Control command sent"
等待控制命令响应超时（%{1}s）。,"Control command response timeout (%{1}s)."
"启动命令已提交，但未返回有效 PID，请稍后刷新状态确认。","Start command submitted, but no valid PID returned, please refresh status later to confirm."
"启动命令已提交，Master PID: %{1}","Start command submitted, Master PID: %{1}"
控制命令绝对截止时间已耗尽。,控制命令绝对截止时间已耗尽。
缓存命名空间失效接收超时。,"Cache namespace invalidation acceptance timed out."
缓存命名空间失效控制帧未完整写入。,"The cache namespace invalidation control frame was not fully written."
"Local project","Local project"
"%{1} / %{2} checks ready","%{1} / %{2} checks ready"
"Core Links","Core Links"
"%{1} / %{2}","%{1} / %{2}"
"Admin, panel, path, and security scope are ready.","Admin, panel, path, and security scope are ready."
"Some core project context still needs setup.","Some core project context still needs setup."
"Operation Slots","Operation Slots"
"All WLS operation plugins are installed.","All WLS operation plugins are installed."
"%{1} WLS operation plugins need installation.","%{1} WLS operation plugins need installation."
"Security Scope","Security Scope"
Ready,Ready
Review,Review
"Policy and attack-log links can be scoped safely.","Policy and attack-log links can be scoped safely."
"Security links need project identity first.","Security links need project identity first."
"Needs setup","Needs setup"
"Needs review","Needs review"
"All managed projects are ready for panel operations.","All managed projects are ready for panel operations."
"Some projects need core context before operations are safe.","Some projects need core context before operations are safe."
"%{1} of %{2} projects are fully ready.","%{1} of %{2} projects are fully ready."
"All core links and WLS operation plugins are ready.","All core links and WLS operation plugins are ready."
"%{1} core checks need setup before this project is fully manageable.","%{1} core checks need setup before this project is fully manageable."
"Project context needs review before it is fully ready.","Project context needs review before it is fully ready."
"Scoped editor","Scoped editor"
Marketplace,Marketplace
"Install plugin","Install plugin"
"Current project","Current project"
"Registered project","Registered project"
"Managed project","Managed project"
"PHP Config","PHP Config"
"Database Config","Database Config"
Files,Files
Deploy,Deploy
"Configure PHP","Configure PHP"
"Configure Database","Configure Database"
"Open Files","Open Files"
"Configure Deploy","Configure Deploy"
"Open editor","Open editor"
"PHP profile not selected","PHP profile not selected"
"Database profile not selected","Database profile not selected"
"Project path ready","Project path ready"
"Project path missing","Project path missing"
"Project release context ready","Project release context ready"
"Project release context missing","Project release context missing"
"local context","local context"
"安装 %{1} 可提升性能至 %{2}","Installing %{1} can improve performance to %{2}"
"性能提升 100-200%%，支持更多并发连接","Performance Boost of 100-200%%, Supporting More Concurrent Connections"
"需要安装 event 扩展","Event extension required"
读事件处理错误：%{1},"Read event error: %{1}"
写事件处理错误：%{1},"Write event error: %{1}"
信号处理错误：%{1},"Signal handler error: %{1}"
定时器执行错误：%{1},"Timer execution error: %{1}"
WLS错误扫描,"WLS error scan"
"扫描 WLS 日志中的 Fatal/ParseError/TypeError 等关键错误，生成修复任务","Scan WLS logs for critical errors such as Fatal/ParseError/TypeError and generate fix tasks"
攻击信号监控,"Attack Signal Monitoring"
"监控攻击信号文件，触发 CDN 攻击防护/恢复","Monitor attack signal file to trigger CDN attack protection/recovery"
无攻击信号需要处理,"No Attack Signals to Process"
"攻击信号监控异常: %{1}","Attack Signal Monitoring Anomaly: %{1}"
无活跃攻击信号,"No active attack signals"
"已通知 CDN 开启攻击防护模式，攻击次数: %{1}","CDN attack protection mode enabled, attack count: %{1}"
"已通知 CDN 关闭攻击防护模式，持续时间: %{1} 分钟","CDN attack protection mode disabled, duration: %{1} minutes"
"SSL 证书自动续签","SSL Certificate Auto Renewal"
"每天检查即将到期的证书：%{1} 天内发送通知，%{2} 天内自动续签","Check daily for expiring certificates: send notification within %{1} days, auto-renew within %{2} days"
没有需要续签的证书,"No certificates need renewal"
"证书将在 %{1} 天后过期","Certificate Will Expire in %{1} Days"
续签成功,"Renewal successful"
续签异常,"Renewal exception"
"证书自动续签完成：检查 %{1} 个，提醒 %{2} 个，成功 %{3} 个，失败 %{4} 个，跳过 %{5} 个","Certificate auto-renewal completed: Checked %{1}, notified %{2}, succeeded %{3}, failed %{4}, skipped %{5}"
证书自动续签任务失败：%{1},"Certificate auto-renewal task failed: %{1}"
"SSL 证书即将过期","SSL certificate is about to expire"
"域名 %{1} 的 SSL 证书将在 %{2} 天后过期（%{3}），请关注续签或手动续签。","The SSL certificate for domain %{1} will expire in %{2} days (%{3}). Please monitor renewal or renew manually."
"请指定域名：--domain example.com","Please specify the domain: --domain example.com"
"正在为 %{1} 申请 SSL 证书...","Requesting SSL certificate for %{1}..."
联系邮箱：%{1},"Contact email: %{1}"
Webroot：%{1},"Webroot: %{1}"
检测到本地域名，将生成自签证书,"Detected local domain, will generate a self-signed certificate."
"✓ 自签证书生成成功！","✓ Self-signed certificate generation successful!"
证书路径：%{1},"Certificate path: %{1}"
私钥路径：%{1},"Private key path: %{1}"
到期时间：%{1},"Expires at: %{1}"
"启用 HTTPS：","Enable HTTPS:"
"✗ 证书生成失败：%{1}","✗ Certificate generation failed: %{1}"
"请先安装 event 扩展后再执行申请证书。","Please install the event extension first before applying for the certificate."
证书提供商：%{1},"Certificate Provider: %{1}"
"Webroot 目录不存在：%{1}","Webroot directory not found: %{1}"
"✓ 证书申请成功！","✓ Certificate request successful!"
"✗ 证书申请失败：%{1}","✗ Certificate request failed: %{1}"
"续签将继续执行，但启用 HTTPS 前请先安装 event 扩展。","Renewal will proceed, but please install the event extension before enabling HTTPS."
"正在续签 %{1} 的证书...","Renewing certificate for %{1}..."
"✓ 证书续签成功","✓ Certificate renewed successfully"
"✗ 证书续签失败：%{1}","✗ Certificate renewal failed: %{1}"
"检查需要续签的证书（%{1} 天内过期）...","Checking certificates needing renewal (expiring within %{1} days)..."
"✓ %{1} - 续签成功","✓ %{1} - Renewal successful"
"✗ %{1} - 续签失败：%{2}","✗ %{1} - Renewal failed: %{2}"
"SSL 证书列表","SSL certificate list"
自动续签,"Auto Renew"
"Weline Server SSL 证书管理","Weline Server SSL Certificate Management"
证书总数：%{1},"Total certificates: %{1}"
有效证书：%{1},"Active certificates: %{1}"
"HTTPS 启用：%{1}","HTTPS enabled: %{1}"
即将过期（30天内）：%{1},"Expiring soon (within 30 days): %{1}"
可用命令：,"Available commands:"
"- 查看证书列表","- View certificate list"
"- 申请新证书（localhost 自动生成自签证书）","- Requesting a new certificate (localhost automatically generates a self-signed certificate)"
"- 续签到期证书","- Renew expiring certificates"
"- 同步网站域名","- Sync website domains"
"- 启用 HTTPS","- Enable HTTPS"
"- 禁用 HTTPS","- Disable HTTPS"
站点域名查询不可用：%{1},站点域名查询不可用：%{1}
未找到任何网站域名,"No website domains found"
"找到 %{1} 个域名","Found %{1} domains"
"✓ %{1} - 已有有效证书","✓ %{1} - Valid certificate already exists"
"→ %{1} - 申请证书...","→ %{1} - Request a certificate..."
"✓ 成功","✓ Success"
"✗ 失败：%{1}","✗ Failure: %{1}"
禁用,Disabling
"正在 %{1} %{2} 的 HTTPS...","%{1} HTTPS for %{2}..."
"✓ %{1}","✓ %{1}"
重要：请重启服务器使配置生效,"Important: Please restart server for changes to take effect"
"✗ %{1}","✗ %{1}"
操作：status/list/request/renew/sync/enable/disable,"Action: status/list/request/renew/sync/enable/disable"
指定域名,"Specify domain name"
"Webroot 路径（默认：pub/）","Webroot path (default: pub/)"
证书提供商（letsencrypt/litessl）,"Certificate Provider (letsencrypt/litessl)"
"强制执行 ACME（忽略本地未过期证书）","Force execute ACME (ignore local non-expired certificates)"
提前续签天数（默认：30）,"Renewal advance days (default: 30)"
显示证书状态概览（默认）,"Show certificate status overview (default)"
列出所有证书,"List all certificates"
同步网站域名并申请证书,"Sync website domains and request certificates"
"启用指定域名的 HTTPS","Enable HTTPS for specified domain"
"禁用指定域名的 HTTPS","Disable HTTPS for specified domain"
查看状态,"View status"
列出证书,"List Certificates"
续签证书,"Renew Certificate"
同步并申请,"Sync and request"
"启用 HTTPS","Enable HTTPS"
"禁用 HTTPS","Disable HTTPS"
"监督可恢复后台任务 Runner、租约与崩溃恢复","监督可恢复后台任务 Runner、租约与崩溃恢复"
"作为持久 Watchdog 进程运行","作为持久 Watchdog 进程运行"
仅执行一次检查,仅执行一次检查
"未检测到运行中的 WLS Master","No running WLS Master detected"
未知子命令：%{1},"Unknown subcommand: %{1}"
启用维护模式...,"Enable maintenance mode..."
发送命令失败,"Failed to send command"
维护模式命令已进入控制队列,"Maintenance mode command has entered the control queue"
队列位置：%{1},"Queue location: %{1}"
"✗ 启用失败：%{1}","✗ Activation failed: %{1}"
维护转换未返回可验证终态,"The maintenance transition did not return a verifiable terminal state."
"✓ 维护模式已启用","✓ Maintenance mode is enabled"
"维护 Worker 数量：%{1}","Number of Maintenance Workers: %{1}"
禁用维护模式...,"Disabling maintenance mode..."
"✗ 禁用失败：%{1}","✗ Disablement failed: %{1}"
"✓ 维护模式已禁用","✓ Maintenance mode is disabled"
开始滚动重启...,"Start rolling restart..."
"维护 Worker 将自动启用以接管流量","Maintenance Worker will automatically start to take over traffic"
"无法获取控制端口，请检查 Master 是否运行","Unable to get control port, please check if Master is running"
"无法建立 IPC 连接: %{1}","Unable to establish IPC connection: %{1}"
"✓ 滚动重启命令已发送","✓ The rolling restart command has been sent"
"等待 Orchestrator 完成滚动重启...","Waiting for Orchestrator to complete rolling restart..."
获取状态失败,"Failed to get status"
维护模式状态,"Maintenance mode status"
维护模式：%{1},"Maintenance mode: %{1}"
滚动重启：%{1},"Rolling restart: %{1}"
"维护 Worker：%{1}","Maintenance Worker: %{1}"
维护操作已结束，但未提交请求的目标状态,"The maintenance operation finished without committing the requested state."
维护操作在可观测终态返回前超时,"The maintenance operation timed out before a terminal state was observable."
连接异常断开,"Connection Abnormally Disconnected"
"✗ 滚动重启失败：%{1}","✗ Rolling restart failed: %{1}"
等待超时（%{1}s），重启可能仍在进行中,"Timeout (%{1}s), restart may still be in progress"
"可用 server:maintenance status 查看当前状态","Run server:maintenance status to view the current status."
"✓ 滚动重启完成（%{1}/%{2} Worker）","✓ The rolling restart is completed (%{1}/%{2} Worker)"
维护模式已自动禁用,"Maintenance mode has been automatically disabled"
"用法：server:maintenance <子命令> [实例名]","Usage: server:maintenance <subcommand> [instance name]"
子命令：,Subcommand:
"启用维护模式（Dispatcher 切维护池；Direct 切业务 Worker 本地门禁）","启用维护模式（Dispatcher 切维护池；Direct 切业务 Worker 本地门禁）"
禁用维护模式并恢复业务响应,禁用维护模式并恢复业务响应
执行滚动重启（自动管理维护模式）,"Perform rolling restart (automatically manage maintenance mode)"
查看维护模式状态,"View Maintenance Mode Status"
示例：,Example:
"WLS 维护模式管理（Dispatcher 维护池 / Direct Worker 本地门禁）","WLS 维护模式管理（Dispatcher 维护池 / Direct Worker 本地门禁）"
"管理 WLS 维护模式：Dispatcher 切换维护 Worker 池；Direct 通过 IPC ACK 切换业务 Worker 本地维护门禁。","管理 WLS 维护模式：Dispatcher 切换维护 Worker 池；Direct 通过 IPC ACK 切换业务 Worker 本地维护门禁。"
"启用维护模式：Dispatcher 启动/切换维护池；Direct 不启动维护 Worker","启用维护模式：Dispatcher 启动/切换维护池；Direct 不启动维护 Worker"
"禁用维护模式：恢复业务 Worker 正常响应","禁用维护模式：恢复业务 Worker 正常响应"
"执行滚动重启：Dispatcher 使用维护池；Direct 使用业务 Worker 本地维护门禁","执行滚动重启：Dispatcher 使用维护池；Direct 使用业务 Worker 本地维护门禁"
实例名称（默认：default）,"Instance name (default: default)"
滚动重启,"Rolling restart"
"按拓扑使用维护池或 Worker 本地门禁，分批替换 Worker","按拓扑使用维护池或 Worker 本地门禁，分批替换 Worker"
"维护 Worker","Maintenance Worker"
"仅 Dispatcher 拓扑使用；Direct 的维护 Worker 目标数固定为 0","仅 Dispatcher 拓扑使用；Direct 的维护 Worker 目标数固定为 0"
自动管理,Auto-manage
"rolling 命令会自动启用/禁用维护模式，无需手动操作","rolling The command will automatically enable/disable maintenance mode without manual operation"
滚动重启（推荐）,"Rolling restart (recommended)"
手动启用维护模式,"Manually enable maintenance mode"
手动禁用维护模式,"Manually disable maintenance mode"
"`--all` 与 `-pre/--prefix` 不能同时使用。","`--all` and `-pre/--prefix` cannot be used at the same time."
请二选一：要么停止所有实例，要么只停止某个前缀。,"Please choose one: either stop all instances, or stop only a specific prefix."
该实例的启动、停止、重载或清理任务正在处理中，请稍后再试。,该实例的启动、停止、重载或清理任务正在处理中，请稍后再试。
若锁文件长期存在，请确认停止任务是否已结束后再重试。,"If the lock file persists, please confirm that the task has stopped before retrying."
"共享网关：经本地退休栅栏和控制面状态确认，当前启动代没有待注销路由；继续停止本地 WLS。","共享网关：经本地退休栅栏和控制面状态确认，当前启动代没有待注销路由；继续停止本地 WLS。"
共享网关：当前实例连接已自然排空并注销；网关本身与其他项目保持运行。,共享网关：当前实例连接已自然排空并注销；网关本身与其他项目保持运行。
共享网关路由未完成签名排空/注销：%{1},共享网关路由未完成签名排空/注销：%{1}
"托管 Nginx：%{1}","Managed Nginx: %{1}"
"托管 Nginx 停止失败：%{1}","Managed Nginx stop failed: %{1}"
"托管 Nginx 停止异常：%{1}","托管 Nginx 停止异常：%{1}"
"已中止残留清理：请先修复托管 Nginx 停止故障，或显式使用强制停止。","Residual cleanup was aborted; repair the managed Nginx stop failure or explicitly force the stop."
"实例 [%{1}] 不存在","Instance [%{1}] not found"
"已在实例文件缺失场景下安全清理 %{1} 个受管 WLS 进程","Safely cleaned up %{1} managed WLS processes when instance files were missing"
"使用 server:listing 查看所有实例","Use server:listing to view all instances"
"已中止 WLS 停止：请先修复边缘路由/托管 Nginx 故障，或显式使用强制停止。","已中止 WLS 停止：请先修复边缘路由/托管 Nginx 故障，或显式使用强制停止。"
"Master 进程不存在 (PID: %{1})","Master process does not exist (PID: %{1})"
"Master PID 缺失但控制端口仍可用，先尝试通过 IPC 自停...","Master PID is missing but the control port is still available, try to stop it through IPC first..."
"控制端口已接受 STOP，继续复核残留进程 ✓","Control port has received STOP, continuing to check for residual processes ✓"
"Instance [%{1}] still has residual WLS processes; keeping instance metadata for continued cleanup.","Instance [%{1}] still has residual WLS processes; keeping instance metadata for continued cleanup."
"实例元数据已标记停止并保留 ✓","Instance metadata marked as stopped and retained ✓"
"实例 [%{1}] 仍有残留 WLS 进程，已保留实例文件以便继续清理。","实例 [%{1}] 仍有残留 WLS 进程，已保留实例文件以便继续清理。"
"实例 Master PID 或控制端口归属校验未通过，跳过 IPC，改用本地清理。","Instance Master PID or control port ownership verification failed, skipping IPC, using local cleanup instead."
"快速清场模式：跳过 IPC 排水，并发终止旧实例子进程...","快速清场模式：跳过 IPC 排水，并发终止旧实例子进程..."
"实例 [%{1}] 仍有残留进程，已保留实例文件以便继续清理。","Instance [%{1}] still has residual processes, instance files retained for further cleanup."
"实例 [%{1}] 已停止（-f 强制模式） ✓","Instance [%{1}] stopped (-f force mode) ✓"
"实例 [%{1}] 已停止（快速清场） ✓","Instance [%{1}] stopped (quick cleanup) ✓"
"-f --ipc：跳过排水，通过 IPC 发起停止，响应后并发清理当前实例进程...","-f --ipc: Skip draining, initiate stop via IPC, concurrently clean up current instance process after response..."
"发送 STOP 命令给 Master (通过 IPC)...","Sending STOP command to Master (via IPC)..."
"所有子进程已完整退出 ✓","All child processes have fully exited ✓"
"Stop flow is still running in Master after the CLI wait ended; keeping instance metadata and skipping local cleanup.","Stop flow is still running in Master after the CLI wait ended; keeping instance metadata and skipping local cleanup."
"IPC 超时，按受保护进程出生身份清理该实例下所有进程...","IPC 超时，按受保护进程出生身份清理该实例下所有进程..."
"实例 [%{1}] 已停止 ✓","Instance [%{1}] stopped ✓"
停止服务器实例,"Stop server instance"
实例名称：,"Instance name:"
"Master PID：","Master PID："
(未运行),"(Not Running)"
控制端口：,"Control port:"
(未配置),"(not configured)"
"纯 WLS 公网端口：","Pure WLS public port:"
"WLS 回源端口：","WLS upstream ports:"
"由纯 WLS 直接终结","Terminated directly by pure WLS"
"由托管 Nginx 终结","terminated by managed Nginx"
"公网 TLS：","Public TLS:"
"HTTP 跳转：","HTTP jump:"
启动时间：,"Started at:"
(未知),(Unknown)
清理残留进程...,"Cleaning residual processes..."
"已清理 %{1} 个残留进程","Cleaned %{1} residual processes"
重试次数：%{1},"Retry Count: %{1}"
无残留进程,"No residual processes"
"残留清理未完全完成，残留进程: %{1}, 残留端口: %{2}","Residual cleanup not fully completed, residual processes: %{1}, residual ports: %{2}"
"受保护进程身份仍有 %{1} 项未确认释放：%{2}","受保护进程身份仍有 %{1} 项未确认释放：%{2}"
"已清理 %{1} 个残留进程（复核结束）","Cleaned %{1} residual processes (review completed)"
"已处理 %{1} 个进程","Processed %{1} processes"
"Master 已退出，先快速终止实例内已知子进程（含 Session/Memory）...","Master 已退出，先快速终止实例内已知子进程（含 Session/Memory）..."
"已发送终止信号 %{1} 个已知子进程","已发送终止信号 %{1} 个已知子进程"
"精确身份清理仍有 %{1} 项未确认释放：%{2}","精确身份清理仍有 %{1} 项未确认释放：%{2}"
"Fast-local cleanup still has residual process ids: %{1}","Fast-local cleanup still has residual process ids: %{1}"
"Fast-local cleanup terminated %{1} residual processes.","Fast-local cleanup terminated %{1} residual processes."
"Fast-local cleanup found no verified residual processes.","Fast-local cleanup found no verified residual processes."
"STOP 命令在 ACK 超时内未得到确认（未见 Stopping），转为本地清理。","If the STOP command is not acknowledged within the ACK timeout (no Stopping is seen), local cleanup is performed."
"Master STOP 追踪文件末条事件：%{1}","Master STOP The last event of the trace file: %{1}"
没有正在运行的实例,"No running instances"
停止所有服务器实例,"Stop all server instances"
"发现 %{1} 个 Weline Server 实例","Found %{1} Weline Server instances"
"正在停止实例 [%{1}]...","Stopping instance [%{1}]..."
"实例 [%{1}] 正在被其他生命周期任务处理，已跳过。","实例 [%{1}] 正在被其他生命周期任务处理，已跳过。"
"部分实例因托管 Nginx 停止失败而未完成，命令将返回非零状态。","Some instances were not stopped because managed Nginx stop failed; the command will return a non-zero status."
"所有 Weline Server 实例已停止","All Weline Server instances have stopped"
"正在停止 PHP 内置服务器 (cli-server)...","Stopping PHP built-in server (cli-server)..."
"PHP 内置服务器已停止","PHP built-in server has stopped"
"进度 [%{1}/%{2}] 正在停止实例 [%{3}]...","Progress [%{1}/%{2}] Stopping instance [%{3}]..."
实例前缀不能为空。,"Instance prefix cannot be empty."
"没有找到前缀为 [%{1}] 的实例。","No instance found with prefix [%{1}]."
"使用 server:listing 查看当前实例列表。","Use server:listing to view the current instance list."
按前缀停止服务器实例,"Stop server instances by prefix"
实例前缀：%{1},"Instance prefix: %{1}"
"发现 %{1} 个匹配实例","Found %{1} matching instances"
部分前缀实例未完成停止，命令将返回非零状态。,"Some prefix-matched instances were not stopped; the command will return a non-zero status."
"前缀 [%{1}] 匹配的实例已处理完成。","Instances matching the prefix [%{1}] have been processed."
"停止 Weline Server 或 PHP 内置服务器实例","Stop Weline Server or PHP built-in server instance"
"停止正在运行的 Weline Server 或 PHP 内置服务器实例","Stop running Weline Server or PHP built-in server instance"
"一个或多个实例名称（默认：default；cli/cli-server 表示 PHP 内置服务器）","One or more instance names (default: default; cli/cli-server for PHP built-in server)"
"停止所有运行中的实例（含 Weline Server 与 CLI 服务器）","Stop all running instances (including Weline Server and CLI server)"
"停止所有实例名以该前缀开头的 Weline Server 实例","Stop all Weline Server instances whose instance names start with this prefix"
"强制停止：通过认证 IPC 跳过排水；IPC 失联时仅按受保护进程出生身份清理","强制停止：通过认证 IPC 跳过排水；IPC 失联时仅按受保护进程出生身份清理"
"显式跳过 IPC；仅允许受保护 Master/子进程出生身份清理，无法证明时拒绝终止","显式跳过 IPC；仅允许受保护 Master/子进程出生身份清理，无法证明时拒绝终止"
"兼容参数：WLS 2.0 默认始终优先使用认证 IPC","兼容参数：WLS 2.0 默认始终优先使用认证 IPC"
显示帮助信息,"Show help"
停止默认实例,"Stop default instance"
停止指定实例,"Stop specific instance"
停止多个指定实例,"Stop multiple specific instances"
按前缀停止实例,"Stop instances by prefix"
"停止 PHP 内置服务器","Stop PHP built-in server"
停止所有实例,"Stop all instances"
"强制停止（认证 IPC，失败后精确身份清理）","强制停止（认证 IPC，失败后精确身份清理）"
显式本地精确身份清理,显式本地精确身份清理
正在停止服务器...,"Stopping server..."
"Weline Server 已停止！","Weline Server has stopped!"
"server:stop only stops WLS-managed processes; independent bin/w commands such as setup:upgrade or cron:task:run must be handled separately.","server:stop only stops WLS-managed processes; independent bin/w commands such as setup:upgrade or cron:task:run must be handled separately."
"Weline Server 停止失败","Weline Server Stop Failed"
"正在重载域名 %{1} 的证书...","Reloading certificate for domain %{1}..."
正在从证书管理重载所有可用证书...,"Reloading all available certificates from certificate management..."
"已启用 --clear：将清除不完整证书的 DB 记录和磁盘文件，重置为可重新申请状态","Enabled --clear: DB records and disk files for incomplete certificates will be cleared, resetting to a re-applicable state"
"已启用 --clear-no-pem：缺少 PEM 的证书记录将被删除","Enabled --clear-no-pem: Certificate records missing PEM will be deleted"
"成功重载 %{1} 个证书","Successfully reloaded %{1} certificates"
"发现 %{1} 个已过期证书，已发送系统通知","Found %{1} expired certificates, system notification sent"
"已清除 %{1} 条不完整证书","Cleared %{1} incomplete certificates"
"✗ 已清除 %{1}","✗ Cleared %{1}"
"已刷新本地证书文件、SNI 映射和 WLS 证书缓存","Refreshed local certificate files, SNI mappings, and WLS certificate cache"
没有需要重载的证书,"No certificates need to be reloaded"
"从证书管理重载证书文件并刷新 WLS 映射","Reload certificate files from certificate management and refresh WLS mapping"
"从证书管理中读取 PEM 内容，重载到本地证书目录，并刷新 WLS 的 SNI 证书映射","Read PEM content from certificate management, reload to local certificate directory, and refresh WLS SNI certificate mapping"
只重载指定域名的证书,"Reload certificates for the specified domain only"
"清除缺少 PEM 或证书文件不正常的证书记录及其磁盘目录，重置证书状态以便重新申请","Clear certificate records with missing PEM or abnormal certificate files, along with their disk directories, and reset certificate status for re-application"
"同 --clear（兼容旧参数）","Same as --clear (compatible with old parameters)"
默认行为,"Default Behavior"
"重载所有启用了 HTTPS 的有效/异常证书记录；已过期证书仅通知不重载","Reload all valid/abnormal certificate records with HTTPS enabled; expired certificates will only be notified, not reloaded"
重载全部证书,"Reload All Certificates"
重载单个域名,"Reload Single Domain"
清除不完整证书并重置,"Clear incomplete certificates and reset"
"拒绝执行全局 PHP 进程杀伤。","拒绝执行全局 PHP 进程杀伤。"
"如确需杀死系统中所有 PHP 进程，请显式使用 --all-php --yes。","如确需杀死系统中所有 PHP 进程，请显式使用 --all-php --yes。"
"未发现 WLS 实例记录；不会执行全局 php.exe/pkill。","未发现 WLS 实例记录；不会执行全局 php.exe/pkill。"
"未找到可清理的 WLS 进程前缀。","未找到可清理的 WLS 进程前缀。"
"将仅结束当前项目 WLS 归属的 PHP 进程，不会杀死系统中所有 PHP。","将仅结束当前项目 WLS 归属的 PHP 进程，不会杀死系统中所有 PHP。"
"已发送 WLS 归属 PHP 进程清理请求。","已发送 WLS 归属 PHP 进程清理请求。"
"即将结束系统中所有 PHP 进程（包含非 WLS 进程）。","即将结束系统中所有 PHP 进程（包含非 WLS 进程）。"
"已执行全局 PHP 进程清理。","已执行全局 PHP 进程清理。"
"未检测到运行中的 PHP 进程，或系统拒绝执行。","未检测到运行中的 PHP 进程，或系统拒绝执行。"
"结束 WLS 归属 PHP 进程；全局 PHP 清理必须显式 --all-php --yes","结束 WLS 归属 PHP 进程；全局 PHP 清理必须显式 --all-php --yes"
"默认只结束当前项目 WLS 归属 PHP 进程","默认只结束当前项目 WLS 归属 PHP 进程"
"危险：杀死系统中所有 PHP 进程","危险：杀死系统中所有 PHP 进程"
"与 --all-php 同用，确认全局杀伤","与 --all-php 同用，确认全局杀伤"
安全默认,安全默认
"不再执行 taskkill /IM php.exe 或 pkill -9 php，除非显式 --all-php --yes","不再执行 taskkill /IM php.exe 或 pkill -9 php，除非显式 --all-php --yes"
"清理 WLS 归属进程","清理 WLS 归属进程"
全局清理（危险）,全局清理（危险）
"清除 WLS 路由缓存...","Clearing WLS route cache..."
实例不存在,"Instance does not exist"
发送路由缓存清除命令,发送路由缓存清除命令
"路由缓存清除命令已被 Master 接收","路由缓存清除命令已被 Master 接收"
状态：%{1},状态：%{1}
清除缓存失败,"Failed to clear cache"
"清除 WLS Dispatcher 路由缓存","Clear WLS Dispatcher route cache"
"📋 您的 PHP 环境","📋 Your PHP Environment"
"⚡ 优化状态","⚡ Optimization status"
"⚠️ 待优化项：","⚠️ Items to be optimized:"
"✅ 所有优化项已配置完成！","✅ All optimization items have been configured!"
"📖 在线优化指南","📖 Online Optimization Guide"
访问以下链接查看详细的安装步骤：,"Visit the following link for detailed installation steps:"
"🔒 安全策略：仅允许后台本地 AJAX 请求","🔒 Security Policy: Only allow local AJAX requests from the backend"
"💡 需要先登录后台才能访问","💡 You need to log in to the backend first to access"
"🚀 快速优化","🚀 Quick Optimization"
"📦 %{1}","📦 %{1}"
文件：%{1},"File: %{1}"
显示性能优化文档链接,"Show performance optimization documentation link"
"请指定 --ip=<IP> 解封单个 IP，或 --clear-all 清空全部封禁","Please specify --ip=<IP> to unblock a single IP, or --clear-all to clear all bans"
解封命令已接收,解封命令已接收
解封命令失败,解封命令失败
"公网协议所有者：纯 WLS；无需 Nginx 或其他边缘进程。","Public protocol owner: pure WLS; no Nginx or other edge process is required."
"纯 WLS 协议：目标=%{1}，实际首选=%{2}，回退=%{3}","Pure WLS protocol: target=%{1}, effective preferred=%{2}, fallback=%{3}"
未验证,"Not verified"
无,None
"纯 WLS TLS：TLS 1.3=%{1}，ALPN HTTP/2=%{2}","Pure WLS TLS: TLS 1.3=%{1}, ALPN HTTP/2=%{2}"
已验证,Verified
"纯 WLS HTTP/3：不可用；需要项目托管 Nginx。","Pure WLS HTTP/3: unavailable; project-managed Nginx is required."
"纯 WLS TLS Session：configured=%{1}，live Reused=%{2}，cross Worker=%{3}","Pure WLS TLS session: configured=%{1}, live Reused=%{2}, cross Worker=%{3}"
pending,pending
"TLS Session 说明：%{1}","TLS session note: %{1}"
"运行端点协议或 Managed Nginx owner 尚未完整绑定；下面不会把配置值提升为运行验证。","The runtime endpoint protocol or Managed Nginx owner is not fully bound; the values below will not elevate configuration into runtime verification."
"当前为配置预览；运行验证只有在实例与 Managed Nginx owner 绑定后才归因。","This is a configuration preview; runtime verification is attributed only after the instance is bound to the Managed Nginx owner."
"Nginx reload：仅使用项目托管生命周期，不执行宿主机外部命令。","Nginx reload uses only the project-managed lifecycle and never executes external host commands."
"Managed Nginx：托管=%{1}，已安装=%{2}，运行中=%{3}，owner=%{4}，upstream=%{5}:%{6}","Managed Nginx: managed=%{1}, installed=%{2}, running=%{3}, owner=%{4}, upstream=%{5}:%{6}"
未绑定,Unbound
"Managed Nginx 公网端口：owner HTTP=%{1}，HTTPS=%{2}，已绑定=%{3}；当前配置预期 HTTP=%{4}，HTTPS=%{5}","Managed Nginx public ports: owner HTTP=%{1}, HTTPS=%{2}, bound=%{3}; current configuration expects HTTP=%{4}, HTTPS=%{5}"
"Managed Nginx 身份：期望版本=%{1}，实际版本=%{2}，manifest=%{3}，配置摘要=%{4}，upstream 摘要=%{5}","Managed Nginx identity: expected version=%{1}, actual version=%{2}, manifest=%{3}, configuration digest=%{4}, upstream digest=%{5}"
匹配,Matches
不匹配,"Does not match"
"Nginx 公网协议：配置顺序=%{1}，配置首选=%{2}，实测首选=%{3}，整体运行验证=%{4}","Nginx public protocols: configured order=%{1}, configured preference=%{2}, live preference=%{3}, overall runtime verification=%{4}"
未配置,"Not configured"
通过,Passed
未通过,Failed
"Nginx HTTP/2：模块能力=%{1}，已配置=%{2}，owner-bound 真实请求=%{3}","Nginx HTTP/2: module capability=%{1}, configured=%{2}, owner-bound live request=%{3}"
"Nginx HTTP/1.1 回退：已配置=%{1}，真实请求=%{2}","Nginx HTTP/1.1 fallback: configured=%{1}, live request=%{2}"
"Nginx HTTP/3：二进制能力=%{1}，已配置=%{2}，Alt-Svc=%{3}，真实 QUIC=%{4}","Nginx HTTP/3: binary capability=%{1}, configured=%{2}, Alt-Svc=%{3}, live QUIC=%{4}"
"Nginx HTTP/3 说明：%{1}","Nginx HTTP/3 note: %{1}"
"Nginx TLS 1.3：二进制能力=%{1}，仅允许 TLS 1.3=%{2}，真实握手=%{3}","Nginx TLS 1.3: binary capability=%{1}, TLS 1.3 only=%{2}, live handshake=%{3}"
"Nginx TLS Session：shared cache=%{1}，tickets=%{2}，共享 ticket keys=%{3}，真实恢复握手=%{4}","Nginx TLS Session: shared cache=%{1}, tickets=%{2}, shared ticket keys=%{3}, live resumed handshake=%{4}"
已配置,Configured
"Nginx TLS Session 证据：evidence-bound=%{1}，Master PID match=%{2}，resumed handshake P95=%{3}","Nginx TLS session evidence: evidence-bound=%{1}, Master PID match=%{2}, resumed handshake P95=%{3}"
"Nginx TLS Session 样本：总数=%{1}，完成=%{2}，失败=%{3}，fresh=%{4}，resumed=%{5}","Nginx TLS session samples: total=%{1}, completed=%{2}, failed=%{3}, fresh=%{4}, resumed=%{5}"
不适用,"Not applicable"
待验证,"Pending verification"
"Nginx TLS Session Worker：observed=%{1}，effective=%{2}；same=%{3}（resumed=%{4}），cross=%{5}（resumed=%{6}）","Nginx TLS session workers: observed=%{1}, effective=%{2}; same=%{3} (resumed=%{4}), cross=%{5} (resumed=%{6})"
"Nginx TLS Session Reload：同一 Session 跨 reload=%{1}，旧 Worker PID=%{2}，新 Worker PID=%{3}，恢复握手=%{4}","Nginx TLS session reload: same Session across reload=%{1}, previous Worker PID=%{2}, new Worker PID=%{3}, resumed handshake=%{4}"
"共享 Session Cache/Ticket Key 只是配置事实；尚无新连接恢复握手的实测证据。","Shared Session Cache/Ticket Key is only configuration evidence; there is no live evidence of a resumed handshake on a new connection."
"WLS 内部回源：角色=%{1}，协议=%{2}，公网 TLS/ALPN 证据不从 PHP/WLS 推导","WLS internal upstream: role=%{1}, protocol=%{2}; public TLS/ALPN evidence is not inferred from PHP/WLS"
"未找到实例 [%{1}]","Instance [%{1}] not found"
"实例 %{1} control_port=%{2} master_pid=%{3}","Instance %{1} control_port=%{2} master_pid=%{3}"
控制端口无效,"Invalid control port"
连接失败：%{1},"Connection Failed: %{1}"
"首包耗时 %{1}s owner_pid=%{2}","First Packet Time %{1}s owner_pid=%{2}"
"IPC 连通性探测（status）","IPC connectivity detection (status)"
"连接实例控制端口并发送 status，输出耗时与占用 PID","Connect to instance control port and send status, output elapsed time and occupied PID"
"实例名（默认 default）","Instance name (default default)"
探测默认实例,"Probe default instance"
"Session Server %{1}","Session Server %{1}"
"Memory Service %{1}","Memory Service %{1}"
"Memory Service disabled by configuration.","Memory Service disabled by configuration."
"停止全局共享 Session/Memory 服务","Stop global shared Session/Memory service"
停止共享服务,"Stop shared service"
"查看全局共享 Session/Memory 服务状态","View global shared Session/Memory service status"
查看共享服务状态,"View shared service status"
"%{1}: %{2} %{3}:%{4} (pid=%{5}, token=%{6})","%{1}: %{2} %{3}:%{4} (pid=%{5}, token=%{6})"
%{1},%{1}
"启动全局共享 Session/Memory 服务","Start global shared Session/Memory service"
"启动或重启全局共享 Session/Memory 服务","Start or restart the global shared Session/Memory service"
行为,Behavior
"共享服务独立于实例 Master；此命令只管理全局 Session/Memory。","Shared service is independent of the instance Master; this command only manages global Session/Memory."
启动共享服务,"Start shared service"
"%{1} ready: %{2}:%{3} (pid=%{4}, token=%{5})","%{1} ready: %{2}:%{3} (pid=%{4}, token=%{5})"
"Weline Server","Weline Server"
服务器实例列表,"Server Instance List"
没有找到运行中的服务器实例,"No running server instances found"
没有找到任何服务器实例,"No server instances found"
"总计: %{total}  |  Weline: ●%{wrun} ○%{wstop}  |  CLI: ●%{clirun}","Total: %{total}  |  Weline: ●%{wrun} ○%{wstop}  |  CLI: ●%{clirun}"
"[WLS] = Weline Server (高性能)  |  [CLI] = PHP 内置服务器(开发)","[WLS] = Weline Server (High Performance) | [CLI] = PHP Built-in Server (Development)"
═══════════════════════════════════════════════════════════════════════════════,═══════════════════════════════════════════════════════════════════════════════
服务器实例详细列表,"Server Instance Details"
───────────────────────────────────────────────────────────────────────────────,───────────────────────────────────────────────────────────────────────────────
"[%{1}] ● 运行中","[%{1}] ● Running"
"[%{1}] ○ 已停止","[%{1}] ○ Stopped"
"├─ 服务类型   : %{1}","├─ Service type: %{1}"
"├─ 监听地址   : %{1}:%{2}","├─ Listening address: %{1}:%{2}"
"├─ Worker 数  : %{1}","├─ Number of Workers: %{1}"
"├─ 运行模式   : %{1}","├─ Operating mode: %{1}"
守护进程,"Daemon mode"
前台模式,"Foreground mode"
"├─ 启动时间   : %{1}","├─ Startup time: %{1}"
"└─ 运行时长   : %{1}","└─ Running time: %{1}"
"总计：%{1} 个实例","Total: %{1} instance(s)"
"列出所有服务器实例（CLI 和 Weline Server）","List all server instances (CLI and Weline Server)"
"列出所有服务器实例及其状态，包括 Weline Server 和 PHP CLI 服务器","List all server instances and status, including Weline Server and PHP CLI server"
仅显示运行中的实例,"Show running instances only"
显示详细信息,"Show detailed info"
"按类型过滤：weline 或 cli","Filter by type: weline or cli"
"以 JSON 格式输出","Output in JSON format"
显示所有实例,"Show all instances"
"仅 Weline Server","Weline Server only"
"仅 CLI 服务器","CLI server only"
仅运行中,"Running only"
详细信息,"Detailed info"
"检测到端口/拓扑/Worker/SSL 等启动参数变更，restart -r 将自动切换为完整重启。","检测到端口/拓扑/Worker/SSL 等启动参数变更，restart -r 将自动切换为完整重启。"
将先执行平滑停机，再使用新启动参数重新拉起实例。,将先执行平滑停机，再使用新启动参数重新拉起实例。
"检测到服务器已运行，-f 强制模式：单批次重启 Worker（Master 保持运行）...","Detected that the server is already running, -f force mode: single batch restart Workers (Master stays running)..."
"检测到服务器已运行，执行滚动重启（Master 保持运行）...","Detected that the server is already running, performing rolling restart (Master stays running)..."
服务器未运行，正在启动...,"Server is not running, starting..."
"✓ 服务器已在运行中","✓ The server is already running"
实例名称：%{1},"Instance name: %{1}"
如需强制重启服务器，请使用以下命令：,"To force restart the server, use the following command:"
其他操作：,"Other actions:"
"重启 Weline 常驻内存 HTTP 服务器","Restart Weline persistent HTTP server"
"确保 Weline Server 运行中（已运行 -r 时保持 Master 滚动重载，未运行则启动）","Ensure Weline Server is running (if already running with -r, keep Master scrolling reload; if not running, start it)"
"强制重启（保持 Master，滚动重载 Worker）","Force Restart (Keep Master, Rolling Reload Workers)"
"与 -r 同用时：单批次重启 Worker（跳过分批策略）","When used with -r: restart the Worker in a single batch (skipping the batch strategy)"
"公网域名或展示主机；WLS 回源始终监听 127.0.0.1","Public domain or display host; the WLS upstream always listens on 127.0.0.1"
"WLS 明文 HTTP/1.1 回源端口；Nginx 公网端口由 wls.edge.nginx 配置","WLS plaintext HTTP/1.1 upstream port; Nginx public ports are configured by wls.edge.nginx"
"Worker 进程数（默认：4）","Worker count (default: 4)"
确保服务器运行,"Ensure the server is running"
强制重启服务器,"Force Restart Server"
强制单批次重启,"Force single batch restart"
重启并更改端口,"Restart with new port"
"WLS 原生 HTTP/3 构建已退役；公网协议只由 Nginx 提供。","The WLS-native HTTP/3 build is retired; public protocols are provided only by Nginx."
"已退役：WLS 原生 HTTP/3 构建","Retired: WLS-native HTTP/3 build"
"该兼容命令已退役；HTTP/3 仅由包含 ngx_http_v3_module 的 Nginx 提供","This compatibility command is retired; HTTP/3 is provided only by Nginx built with ngx_http_v3_module"
替代命令,"Alternative command"
能力门禁,"Capability gate"
"server:doctor 读取 nginx -V；真实 QUIC 请求通过前不会宣称 HTTP/3 已验证","server:doctor reads nginx -V; HTTP/3 is not reported as verified until a live QUIC request passes"
"每 3 秒刷新","Refresh every 3 seconds"
退出,Exit
"Weline Server 状态","Weline Server status"
"已拒绝 %{1} 份非 v4 endpoint；以下最多显示 10 份，文件保持不变。","已拒绝 %{1} 份非 v4 endpoint；以下最多显示 10 份，文件保持不变。"
"[%{1}] %{2}","[%{1}] %{2}"
"其余 %{1} 份已省略。","其余 %{1} 份已省略。"
没有运行中的服务器实例,"No running server instances"
╔══════════════════════════════════════════════════════════════╗,╔══════════════════════════════════════════════════════════════╗
╚══════════════════════════════════════════════════════════════╝,╚══════════════════════════════════════════════════════════════╝
"● 运行中","● Running"
"◐ 部分运行","◐ Partially running"
"○ 已停止","○ Stopped"
workers,workers
端口范围：,"Port range:"
服务：,Services:
"使用 server:status <name> 查看详细状态","Use server:status <name> to view detailed status"
"使用 server:stop <name> 停止实例","Use server:stop <name> to stop an instance"
"如有残留 endpoint 文件，可执行 server:clean 清理未运行记录","如有残留 endpoint 文件，可执行 server:clean 清理未运行记录"
"实例 [%{1}] 状态","Instance [%{1}] status"
"Worker 数：",Workers:
unknown,unknown
"Master 状态：","Master status:"
"Master 自愈：","Master self-healing:"
进程架构：,"Process Architecture:"
内存：,Memory:
"状态：全部运行中 (%{1}/%{2})","Status: All Running (%{1}/%{2})"
"状态：部分运行 (%{1}/%{2})","Status: Partially Running (%{1}/%{2})"
"状态：全部停止 (%{1}/%{2})","Status: All Stopped (%{1}/%{2})"
"测试请求：curl %{1}/","Test Request: curl %{1}/"
前台/首页,"Frontend / Homepage"
后台入口,"Background entry"
"后台 REST 接口","Background REST API"
"未配置（请在 env.php 中设置 area_routes.rest_backend.prefix）","Not configured (please set area_routes.rest_backend.prefix in env.php)"
"前台 REST 接口","Frontend REST API"
服务访问地址,"Service Access Address"
回源内部地址（当前无可验证公网入口）,回源内部地址（当前无可验证公网入口）
"运行时选择：仅接受 endpoint schema v4，当前记录已拒绝。","运行时选择：仅接受 endpoint schema v4，当前记录已拒绝。"
实际运行时：,"Effective runtime:"
实际运行时选择：,"Effective runtime selection:"
拓扑：,Topology:
数据面：,"Data plane:"
策略：,Policy:
Endpoint：,Endpoint:
共享网关：,共享网关：
边缘降级：,边缘降级：
选择原因：,"Selection reason:"
"原生 WLS 入口排空：","Native WLS edge draining:"
"原生 WLS 备用入口：","Native WLS fallback edge:"
"纯 WLS 备用入口：","纯 WLS 备用入口："
"备用 TLS 地址：","备用 TLS 地址："
路由域名/SNI：,路由域名/SNI：
"当前没有可直接使用的 HTTPS URL；必须提供匹配通配符证书的具体 hostname/SNI。","当前没有可直接使用的 HTTPS URL；必须提供匹配通配符证书的具体 hostname/SNI。"
"高端口不等价于 80/443；请确认 DNS、防火墙或负载均衡可到达该端口。","高端口不等价于 80/443；请确认 DNS、防火墙或负载均衡可到达该端口。"
启动失败详情：,启动失败详情：
"WLS 2.0 网关入口","WLS 2.0 网关入口"
"纯 WLS 降级入口","纯 WLS 降级入口"
"纯 WLS 公网入口","Pure WLS public edge"
回源内部地址（公网状态未知）,回源内部地址（公网状态未知）
回源内部地址,回源内部地址
"● on (默认)","● on (default)"
"● on (env.php)","● on (env.php)"
"○ off (env.php)","○ off (env.php)"
端口：,Port:
首页预热：,"Homepage warmup:"
动态首渲染测量：,"Dynamic first-render measurement:"
未记录,"not recorded"
"Master PID is running, but IPC status did not respond within 0.5s; the control plane may be busy or in an orchestrator full-restart cycle.","Master PID is running, but IPC status did not respond within 0.5s; the control plane may be busy or in an orchestrator full-restart cycle."
"查看 Weline Server 运行状态","View Weline Server status"
"查看服务器实例状态，树形展示所有 Worker 进程","View server instance status, displaying all Worker processes in a tree view"
实例名称（默认显示所有实例）,"Instance name (default shows all instances)"
"Watch 模式：每 3 秒自动刷新，Ctrl+C 退出","Watch mode: automatically refresh every 3 seconds, Ctrl+C to exit"
"显示 WLS 运行时策略、降级原因和优化建议","显示 WLS 运行时策略、降级原因和优化建议"
"与 --doctor 同用时输出 JSON","与 --doctor 同用时输出 JSON"
查看所有实例,"View all instances"
查看指定实例,"View specific instance"
"实时监控（watch 模式）","Real-Time Monitoring (Watch Mode)"
运行时诊断,运行时诊断
清理未运行实例记录,清理未运行实例记录
"清理未运行的 WLS 实例记录","清理未运行的 WLS 实例记录"
未发现可安全清理的未运行实例记录。,未发现可安全清理的未运行实例记录。
"默认 dry-run 未修改任何文件。","默认 dry-run 未修改任何文件。"
"默认 dry-run：发现 %{1} 个可清理实例，但未删除。","默认 dry-run：发现 %{1} 个可清理实例，但未删除。"
可清理实例：%{1},可清理实例：%{1}
未发现需要清理的未运行实例记录。,未发现需要清理的未运行实例记录。
"可使用 server:status 或 server:listing 查看当前实例状态。","可使用 server:status 或 server:listing 查看当前实例状态。"
"已清理 %{1} 个未运行实例记录。","已清理 %{1} 个未运行实例记录。"
已处理实例：%{1},已处理实例：%{1}
"可使用 server:status 或 server:listing 查看清理后的实例状态。","可使用 server:status 或 server:listing 查看清理后的实例状态。"
"清理已无运行进程但仍残留实例文件的 WLS 实例记录","清理已无运行进程但仍残留实例文件的 WLS 实例记录"
"清理那些已经没有运行但仍占着实例文件的 WLS 实例记录","清理那些已经没有运行但仍占着实例文件的 WLS 实例记录"
"执行清理；默认仅 dry-run 检查","执行清理；默认仅 dry-run 检查"
预览未运行实例记录,预览未运行实例记录
确认清理未运行实例记录,确认清理未运行实例记录
清理后查看实例状态,清理后查看实例状态
"停止本项目托管 Nginx","停止本项目托管 Nginx"
"停止本项目 var/server/nginx 下的托管 Nginx 进程","停止本项目 var/server/nginx 下的托管 Nginx 进程"
示例,Example
"安装本项目托管 Nginx","Install per-project managed Nginx"
"本命令可能联网下载钉死版本的 Nginx 源码/压缩包，并写入项目隔离的本地安装根。","This command may download the pinned Nginx source/archive and write it to the project-isolated local install root."
安装失败,安装失败
二进制：%{1},二进制：%{1}
"HTTP 监听：%{1}，HTTPS 监听：%{2}（offset=%{3}）","HTTP 监听：%{1}，HTTPS 监听：%{2}（offset=%{3}）"
"安装本项目托管 Nginx 到项目隔离的本地安装根","Install the project-managed Nginx into its project-isolated local install root"
"按平台下载并安装本项目独立 Nginx 实例；普通 server:start 不会静默下载","按平台下载并安装本项目独立 Nginx 实例；普通 server:start 不会静默下载"
"强制重新获取并按平台重新安装（macOS/Linux 编译，Windows 解压官方预编译包）","Reacquire and reinstall for the current platform (compile on macOS/Linux; extract the official prebuilt package on Windows)"
隔离,隔离
"每个项目使用独立安装根；Windows 固定使用本机 LOCALAPPDATA，避免 UNC/共享盘解压","Each project uses an isolated install root; Windows always uses local LOCALAPPDATA to avoid UNC/shared-volume extraction."
"未配置时使用 8080/8443 + projectPortOffset","未配置时使用 8080/8443 + projectPortOffset"
macOS,macOS
"需 Xcode CLT、OpenSSL 3 与 PCRE2；可执行 brew install openssl@3 pcre2","需 Xcode CLT、OpenSSL 3 与 PCRE2；可执行 brew install openssl@3 pcre2"
Linux,Linux
"需 gcc/make 与 OpenSSL/PCRE 头文件（apt/dnf/apk 对应 *-devel/*-dev）","需 gcc/make 与 OpenSSL/PCRE 头文件（apt/dnf/apk 对应 *-devel/*-dev）"
Windows,Windows
"下载官方 nginx.zip 到本机项目隔离目录；需 ZipArchive 或 PowerShell/tar","Download the official nginx.zip into the local project-isolated directory; requires ZipArchive or PowerShell/tar."
安装,安装
"本项目托管 Nginx 状态","本项目托管 Nginx 状态"
二进制,二进制
项目偏移,项目偏移
安装目录,安装目录
运行目录,运行目录
"查看本项目托管 Nginx 状态","查看本项目托管 Nginx 状态"
"查看本项目托管 Nginx 安装与运行状态","查看本项目托管 Nginx 安装与运行状态"
"JSON 输出","JSON 输出"
"请提供 --upstream=<WLS端口>，例如 --upstream=9981","请提供 --upstream=<WLS端口>，例如 --upstream=9981"
"请提供 --owner=<WLS实例名>，托管 Nginx 不接受未归因的回源接管","Provide --owner=<WLS instance>; managed Nginx refuses unattributed upstream takeover"
"owner 必须是运行中的 Nginx-edge WLS 实例，且其端口必须等于 --upstream","owner must be a running Nginx-edge WLS instance whose port equals --upstream"
"边缘 HTTP：%{1} → %{2}","边缘 HTTP：%{1} → %{2}"
"边缘 HTTPS：%{1}","边缘 HTTPS：%{1}"
"启动本项目托管 Nginx","启动本项目托管 Nginx"
"生成本项目 nginx.conf 并启动托管 Nginx","生成本项目 nginx.conf 并启动托管 Nginx"
"WLS 明文回源端口","WLS 明文回源端口"
"回源主机，默认 127.0.0.1","回源主机，默认 127.0.0.1"
"拥有该托管边缘的 WLS 实例名","WLS instance that owns this managed edge"
"热重载本项目托管 Nginx","热重载本项目托管 Nginx"
"对本项目托管 Nginx 执行 -s reload（证书续签后亦可自动触发）","对本项目托管 Nginx 执行 -s reload（证书续签后亦可自动触发）"
"--tls-version 仅适用于 HTTPS 压测，请同时使用 --ssl 或选择 HTTPS 实例。","--tls-version 仅适用于 HTTPS 压测，请同时使用 --ssl 或选择 HTTPS 实例。"
"--physical-connections 必须是正整数。","--physical-connections 必须是正整数。"
"--physical-connections 必须在 1 到并发数 %{1} 之间。","--physical-connections 必须在 1 到并发数 %{1} 之间。"
"--physical-connections 不能与 --no-keepalive 同时使用；fresh 模式每个请求都必须新建连接。","--physical-connections 不能与 --no-keepalive 同时使用；fresh 模式每个请求都必须新建连接。"
"--max-tls-p95-ms 仅适用于 HTTPS 压测。","--max-tls-p95-ms 仅适用于 HTTPS 压测。"
"--physical-connections 仅用于 HTTP/2 或 HTTP/3 多路复用压测。","--physical-connections 仅用于 HTTP/2 或 HTTP/3 多路复用压测。"
"无法连接到服务器 %{1}:%{2}","Unable to connect to server %{1}:%{2}"
"Managed Nginx 配置 generation 探针不匹配，已拒绝开始压测。","The Managed Nginx configuration generation probe did not match; the benchmark was refused."
"Weline Server 压力测试","Weline Server Stress Test"
"未指定 --path，默认使用轻量端点 %{1} 测 WLS 吞吐；压业务页请显式传 --path /xxx","--path not specified, using lightweight endpoint %{1} by default to measure WLS throughput; to stress test a business page, explicitly pass --path /xxx"
"业务路径压测会执行完整安全策略；X-WLS-Benchmark-Worker 仅用于 Worker 归因，不绕过 Origin Token、封禁、限流或攻击规则。高压前请仅为专用测试源 IP 显式配置 whitelist CIDR。","业务路径压测会执行完整安全策略；X-WLS-Benchmark-Worker 仅用于 Worker 归因，不绕过 Origin Token、封禁、限流或攻击规则。高压前请仅为专用测试源 IP 显式配置 whitelist CIDR。"
内容编码探针失败：%{1},内容编码探针失败：%{1}
"内容编码探针：Content-Encoding=%{encoding}，Vary=%{vary}，wire body=%{wire}B，logical body=%{logical}B","内容编码探针：Content-Encoding=%{encoding}，Vary=%{vary}，wire body=%{wire}B，logical body=%{logical}B"
服务器连接成功，开始压测...,"Server connected successfully, starting stress test..."
"检测到多个运行中的 WLS 实例，已拒绝自动选择，避免误压生产实例。","Multiple running WLS instances were detected; automatic selection was rejected to avoid benchmarking the wrong production instance."
"请使用 --instance <name> 明确指定实例：%{1}","Use --instance <name> to select an exact instance: %{1}"
"未检测到通过 Managed Nginx owner 与公网端口身份门禁的运行实例。","No running instance passed the Managed Nginx owner and public-port identity gates."
"请先完成 WLS 与 Managed Nginx 启动；如只测内部回源，必须显式使用 -p <WLS端口>。","Start WLS and Managed Nginx first; to benchmark only the internal upstream, explicitly use -p <WLS port>."
"或使用 --instance <name> / -p <port> 明确指定压测目标","Or select an explicit benchmark target with --instance <name> / -p <port>"
"实例 [%{1}] 没有通过其公网入口身份与协议策略门禁。","Instance [%{1}] did not pass its public edge identity and protocol-policy gates."
"--instance %{1} 的实际端口是 %{2}:%{3}，与手动端口 %{4} 冲突。","The effective endpoint for --instance %{1} is %{2}:%{3}, which conflicts with manual port %{4}."
"--instance %{1} 的实际 host 是 %{2}，与手动 host %{3} 冲突。","The effective host for --instance %{1} is %{2}, which conflicts with manual host %{3}."
"--instance %{1} 的 endpoint 不是 HTTPS，不能与 --ssl 同时使用。","The endpoint for --instance %{1} is not HTTPS and cannot be combined with --ssl."
"实例 [%{1}] 未运行，已拒绝将端口占用者归因为该实例。","Instance [%{1}] is not running; refusing to attribute the port owner to it."
"实例 [%{1}] 未达到网关压测就绪状态：运行 Gateway Backend %{2}/%{3}。","Instance [%{1}] is not ready for gateway benchmarking: running Gateway Backend %{2}/%{3}."
"实例 [%{1}] 的 WLS health endpoint 已健康；Worker 进程索引为 %{2}/%{3}，公网压测仍需通过当前边缘身份门禁。","The WLS health endpoint for instance [%{1}] is healthy; the Worker process index is %{2}/%{3}, but public benchmarking still requires the current edge identity gate."
"实例 [%{1}] 未达到压测就绪状态：运行 Worker %{2}/%{3}。","实例 [%{1}] 未达到压测就绪状态：运行 Worker %{2}/%{3}。"
"已停止 Worker：%{1}","已停止 Worker：%{1}"
"压测端口必须在 1-65535 范围内。","The benchmark port must be in the 1-65535 range."
"实例 [%{1}] 状态不可读，已拒绝开始压测。","实例 [%{1}] 状态不可读，已拒绝开始压测。"
"--authority-host 与已归因实例的公网 authority 不一致；请使用实例配置中的 %{1}。","--authority-host does not match the attributed instance public authority; use %{1} from the instance configuration."
"手动端口唯一匹配到运行实例 [%{1}] 的 %{2}，报告将使用该实例的 schema v%{3} 运行时元数据。","The manual port uniquely matched %{2} for running instance [%{1}]; the report will use that instance's schema v%{3} runtime metadata."
"WLS 2.0 网关公网入口","WLS 2.0 网关公网入口"
"Managed Nginx 公网入口","Managed Nginx public endpoint"
"内部 HTTP/1.1 回源","Internal HTTP/1.1 upstream"
手动端口匹配到多个实例记录（%{1}）；压测可继续，但报告不归因任何运行时。,"The manual port matched multiple instance records (%{1}); the benchmark can continue, but the report will not attribute any runtime."
"请使用 --instance <name> 消除歧义。","Use --instance <name> to remove the ambiguity."
"手动 host/port 未唯一匹配 Managed Nginx 公网入口或内部 WLS 回源；报告仅记录地址，不伪造运行时证据。","The manual host/port did not uniquely match a Managed Nginx public endpoint or internal WLS upstream; the report records only the address and does not fabricate runtime evidence."
手动指定（未归因）,"Manual target (unattributed)"
"已跳过 %{1} 个无效 WLS 实例记录%{2}","已跳过 %{1} 个无效 WLS 实例记录%{2}"
"该 WLS 备用入口只有通配符路由，自动压测无法推导具体 TLS Host/SNI。","该 WLS 备用入口只有通配符路由，自动压测无法推导具体 TLS Host/SNI。"
监听：%{1}；路由域名：%{2}。请显式提供匹配证书的具体目标域名后重试。,监听：%{1}；路由域名：%{2}。请显式提供匹配证书的具体目标域名后重试。
"--authority-host 必须是不含 scheme、端口或路径的有效主机名/IP。","--authority-host must be a valid hostname or IP without a scheme, port, or path."
"Managed Nginx owner 在正式压测前已变化，已拒绝运行。","The Managed Nginx owner changed before the measured benchmark; execution was refused."
"宿主级 WLS 2.0 网关身份或活动路由在正式压测前已变化，已拒绝运行。","宿主级 WLS 2.0 网关身份或活动路由在正式压测前已变化，已拒绝运行。"
"需要 curl 扩展支持","curl extension required"
"多路复用连接模型：逻辑并发 %{1}，物理连接目标 %{2}，READY Worker 目标 %{3}，每连接 Stream 目标 %{4}/服务端上限 %{5}，MAX_CONCURRENT_STREAMS=%{6}，PIPEWAIT=%{7}","多路复用连接模型：逻辑并发 %{1}，物理连接目标 %{2}，READY Worker 目标 %{3}，每连接 Stream 目标 %{4}/服务端上限 %{5}，MAX_CONCURRENT_STREAMS=%{6}，PIPEWAIT=%{7}"
"进度：%{1}%（完成 %{2}/%{3}，活动请求 %{4}，已发送 %{5}/%{3}，耗时 %{6}s，实时 QPS %{7}）","进度：%{1}%（完成 %{2}/%{3}，活动请求 %{4}，已发送 %{5}/%{3}，耗时 %{6}s，实时 QPS %{7}）"
"压测模式：禁用 keep-alive（更利于分流验证），并发连接数=%{1}","Stress Test Mode: Keep-alive disabled (better for traffic distribution), concurrent connections = %{1}"
"压测模式：%{1} 个隔离多路复用 lane，%{2} 个逻辑 easy handle；lane 内复用、lane 间连接缓存隔离。","压测模式：%{1} 个隔离多路复用 lane，%{2} 个逻辑 easy handle；lane 内复用、lane 间连接缓存隔离。"
"压测模式：启用 keep-alive（性能模式），使用 %{1} 个逻辑 easy handle...","压测模式：启用 keep-alive（性能模式），使用 %{1} 个逻辑 easy handle..."
"物理连接 lane：请求 %{1}，创建 %{2}，实际建连 %{3}，累计新连接 %{4}。","物理连接 lane：请求 %{1}，创建 %{2}，实际建连 %{3}，累计新连接 %{4}。"
"物理连接 lane 未达到请求值（请求 %{1}，实际 %{2}），本次基准无效。","物理连接 lane 未达到请求值（请求 %{1}，实际 %{2}），本次基准无效。"
"Managed Nginx owner 在压测期间发生变化，本次结果无效。","The Managed Nginx owner changed during the benchmark, invalidating this result."
"宿主级 WLS 2.0 网关身份或活动路由在压测期间发生变化，本次结果无效。","宿主级 WLS 2.0 网关身份或活动路由在压测期间发生变化，本次结果无效。"
"%{1} 必须是非负数字。","%{1} 必须是非负数字。"
"%{1} 必须在 %{2} 范围内。","%{1} 必须在 %{2} 范围内。"
压测结果报告,"Benchmark Report"
总请求数：%{1},"Total requests: %{1}"
成功请求：%{1},"Successful requests: %{1}"
失败请求：%{1},"Failed requests: %{1}"
错误率：%{1}%,"Error rate: %{1}%"
"总耗时：%{1} 秒","Total time: %{1} seconds"
"完成 QPS：%{1}","完成 QPS：%{1}"
"成功 QPS：%{1}","成功 QPS：%{1}"
"连接复用估算：新建连接 %{1}/可复用请求 %{2}，复用率 %{3}%","连接复用估算：新建连接 %{1}/可复用请求 %{2}，复用率 %{3}%"
"TLS 握手样本：%{1} 次，P95 %{2}ms","TLS 握手样本：%{1} 次，P95 %{2}ms"
"HTTP 实际协商：%{1}","HTTP 实际协商：%{1}"
"HTTP 协议命中：%{1}","HTTP 协议命中：%{1}"
延迟统计（全部已完成请求，毫秒）,延迟统计（全部已完成请求，毫秒）
平均：%{1},"Avg: %{1}"
最小：%{1},"Min: %{1}"
最大：%{1},"Max: %{1}"
中位数：%{1},"Median: %{1}"
P95：%{1},"P95: %{1}"
P99：%{1},"P99: %{1}"
"Worker 命中分布","Worker hit distribution"
"%{1}：%{2} (%{3}%)","%{1}：%{2} (%{3}%)"
"持久连接会粘滞到已选 Worker；本次仅记录分布，不执行 fresh-connection 均衡门禁。","持久连接会粘滞到已选 Worker；本次仅记录分布，不执行 fresh-connection 均衡门禁。"
分流均衡门禁：PASS（max/min=%{1}，阈值=%{2}）,分流均衡门禁：PASS（max/min=%{1}，阈值=%{2}）
"分流均衡门禁：FAIL（预期 %{1}，命中 %{2}，缺失 %{3}，额外 %{4}，未归因成功请求 %{5}，max/min=%{6}）","分流均衡门禁：FAIL（预期 %{1}，命中 %{2}，缺失 %{3}，额外 %{4}，未归因成功请求 %{5}，max/min=%{6}）"
质量门禁：PASS,质量门禁：PASS
质量门禁：FAIL（%{1}）,质量门禁：FAIL（%{1}）
"报告 JSON 编码失败，未保存：%{1}","报告 JSON 编码失败，未保存：%{1}"
"报告 JSON 内容为空，未保存：%{1}","报告 JSON 内容为空，未保存：%{1}"
报告目录创建失败，未保存：%{1},报告目录创建失败，未保存：%{1}
报告写入失败，未保存：%{1},报告写入失败，未保存：%{1}
报告发布失败，未保存：%{1},报告发布失败，未保存：%{1}
报告已保存：%{1},"Report saved: %{1}"
"对 Weline Server 进行压力测试","Stress test Weline Server"
自动探测运行中的服务器并进行压力测试,"Automatically Detect Running Servers and Perform Stress Testing"
并发数（默认：100）,"Concurrency Count (Default: 100)"
总请求数（默认：10000）,"Total Request Count (Default: 10000)"
请求路径（默认：/_wls/health）,"Request path (default: /_wls/health)"
"精确指定运行中的 WLS 实例，并归因当前 endpoint schema 运行时元数据","精确指定运行中的 WLS 实例，并归因当前 endpoint schema 运行时元数据"
指定端口（可选，默认自动探测）,"Specify port (optional, auto-detected by default)"
"指定主机（可选，默认 127.0.0.1；-h 保留给全局帮助）","指定主机（可选，默认 127.0.0.1；-h 保留给全局帮助）"
"为跨主机压测指定 TLS SNI/HTTP Host；TCP 仍连接 --host 指定地址","Set TLS SNI/HTTP Host for a cross-host benchmark while TCP still connects to the address supplied by --host"
"指定端口为 HTTPS（与 -p 合用；自动探测时根据实例配置）","Specify port as HTTPS (used with -p; auto-detection uses instance configuration)"
"强制 HTTPS 压测使用指定 TLS 版本（默认 auto）","强制 HTTPS 压测使用指定 TLS 版本（默认 auto）"
"强制压测请求使用指定 HTTP 版本；auto 对 Managed Nginx 公网入口只选择已实测协议，内部回源固定 HTTP/1.1，未归因目标交由 cURL 协商","Force benchmark requests to use the selected HTTP version; auto chooses only live-verified protocols for a Managed Nginx public endpoint, fixes internal upstreams to HTTP/1.1, and lets cURL negotiate unattributed targets"
"HTTP/2/3 物理连接目标；默认按 READY Worker 数和服务端 Stream 容量自动计算，设为 1 可测单连接多路复用","HTTP/2/3 物理连接目标；默认按 READY Worker 数和服务端 Stream 容量自动计算，设为 1 可测单连接多路复用"
"请求内容编码；默认 identity 保持旧基线，auto 模拟浏览器并启用 cURL 支持的全部压缩","请求内容编码；默认 identity 保持旧基线，auto 模拟浏览器并启用 cURL 支持的全部压缩"
"禁用 keep-alive/连接复用（更利于验证连接级分流；HTTPS 时亦是 fresh TLS）","禁用 keep-alive/连接复用（更利于验证连接级分流；HTTPS 时亦是 fresh TLS）"
"命中 Worker 统计使用的响应头（逗号分隔；默认自动探测 X-WLS-Worker-PID/Id/Port）","命中 Worker 统计使用的响应头（逗号分隔；默认自动探测 X-WLS-Worker-PID/Id/Port）"
"fresh-connection 分流 max/min 硬门禁（默认 1.5）","fresh-connection 分流 max/min 硬门禁（默认 1.5）"
"成功 QPS 下限；0 表示不设置性能下限（--min-qps 为别名）","成功 QPS 下限；0 表示不设置性能下限（--min-qps 为别名）"
"错误率上限百分比（默认 0）","错误率上限百分比（默认 0）"
"全部完成请求 P95 上限；0 表示禁用","全部完成请求 P95 上限；0 表示禁用"
"TLS 握手 P95 上限；0 表示禁用，启用后无握手样本亦失败","TLS 握手 P95 上限；0 表示禁用，启用后无握手样本亦失败"
"预期压测期间发生滚动 reload：要求 Master 不变、前后 Worker 身份证据健康且代际指纹发生变化","预期压测期间发生滚动 reload：要求 Master 不变、前后 Worker 身份证据健康且代际指纹发生变化"
基本压测（自动探测）,"Basic Stress Test (Auto Detect)"
"指定 WLS 实例","Select a WLS instance"
浏览器压缩首页,浏览器压缩首页
高并发,"High concurrency"
"分流验证（禁用 keep-alive）","Shard validation (keep-alive disabled)"
"统计 Worker 分布","Worker Distribution Statistics"
分流倾斜阈值检查,"Shard skew threshold check"
指定端口,"Specify port"
"指定 HTTPS 端口","Specify HTTPS port"
"跨主机 HTTP/2 压测","Cross-host HTTP/2 benchmark"
"HTTP/2 协商验证","HTTP/2 协商验证"
"HTTP/2 单物理连接多路复用","HTTP/2 单物理连接多路复用"
"HTTP/3 协商验证","HTTP/3 协商验证"
"TLS 1.3 fresh connection","TLS 1.3 fresh connection"
"--accept-encoding 仅允许：auto、br,gzip、gzip、identity。","--accept-encoding 仅允许：auto、br,gzip、gzip、identity。"
"当前 PHP 未安装 curl 扩展。","当前 PHP 未安装 curl 扩展。"
"无法初始化内容编码 cURL 探针。","无法初始化内容编码 cURL 探针。"
内容编码探针失败。,内容编码探针失败。
已归因目标缺少完整的边缘身份或协议运行证据，拒绝开始压测。,"The attributed target lacks complete edge identity or runtime protocol evidence; benchmark startup was refused."
"目标没有任何已完成运行验证的 HTTP 协议。","The target has no HTTP protocol with completed runtime verification."
"Nginx 公网入口（共享网关或项目托管）","Nginx 公网入口（共享网关或项目托管）"
"内部 WLS HTTP/1.1 回源","Internal WLS HTTP/1.1 upstream"
"%{1} 尚未实测验证 HTTP/%{2}，拒绝把配置能力当作压测证据。","%{1} has not been live-verified for HTTP/%{2}; configured capability is not accepted as benchmark evidence."
"当前 Nginx 公网 HTTP/2 与 HTTP/3 门禁要求 HTTPS 目标。","The current Nginx public HTTP/2 and HTTP/3 gates require an HTTPS target."
"当前 PHP cURL/libcurl 不能发起 HTTP/2 请求。","The current PHP cURL/libcurl cannot issue HTTP/2 requests."
"当前 PHP cURL/libcurl 不能发起 HTTP/3 请求；可使用 auto 回退到已验证的 Nginx HTTP/2/1.1。","The current PHP cURL/libcurl cannot issue HTTP/3 requests; use auto to fall back to verified Nginx HTTP/2 or HTTP/1.1."
"已归因目标的边缘身份或协议策略未绑定，auto 已拒绝降级猜测。","The attributed target has no bound edge identity or protocol policy; auto refused a speculative fallback."
"目标与当前 cURL 没有共同且已完成运行验证的 HTTP 协议。","The target and current cURL have no common HTTP protocol with completed runtime verification."
"当前 system.env=%{1} 禁止执行 hosts 写入","Current system.env=%{1} prohibits executing hosts write"
"*.weline.test 固定写入 127.0.0.1，无需也不应指定其它 IP","*.weline.test is always written as 127.0.0.1; do not specify another IP"
"域名 %{1} 使用 .localhost 回环后缀，无需写入 hosts","Domain %{1} uses the .localhost loopback suffix, no need to write to hosts."
"仅允许写入单标签的 *.weline.test 本地域名；*.weline.localhost 无需 hosts","Only allows writing to single-tag *.weline.test local domains; *.weline.localhost does not require hosts"
"托管本地域名 %{1} 固定使用 %{2}，已忽略传入 IP %{3}","Managed local domain %{1} always uses %{2}; ignored provided IP %{3}"
需要提升权限,"Requires Elevated Permissions"
"写入 hosts 失败","Failed to write to hosts"
"向本机 hosts 添加需要显式解析的本地域名（当前仅 *.weline.test → 127.0.0.1）","Add local domains requiring explicit resolution to the local hosts file (currently only *.weline.test → 127.0.0.1)"
用法,Usage
"与 server:start 使用同一套 HostsFileManager；*.weline.test 固定写入 127.0.0.1；仅 system.env 为 local/dev/test 时可用","Uses the same HostsFileManager as server:start; *.weline.test always writes 127.0.0.1; only available when system.env is local/dev/test"
"端口 %{1} 当前没有进程在监听","Port %{1} currently has no process listening"
框架进程,"Framework Process"
异常占用,"Exception occupancy"
非框架进程,"Non-framework process"
"端口 %{1} 被进程占用%{2}","Port %{1} is occupied by process %{2}"
"该端口处于异常占用状态（系统返回的 PID 已失效），当前无法直接杀进程","This port is in an abnormal occupied state (the PID returned by the system is invalid) and the process cannot be killed directly"
该端口被非框架进程占用，出于安全考虑不会自动杀死,"This port is occupied by a non-framework process and will not be killed automatically for security reasons"
"如果确定要杀死该进程，请使用 -f 参数:","If you are sure you want to kill the process, use the -f parameter:"
或手动执行:,"or manually execute:"
"taskkill /F /PID %{1}","taskkill /F /PID %{1}"
"拒绝杀死非 WLS 进程：-f 只能强制释放 WLS 归属进程。","拒绝杀死非 WLS 进程：-f 只能强制释放 WLS 归属进程。"
"如确认要杀死非 WLS 进程，请显式追加 --allow-foreign。","如确认要杀死非 WLS 进程，请显式追加 --allow-foreign。"
"警告：端口占用者处于异常状态（PID 失效），强制模式可能仍无法释放端口。","Warning: The port occupant is in an abnormal state (PID invalid). Force mode may still not release the port."
"警告：即将杀死非 WLS 进程！","警告：即将杀死非 WLS 进程！"
正在释放端口...,"Releasing port..."
"端口 %{1} 已成功释放","Port %{1} has been successfully released"
端口释放失败，请尝试：,"Port release failed, please try:"
"1. 以管理员身份运行","1. Run as an administrator"
"2. 手动执行: taskkill /F /PID %{1}","2. Manually execute: taskkill /F /PID %{1}"
"结束占用指定端口的进程（如 443 被非框架进程占用时）","End the process occupying the specified port (e.g., when port 443 is occupied by a non-framework process)"
结束占用指定端口的进程,"End the process occupying the specified port"
"端口号（默认 443）","Port Number (default 443)"
端口号,"Port Number"
"强制模式：仅强制释放 WLS 归属进程","强制模式：仅强制释放 WLS 归属进程"
"与 -f 同用时允许杀死非 WLS 进程（危险）","与 -f 同用时允许杀死非 WLS 进程（危险）"
"结束占用 443 的框架进程","End the framework process occupying port 443"
"强制杀死非 WLS 进程（危险）","强制杀死非 WLS 进程（危险）"
未收到回执,"No receipt received"
"IPC stop_test 诊断","IPC stop_test diagnostics"
"发送 stop_test，输出 Orchestrator 诊断 JSON","Sending stop_test, outputting Orchestrator diagnostic JSON"
诊断默认实例,"Default diagnostic instance"
"WLS 运行时策略校验通过。","WLS 运行时策略校验通过。"
Digest：%{1},Digest：%{1}
规则：%{1},规则：%{1}
"校验 WLS 编译型运行时策略","校验 WLS 编译型运行时策略"
"WLS 运行时策略编译完成。","WLS 运行时策略编译完成。"
"编译 WLS 运行时策略包","编译 WLS 运行时策略包"
"WLS 运行时策略回滚已受理。","WLS 运行时策略回滚已受理。"
"回滚 WLS 运行时策略","回滚 WLS 运行时策略"
"WLS 运行时策略状态","WLS 运行时策略状态"
实例：%{1},实例：%{1}
Active：%{1},Active：%{1}
Staged：%{1},Staged：%{1}
Previous：%{1},Previous：%{1}
"查看 WLS 运行时策略状态","查看 WLS 运行时策略状态"
"topology 必须是 both、direct 或 dispatcher。","topology 必须是 both、direct 或 dispatcher。"
"Master 拒绝了策略发布。","Master 拒绝了策略发布。"
所有关键进程已完成运行时策略提交。,所有关键进程已完成运行时策略提交。
运行时策略在所有关键进程提交前失败。,运行时策略在所有关键进程提交前失败。
"运行时策略在控制时限内未进入 active 状态（state=%{1}）。","运行时策略在控制时限内未进入 active 状态（state=%{1}）。"
"WLS 运行时策略发布已受理。","WLS 运行时策略发布已受理。"
模式：%{1},模式：%{1}
"两阶段发布 WLS 运行时策略","两阶段发布 WLS 运行时策略"
"共享网关停止会影响所有租户；请提供 --confirm。","共享网关停止会影响所有租户；请提供 --confirm。"
"宿主级 WLS 2.0 Gateway 已持久停止；平台守护不会自动拉起。","宿主级 WLS 2.0 Gateway 已持久停止；平台守护不会自动拉起。"
"显式停止共享网关；普通 server:stop 不会执行此操作","显式停止共享网关；普通 server:stop 不会执行此操作"
"确认写入签名 ADMIN_STOPPED 意图并禁用平台服务","确认写入签名 ADMIN_STOPPED 意图并禁用平台服务"
存在活动路由时仍强制停止,存在活动路由时仍强制停止
"输出稳定 JSON 文档","输出稳定 JSON 文档"
危险,危险
"优先逐项目 server:stop 或 gateway:revoke；共享入口停止会影响所有租户。","优先逐项目 server:stop 或 gateway:revoke；共享入口停止会影响所有租户。"
"维护项目到 WLS 2.0 网关的租约、重注册和纯 WLS 降级","维护项目到 WLS 2.0 网关的租约、重注册和纯 WLS 降级"
"作为 WLS 子进程持续运行","作为 WLS 子进程持续运行"
"宿主级安装必须由管理员显式携带 --confirm。","宿主级安装必须由管理员显式携带 --confirm。"
"必须通过 --package 指定离线或 CI 生成的签名自包含包目录。","必须通过 --package 指定离线或 CI 生成的签名自包含包目录。"
"--profile 只允许 default 或 ipv4-only。","--profile 只允许 default 或 ipv4-only。"
"WLS 2.0 Gateway 安装失败。","WLS 2.0 Gateway 安装失败。"
"测试包已安装到隔离根；它不会被生产客户端信任，也不会报告 release ready。","测试包已安装到隔离根；它不会被生产客户端信任，也不会报告 release ready。"
"WLS 2.0 Gateway 自包含包和系统服务安装完成。","WLS 2.0 Gateway 自包含包和系统服务安装完成。"
"显式安装签名、自包含的宿主级 WLS 2.0 Gateway","显式安装签名、自包含的宿主级 WLS 2.0 Gateway"
签名自包含包目录,签名自包含包目录
"default（IPv4+IPv6）或 ipv4-only","default（IPv4+IPv6）或 ipv4-only"
确认写入系统信任根并安装系统服务,确认写入系统信任根并安装系统服务
安全边界,安全边界
"普通 server:start/auto 不会调用本命令；未知 80/443 owner 永不被终止。","普通 server:start/auto 不会调用本命令；未知 80/443 owner 永不被终止。"
命令执行失败。,命令执行失败。
诊断失败。,诊断失败。
"WLS 项目状态原子写运行时不可用。","WLS 项目状态原子写运行时不可用。"
"WLS 2.0 网关诊断","WLS 2.0 网关诊断"
"诊断网关控制面、数据面、generation、LKG 与 A/B 槽","诊断网关控制面、数据面、generation、LKG 与 A/B 槽"
"显式提升必须携带 --confirm，且只能由当前 80/443 的受管 owner 执行。","显式提升必须携带 --confirm，且只能由当前 80/443 的受管 owner 执行。"
"显式提升必须通过 --package 提供签名、自包含的 WLS 2.0 宿主包。","显式提升必须通过 --package 提供签名、自包含的 WLS 2.0 宿主包。"
提升事务无法安全启动：%{1},提升事务无法安全启动：%{1}
"没有未完成的 WLS Gateway 提升事务。","没有未完成的 WLS Gateway 提升事务。"
"WLS Gateway 提升事务恢复完成。","WLS Gateway 提升事务恢复完成。"
已先恢复上次未完成的提升事务。,已先恢复上次未完成的提升事务。
"只有身份已验证、正在占用目标公共端口的项目托管 Nginx 才能提升。","只有身份已验证、正在占用目标公共端口的项目托管 Nginx 才能提升。"
"当前项目缺少可迁移身份或域名/证书期望状态，旧 Nginx 保持不变。","当前项目缺少可迁移身份或域名/证书期望状态，旧 Nginx 保持不变。"
"旧 Nginx 的真实 HTTP/1.1 与 HTTP/2 响应未通过交接前门禁，保持原状。","旧 Nginx 的真实 HTTP/1.1 与 HTTP/2 响应未通过交接前门禁，保持原状。"
"WLS 1.x 公共端口 owner 已显式提升为宿主级 WLS 2.0 Gateway。","WLS 1.x 公共端口 owner 已显式提升为宿主级 WLS 2.0 Gateway。"
"实测维护窗：%{1} 秒。","实测维护窗：%{1} 秒。"
"Gateway Agent 已提交；已从丢失的本地日志确认中前滚恢复。","Gateway Agent 已提交；已从丢失的本地日志确认中前滚恢复。"
提升提交状态无法安全对账：%{1},提升提交状态无法安全对账：%{1}
提升事务自动恢复失败：%{1},提升事务自动恢复失败：%{1}
"旧项目 Nginx 未进入交接，仍保持原状。","旧项目 Nginx 未进入交接，仍保持原状。"
提升失败：%{1},提升失败：%{1}
"已回滚并恢复原项目托管 Nginx。","已回滚并恢复原项目托管 Nginx。"
"失败恢复窗：%{1} 秒。","失败恢复窗：%{1} 秒。"
"原项目 Nginx 回滚也失败：%{1}","原项目 Nginx 回滚也失败：%{1}"
"已保留可恢复的提升事务日志；下次 promote 会先继续恢复。","已保留可恢复的提升事务日志；下次 promote 会先继续恢复。"
"将当前 80/443 的 WLS 1.x 受管 owner 显式提升为 WLS 2.0 Gateway","将当前 80/443 的 WLS 1.x 受管 owner 显式提升为 WLS 2.0 Gateway"
"签名、自包含的 WLS 2.0 宿主包目录","签名、自包含的 WLS 2.0 宿主包目录"
确认进入有实测维护窗的公共端口所有权切换,确认进入有实测维护窗的公共端口所有权切换
仅恢复/修复未完成事务；无需宿主包或再次确认,仅恢复/修复未完成事务；无需宿主包或再次确认
回滚,回滚
"先在旧入口在线时完成影子预检；交接失败时先停宿主服务，再用冻结快照恢复旧 Nginx。","先在旧入口在线时完成影子预检；交接失败时先停宿主服务，再用冻结快照恢复旧 Nginx。"
"域名转移会原子改变宿主入口归属；请提供 --confirm。","域名转移会原子改变宿主入口归属；请提供 --confirm。"
"必须提供 --domain、--from、--to 和目标项目 --instance。","必须提供 --domain、--from、--to 和目标项目 --instance。"
"--to 必须等于当前目标项目 UUID：%{1}","--to 必须等于当前目标项目 UUID：%{1}"
"域名已在同一网关 generation 内转移到当前项目。","域名已在同一网关 generation 内转移到当前项目。"
"将域名原子转移到当前已 enrollment 的项目","将域名原子转移到当前已 enrollment 的项目"
待转移的精确域名或通配符域名,待转移的精确域名或通配符域名
"当前源项目 UUID","当前源项目 UUID"
"目标项目 UUID，必须是当前项目","目标项目 UUID，必须是当前项目"
目标项目中用于证明后端和证书的运行实例,目标项目中用于证明后端和证书的运行实例
确认短租约预检、目标证明和原子归属切换,确认短租约预检、目标证明和原子归属切换
"输出 JSON 结果","输出 JSON 结果"
安全语义,安全语义
"网关升级必须由管理员显式携带 --confirm。","网关升级必须由管理员显式携带 --confirm。"
"必须通过 --package 指定签名自包含候选包目录。","必须通过 --package 指定签名自包含候选包目录。"
"WLS 2.0 Gateway 全包已切换到候选 A/B 槽；Root Broker 正在执行五分钟观察。","WLS 2.0 Gateway 全包已切换到候选 A/B 槽；Root Broker 正在执行五分钟观察。"
"安装并激活经过自检的 WLS 2.0 Gateway A/B 候选槽","安装并激活经过自检的 WLS 2.0 Gateway A/B 候选槽"
签名自包含候选包目录,签名自包含候选包目录
"确认进入 A/B 升级事务","确认进入 A/B 升级事务"
"撤销会使当前项目凭据和路由不可恢复；请提供 --confirm。","撤销会使当前项目凭据和路由不可恢复；请提供 --confirm。"
撤销失败,撤销失败
"网关安全撤销已提交，但项目凭据清理不完整；修复权限后请重新执行 revoke。","网关安全撤销已提交，但项目凭据清理不完整；修复权限后请重新执行 revoke。"
当前项目路由和凭据已撤销；共享网关保持运行。,当前项目路由和凭据已撤销；共享网关保持运行。
撤销当前项目的网关路由与宿主凭据,撤销当前项目的网关路由与宿主凭据
确认写入不可逆撤销状态并删除本项目宿主凭据,确认写入不可逆撤销状态并删除本项目宿主凭据
"WLS 2.0 宿主网关状态","WLS 2.0 宿主网关状态"
读取网关状态失败。,读取网关状态失败。
"查看宿主级 WLS 2.0 Gateway 状态","查看宿主级 WLS 2.0 Gateway 状态"
"宿主 enrollment 会授权域名和证书目录并轮换项目凭据；请提供 --confirm。","宿主 enrollment 会授权域名和证书目录并轮换项目凭据；请提供 --confirm。"
"项目 UUID 轮换已在宿主提交前安全中止。","项目 UUID 轮换已在宿主提交前安全中止。"
"项目 UUID、宿主授权与本地凭据已完成可恢复原子轮换。","项目 UUID、宿主授权与本地凭据已完成可恢复原子轮换。"
无法解析项目根目录。,无法解析项目根目录。
无法验证项目根目录所有者。,无法验证项目根目录所有者。
证书根别名重复：%{1},证书根别名重复：%{1}
"未找到可授权域名；请先配置项目证书，或显式重复提供 --domain。","未找到可授权域名；请先配置项目证书，或显式重复提供 --domain。"
授权失败,授权失败
"宿主 enrollment 已提交，但本地项目凭据未持久化；修复 var 目录权限后重试相同命令即可幂等续传。","宿主 enrollment 已提交，但本地项目凭据未持久化；修复 var 目录权限后重试相同命令即可幂等续传。"
"宿主 enrollment 与新项目凭据均已提交，但克隆身份恢复标记尚未清理；重试相同命令将幂等完成。","宿主 enrollment 与新项目凭据均已提交，但克隆身份恢复标记尚未清理；重试相同命令将幂等完成。"
"克隆项目已生成独立 UUID 并完成全新宿主 enrollment；原项目授权和路由保持不变。","克隆项目已生成独立 UUID 并完成全新宿主 enrollment；原项目授权和路由保持不变。"
"当前项目已授权到 WLS 2.0 宿主网关；项目凭据已写入 var，证书仅通过 Broker AUTH/SNAP 读取。","当前项目已授权到 WLS 2.0 宿主网关；项目凭据已写入 var，证书仅通过 Broker AUTH/SNAP 读取。"
授权域名：%{1},授权域名：%{1}
授权当前项目及其证书根目录到宿主网关,授权当前项目及其证书根目录到宿主网关
附加项目内证书目录，可重复；别名用于可迁移证书引用,附加项目内证书目录，可重复；别名用于可迁移证书引用
显式授权域名或通配符，可重复；省略时读取当前证书域名,显式授权域名或通配符，可重复；省略时读取当前证书域名
"不授权精确 HTTP-01 challenge 短租约（默认授权）","不授权精确 HTTP-01 challenge 短租约（默认授权）"
"授权项目使用 DNS-01 能力","授权项目使用 DNS-01 能力"
声明项目后端可按无状态策略分流；仍需运行时证明,声明项目后端可按无状态策略分流；仍需运行时证明
"声明项目后端共享 Session；仍需运行时证明","声明项目后端共享 Session；仍需运行时证明"
"存活克隆根生成新 UUID 并全新 enrollment；同根才以双凭据证明转移","存活克隆根生成新 UUID 并全新 enrollment；同根才以双凭据证明转移"
"允许已完成 clone enrollment 的项目再次执行同根双凭据身份转移","允许已完成 clone enrollment 的项目再次执行同根双凭据身份转移"
"仅在宿主 commit 前中止未完成 UUID 轮换","仅在宿主 commit 前中止未完成 UUID 轮换"
"确认 enrollment、域名能力和项目凭据轮换","确认 enrollment、域名能力和项目凭据轮换"
"WLS 2.0 网关路由","WLS 2.0 网关路由"
读取网关路由失败。,读取网关路由失败。
查看宿主网关的项目路由与租约状态,查看宿主网关的项目路由与租约状态
"整代重引导会持久停止共享入口；必须显式携带 --confirm。","整代重引导会持久停止共享入口；必须显式携带 --confirm。"
"必须通过 --package 指定签名自包含候选包的绝对目录。","必须通过 --package 指定签名自包含候选包的绝对目录。"
"必须通过 --nonce 提供 32 位小写十六进制维护事务标识；崩溃恢复时重用同一值。","必须通过 --nonce 提供 32 位小写十六进制维护事务标识；崩溃恢复时重用同一值。"
"WLS 2.0 Gateway 整代重引导失败，已恢复并重新启用身份验证通过的旧代；请诊断候选包。","WLS 2.0 Gateway rebootstrap failed; the identity-verified previous generation was restored and re-enabled. Diagnose the candidate package."
"WLS 2.0 Gateway 整代重引导已完成，原 gateway epoch 保持不变。","WLS 2.0 Gateway whole-generation rebootstrap completed; the gateway epoch was preserved."
"WLS 2.0 Gateway 整代重引导已完成，CA 信任代与 gateway epoch 已轮换。","WLS 2.0 Gateway whole-generation rebootstrap completed; the CA trust generation and gateway epoch were rotated."
"显式替换 WLS 2.0 Gateway 稳定 Launcher、CA 信任与完整 A/B 代","Explicitly replace the WLS 2.0 Gateway stable launcher, CA trust, and complete A/B generation"
签名自包含候选包绝对目录,签名自包含候选包绝对目录
"32 位小写十六进制事务标识；恢复时必须复用","32 位小写十六进制事务标识；恢复时必须复用"
确认进入持久停止的整代维护事务,确认进入持久停止的整代维护事务
恢复,恢复
"进程或宿主异常后，由管理员使用同一 package、nonce 与 profile 重跑本命令；事务会从已认证 journal 幂等恢复。","After a process or host interruption, rerun with the same package, nonce, and profile; the transaction resumes idempotently from its authenticated journal."
"停止承诺后任一步失败都会先撤销候选启动权限，再整代恢复旧运行时、平台定义与旧 gateway epoch；只有旧代通过身份校验并连续健康 15 秒才重新开放。回滚恢复本身失败时保持 ADMIN_STOPPED。","After the persistent stop is committed, any failure first revokes candidate start authorization and then restores the previous runtime generation, platform definition, and gateway epoch. The entry reopens only after the previous generation passes identity checks and remains healthy for 15 seconds. ADMIN_STOPPED remains when rollback recovery itself fails."
"重新启用共享网关会清除签名 ADMIN_STOPPED 意图；请提供 --confirm。","重新启用共享网关会清除签名 ADMIN_STOPPED 意图；请提供 --confirm。"
"宿主级 WLS 2.0 Gateway 已由管理员显式重新启用。","宿主级 WLS 2.0 Gateway 已由管理员显式重新启用。"
"清除已验证的 ADMIN_STOPPED 意图并重新启用共享网关","清除已验证的 ADMIN_STOPPED 意图并重新启用共享网关"
确认清除停止意图并启用宿主平台服务,确认清除停止意图并启用宿主平台服务
"输出 JSON 状态","输出 JSON 状态"
修复失败,修复失败
网关已执行身份安全的配置重发、LKG/数据面恢复。,网关已执行身份安全的配置重发、LKG/数据面恢复。
触发网关安全恢复并解除当前熔断等待,触发网关安全恢复并解除当前熔断等待
"H3 重新探测不能与时钟、存储或 journal 信任恢复合并执行。","H3 重新探测不能与时钟、存储或 journal 信任恢复合并执行。"
"journal 信任重置必须同时指定 --accept-storage。","journal 信任重置必须同时指定 --accept-storage。"
"管理员确认宿主时钟已校准并清除 CLOCK_UNTRUSTED","管理员确认宿主时钟已校准并清除 CLOCK_UNTRUSTED"
"确认磁盘/配额已恢复并重新验证 journal、重建恢复预留","确认磁盘/配额已恢复并重新验证 journal、重建恢复预留"
"--accept-storage 的协议字段兼容别名","--accept-storage 的协议字段兼容别名"
"确认丢弃不可信 journal 链并从当前受信状态重新建立","确认丢弃不可信 journal 链并从当前受信状态重新建立"
"清除当前运行时的 H3 隔离并执行一次显式重新探测","清除当前运行时的 H3 隔离并执行一次显式重新探测"
"实例 [%{1}] 正在执行启动、停止或其他生命周期操作，已拒绝并发重载。","实例 [%{1}] 正在执行启动、停止或其他生命周期操作，已拒绝并发重载。"
"实例 [%{1}] 自动匹配到 [%{2}]","Instance [%{1}] automatically matched to [%{2}]"
"实例 [%{1}] 未检测到运行中的 WLS Worker","Instance [%{1}] no running WLS Worker detected"
"可执行 server:listing -r 查看当前运行中的实例","Run server:listing -r to view currently running instances."
你可能想要的实例：%{1},"Instances you might want: %{1}"
"如需重载最接近的实例，可执行 server:reload %{1}","To reload the nearest instance, run server:reload %{1}"
"请确认实例名称，或执行 server:listing 查看所有实例","Please confirm the instance name, or run server:listing to view all instances"
"未检测到运行中的 WLS Worker","No running WLS Worker detected"
当前操作实例：%{1},"Current operation instance: %{1}"
"强制重载模式：批量杀死所有 Worker 后重新启动","Force Reload Mode: Kill All Workers and Restart"
"注意：-f 强制重载属于停机型更新，建议先开启维护模式；滚动重载不需要。","Note: -f force reload is a downtime update; it is recommended to enable maintenance mode first. Rolling reload does not require this."
执行滚动重启（优雅重载）...,"Perform rolling restart (graceful reload)..."
"Worker 数：%{1}","Number of Workers: %{1}"
"✓ 热重载命令已发送","✓ Hot reload command sent"
"等待实例 [%{1}] 的 Orchestrator 完成滚动重启...","Waiting for Orchestrator of instance [%{1}] to complete rolling restart..."
"控制连接已断开，Orchestrator 可能仍在后台继续执行；请用 server:status 查看结果","Control connection disconnected, Orchestrator may still be running in the background; use server:status to view results"
"仍在等待 Master 回传 reload 进度（已等待 %{1}s，剩余 %{2}s）；不会主动断开控制连接。","仍在等待 Master 回传 reload 进度（已等待 %{1}s，剩余 %{2}s）；不会主动断开控制连接。"
"可用 server:status 查看当前状态","Use server:status to check current state"
"✓ 滚动重启完成（耗时: %{1}，Worker: %{2}）","✓ The rolling restart is completed (Time consuming: %{1}, Worker: %{2})"
"✗ 滚动重启失败：Worker #%{1} - %{2}","✗ Rolling restart failed: Worker #%{1} - %{2}"
排水中,Draining
启动中,Starting
等待就绪,"Waiting for readiness"
等待旧进程退出,"Waiting for old process to exit"
"从 Dispatcher 摘除","Remove from Dispatcher"
停止中,Stopping
回加运行路由池,"Rejoin active routing pool"
"Worker #%{1} %{2} (%{3}/%{4})","Worker #%{1} %{2} (%{3}/%{4})"
"第 %{1}/%{2} 批：并发启动 Worker [%{3}]","Batch %{1}/%{2}: Concurrently starting Worker [%{3}]"
"第 %{1}/%{2} 批：Worker [%{3}] 正在排水","Batch %{1}/%{2}: Worker [%{3}] is draining"
"第 %{1}/%{2} 批：等待 Worker [%{3}] 就绪","Batch %{1}/%{2}: Waiting for Worker [%{3}] to be ready"
"第 %{1}/%{2} 批：Worker [%{3}] 已就绪，正在回加运行路由池","Batch %{1}/%{2}: Worker [%{3}] is ready and rejoining the active routing pool"
"✓ 重载完成（耗时: %{1}，Worker: %{2}）","✓ Reloading completed (time consuming: %{1}, Worker: %{2})"
"✗ 重载失败：%{1}","✗ Reload failed: %{1}"
"Orchestrator 将批量杀死所有 Worker 后重新启动","Orchestrator will kill all Workers in batches and then restart"
"Orchestrator 将编排滚动重启，按批次排水替换 Worker（默认三批）","Orchestrator will orchestrate a rolling restart, replacing Workers in batches with drain (default three batches)"
"热重载 WLS Worker 代码（无需完全重启服务器）","Hot reload WLS Worker code (no need to fully restart the server)."
"通知 Orchestrator 执行滚动重启。修改 Worker 代码后使用此命令即可生效。","Notify Orchestrator to perform a rolling restart. Use this command after modifying Worker code for the changes to take effect."
"强制模式：批量杀死所有 Worker 后重新启动（停机型更新，不等待排水，建议先开启维护模式）","Force mode: kill all Workers in batch and restart (shutdown-style update, no drain wait, recommend enabling maintenance mode first)"
不等待：发送命令后立即返回,"No waiting: return immediately after sending the command"
"默认等待重载完成并显示进度；只有 -n 会立即返回","Wait for reload completion and show progress by default; only -n returns immediately"
"-f 强制模式","-f force mode"
"批量重启：直接杀死所有 Worker，属于停机型更新，快速但会中断请求","Batch Restart: Directly kills all Workers. This is a shutdown-type update, fast but will interrupt requests"
"-n 不等待","-n do not wait"
发送命令后立即返回，适合脚本调用,"Returns immediately after sending the command, suitable for script invocation"
优雅排水三态,优雅排水三态
"完成=退出码0且滚动重启完成；保留排水=仍有在途写/半包请求时非零并提示 live old Workers；空闲 keep-alive 会在 Worker 软期限主动关闭，不再单独构成失败","完成=退出码0且滚动重启完成；保留排水=仍有在途写/半包请求时非零并提示 live old Workers；空闲 keep-alive 会在 Worker 软期限主动关闭，不再单独构成失败"
适用场景,"Applicable Scenarios"
"修改了 Worker 代码、业务代码、模板、配置等","Modified Worker code, business code, templates, configuration, etc."
不适用场景,"Not applicable scenarios"
"修改了 Dispatcher、Master 代码或启动参数（需用 server:start -r）","Modified Dispatcher, Master code or startup parameters (requires server:start -r)"
滚动重载（默认等待）,"Rolling reload (wait by default)"
不等待,"don't wait"
强制重载,"Force Reload"
"没有已登记的退役 PHP 内置服务器。","没有已登记的退役 PHP 内置服务器。"
"无法持久化清理后的退役 PHP 服务器记录。","无法持久化清理后的退役 PHP 服务器记录。"
"已清理无效的退役 PHP 内置服务器运行时记录。","已清理无效的退役 PHP 内置服务器运行时记录。"
进程已退出，但无法持久化清理后的运行时记录。,进程已退出，但无法持久化清理后的运行时记录。
"退役 PHP 内置服务器已退出；仅清理运行时记录，未发送信号。","退役 PHP 内置服务器已退出；仅清理运行时记录，未发送信号。"
"进程已退出，但精确 lease 清理失败；已保留运行时记录以便重试。","进程已退出，但精确 lease 清理失败；已保留运行时记录以便重试。"
进程已释放，但运行时记录持久化失败；已保留记录以便重试。,进程已释放，但运行时记录持久化失败；已保留记录以便重试。
"已按精确出生身份停止退役 PHP 内置服务器。","已按精确出生身份停止退役 PHP 内置服务器。"
"旧 lease 已失效，未向当前 PID 发送信号；运行时记录已清理。","旧 lease 已失效，未向当前 PID 发送信号；运行时记录已清理。"
"已拒绝自动停止退役 PHP 内置服务器：%{1}。","已拒绝自动停止退役 PHP 内置服务器：%{1}。"
"持久化 PID、端口或进程名不构成终止授权；请由宿主管理员核对实际进程后处理。","持久化 PID、端口或进程名不构成终止授权；请由宿主管理员核对实际进程后处理。"
"停止已退役的 PHP 内置服务器（仅精确出生 lease）","停止已退役的 PHP 内置服务器（仅精确出生 lease）"
兼容参数；不会绕过精确进程出生身份校验,兼容参数；不会绕过精确进程出生身份校验
无法证明受管代次时拒绝发送任何终止信号,无法证明受管代次时拒绝发送任何终止信号
"已退役：console:server:start 不再启动 PHP 内置 Web Server。","已退役：console:server:start 不再启动 PHP 内置 Web Server。"
"已退役：PHP 内置 Web Server 启动入口","已退役：PHP 内置 Web Server 启动入口"
请输入后端主机,"Enter backend host"
"端口必须在 1-65535 范围内","Port must be in the range 1-65535"
连接成功,"Connection Successful"
"连接失败: %{1}","Connection Failed: %{1}"
"应用 WLS 网关路由","应用 WLS 网关路由"
"保存 WLS 网关配置","保存 WLS 网关配置"
"域名格式无效: %{1}","Invalid domain format: %{1}"
"Gateway backend host is required.","Gateway backend host is required."
"Gateway backend port must be between 1 and 65535.","Gateway backend port must be between 1 and 65535."
自动,自动
主监听,主监听
拓扑,拓扑
网关,网关
直连监听,直连监听
派遣器监听,派遣器监听
运行时监听,运行时监听
"配置 WLS Gateway 的域名路由规则","Configure domain routing rules for WLS Gateway"
总规则数,"Total Rules"
新建规则,"New Rule"
应用配置,"Application Configuration"
后端地址,"Backend Address"
优先级,Priority
暂无代理规则,"No Proxy Rules"
测试,Test
"确定要应用配置到 Gateway 吗？","Are you sure you want to apply the configuration to the Gateway?"
确定要删除此规则吗？,"Are you sure you want to delete this rule?"
应用失败,"Application Failed"
请求失败,"Request failed"
连接失败,"Connection Failed"
确认组件不可用，请刷新页面后重试,确认组件不可用，请刷新页面后重试
编辑代理规则,"Edit proxy rule"
新建代理规则,"Create Proxy Rule"
返回列表,"Return to List"
"支持通配符，如 *.example.com","Supports wildcards, e.g., *.example.com"
后端主机,"Backend Host"
后端端口,"Backend Port"
"后端使用 SSL","Backend Use SSL"
数字越大优先级越高,"Larger numbers mean higher priority"
保存,Save
测试连接,"Test Connection"
帮助信息,"Help information"
域名格式,"Domain format"
精确匹配,"Exact match"
通配符匹配,"Wildcard match"
优先级规则,"Priority rules"
"精确匹配 > 通配符匹配 > 默认后端","Exact match > Wildcard match > Default backend"
同类型匹配按优先级数字排序（降序）,"Same-type matching sorted by priority number (descending)"
后端配置,"Backend Configuration"
"后端主机通常为 127.0.0.1","Backend host is usually 127.0.0.1"
后端端口为项目实际监听端口,"Backend port is the actual listening port of the project"
请先填写后端主机和端口,"Please fill in the backend host and port first"
"Runtime action skipped.","Runtime action skipped."
"Select a target WLS instance before applying runtime changes.","Select a target WLS instance before applying runtime changes."
"WLS runtime reload requested.","WLS runtime reload requested."
"Selected WLS instance %{1} was not found.","Selected WLS instance %{1} was not found."
"WLS restart command was submitted but no valid PID was returned.","WLS restart command was submitted but no valid PID was returned."
"WLS restart command submitted for %{1}. Master PID: %{2}","WLS restart command submitted for %{1}. Master PID: %{2}"
Unknown,Unknown
Direct,Direct
Dispatcher,Dispatcher
Auto,Auto
"所有平台都由项目托管 Nginx 直接负载到 Worker：Windows 使用独立 worker_ports，Linux/macOS 默认使用可无损重载的 shared_fd；Linux reuseport 仅作为显式性能选项。","所有平台都由项目托管 Nginx 直接负载到 Worker：Windows 使用独立 worker_ports，Linux/macOS 默认使用可无损重载的 shared_fd；Linux reuseport 仅作为显式性能选项。"
"仅在显式兼容或诊断时使用 WLS Dispatcher；公网入口仍由项目托管 Nginx 提供。","Use the WLS Dispatcher only for explicit compatibility or diagnostics; project-managed Nginx remains the public edge."
"所有平台的 Auto 都选择 Direct：Windows 使用 Nginx 均衡的独立 Worker 端口，Linux/macOS 使用 Master 持有的 shared_fd，以避免 Worker 替换时复位已排队连接。","所有平台的 Auto 都选择 Direct：Windows 使用 Nginx 均衡的独立 Worker 端口，Linux/macOS 使用 Master 持有的 shared_fd，以避免 Worker 替换时复位已排队连接。"
"Direct listener supported","Direct listener supported"
"Direct listener unavailable","Direct listener unavailable"
"This runtime supports the native direct listener selected by WLS.","This runtime supports the native direct listener selected by WLS."
"Direct listener dependencies are not ready; server:start will run the authoritative dependency bootstrap and capability probe.","Direct listener dependencies are not ready; server:start will run the authoritative dependency bootstrap and capability probe."
"Direct listener capability unknown","Direct listener capability unknown"
"Gateway listen port must be between 1 and 65535.","Gateway listen port must be between 1 and 65535."
"Gateway listen host is invalid.","Gateway listen host is invalid."
"Gateway rule is disabled for this project.","Gateway rule is disabled for this project."
"Gateway rule saved.","Gateway rule saved."
"WLS Gateway - 多项目统一入口","WLS Gateway - Multi-project Unified Entrance"
"自动发现 %{1} 个项目实例","Auto-Discovered %{1} Project Instances"
"%{1} 已验证：%{2}","%{1} verified: %{2}"
"时钟信任恢复必须单独执行；请先仅运行 --accept-clock，再执行其他修复项。","时钟信任恢复必须单独执行；请先仅运行 --accept-clock，再执行其他修复项。"
证书已写入撤销事实，但证书生成选择器尚未停用：%{1},证书已写入撤销事实，但证书生成选择器尚未停用：%{1}
证书已写入撤销事实，但服务清单尚未完成确认：%{1},证书已写入撤销事实，但服务清单尚未完成确认：%{1}
证书服务已安全撤销，但实例端点派生状态更新失败：%{1},证书服务已安全撤销，但实例端点派生状态更新失败：%{1}
服务路由已撤销，但证书源清理未完成：%{1},服务路由已撤销，但证书源清理未完成：%{1}
证书路由和源文件已撤销，但数据库清理未完成：%{1},证书路由和源文件已撤销，但数据库清理未完成：%{1}
"Security rules saved. WLS workers will reload rules from the update flag.","Security rules saved. WLS workers will reload rules from the update flag."
"检测到端口 %{1} 被 WLS 进程占用 (PID: %{2})，正在结束…","Port %{1} is in use by WLS process (PID: %{2}); terminating…"
"ROOT PID: %{1}","ROOT PID: %{1}"
"IPC 超时，验证 Master 实时身份后清理该实例下所有进程...","IPC 超时，验证 Master 实时身份后清理该实例下所有进程..."
"强制停止：默认本地快速清场（不走 IPC）；若需仍通过 Master 发 STOP，请加 --ipc","Force stop: default local quick cleanup (no IPC); if you still need to send STOP via Master, add --ipc"
"与 -f 联用：显式走 IPC 强制停机（短 ACK/硬超时）；不带 -f 时忽略","Used in conjunction with -f: Explicitly use IPC to force shutdown (short ACK/hard timeout); ignored without -f"
强制停止（本地快速清场）,"Force stop (local quick cleanup)"
"强制但走 IPC（短超时）","Force but go through IPC (short timeout)"
"以旧凭据+新凭据双证明执行可恢复 UUID/授权转移","以旧凭据+新凭据双证明执行可恢复 UUID/授权转移"
正在停止配置中的服务器进程，进程ID：%{1},"Stopping server process in configuration, process ID: %{1}"
配置中的服务器进程已停止！进程ID：%{1},"The server process in the configuration has stopped! Process ID: %{1}"
停止配置中的服务器进程失败！进程ID：%{1},"Failed to stop the server process during configuration! Process ID: %{1}"
强制停止失败，请尝试手动停止进程。,"Force stop failed, please try manually stopping the process."
"请尝试使用 -f 参数强制停止或手动停止进程。","Try using the -f parameter to force stop or manually stop the process."
"检测到端口 %{1}:%{2} 被占用，但配置信息为空。","Port %{1}:%{2} is detected as occupied, but the configuration is empty."
检测到的进程ID：%{1},"Detected process ID: %{1}"
检测到的进程ID（%{1}）与配置中的进程ID（%{2}）不一致。,"Detected process ID (%{1}) does not match the configured process ID (%{2})."
正在停止检测到的进程，进程ID：%{1},"Stopping detected process, process ID: %{1}"
"是否要停止此进程？使用 -f 参数直接停止。","Stop this process? Use -f parameter to stop directly."
端口监听进程已停止！进程ID：%{1},"Port listening process has stopped! Process ID: %{1}"
停止端口监听进程失败！进程ID：%{1},"Failed to stop port listening process! Process ID: %{1}"
"Linux/Unix 上可能需要 root 权限：sudo kill -9 %{1}","Root privileges may be required on Linux/Unix: sudo kill -9 %{1}"
"端口 %{1}:%{2} 被占用，但无法确定进程ID。","Port %{1}:%{2} is occupied, but the process ID cannot be determined."
请手动检查端口占用情况。,"Please manually check the port usage."
"未检测到服务器运行（端口 %{1}:%{2} 未被占用）。","No server running detected (port %{1}:%{2} is not occupied)."
"服务器未运行（端口 %{1}:%{2} 未被占用）。","Server is not running (port %{1}:%{2} is not in use)."
服务器停止操作完成！,"Server stop operation completed!"
"停止PHP内置本地WebServer服务。使用 -f 或 --force 参数强制停止。","Stop the PHP built-in local web server service. Use -f or --force to force stop."
"运行模式: 后台运行 (默认)","Run mode: Background (default)"
"运行模式: 前台运行","Run mode: Foreground"
"已停止占用端口 %{1} 的 Weline Server，以便启动 CLI 服务器","Stopped Weline Server occupying port %{1} to start CLI server"
等待端口释放...,"Waiting for port release..."
检测到服务器已在运行中，强制启动模式将先停止现有服务器...,"Detected that the server is already running, force start mode will stop the existing server first..."
现有服务器已成功停止,"Existing server has been stopped successfully"
端口被占用，但检测到的占用进程已不存在，跳过停止。,"Port is in use but the detected process no longer exists; skipping stop."
通过端口检测到进程，正在停止，进程ID：%{1},"Process detected via port, stopping. Process ID: %{1}"
正在停止现有服务器进程，进程ID：%{1},"Stopping existing server process, process ID: %{1}"
占用进程已退出，视为端口已释放，继续启动。,"Occupant process has exited; treating port as released and continuing startup."
停止现有服务器失败，请手动停止后重试,"Failed to stop existing server, please stop manually and retry"
端口被占用但无法确定进程ID，尝试强制清理端口,"Port is occupied but unable to determine process ID, attempting to force clean the port"
检测到服务器已在运行中！进程ID：%{1},"Detected that the server is already running! Process ID: %{1}"
已自动更新配置信息。,"Configuration information has been updated automatically."
服务器已在后台运行,"Server is already running in the background"
检测到端口被占用，但无法获取进程信息,"Port occupation detected, but unable to retrieve process information."
开发专用，请勿用于生产环境。,"For development use only, do not use in production environments."
启用PHP内置本地WebServer服务...,"Enable PHP built-in local WebServer service..."
"⚠️  警告：当前处于生产环境模式（%{1}）！","⚠️ Warning: Currently in production environment mode (%{1})!"
"⚠️  PHP内置服务器仅供开发和测试使用，不适合生产环境！","⚠️ PHP built-in server is for development and testing only, not suitable for production environment!"
"⚠️  生产环境请使用 WLS 常驻内存服务器，不要使用 PHP 内置开发服务器！","⚠️  Use the persistent WLS server in production; do not use PHP's built-in development server!"
"⚠️  继续使用PHP内置服务器可能导致性能问题和安全风险！","⚠️Continuing to use PHP's built-in server may cause performance issues and security risks!"
"是否仍要在生产模式下启动PHP内置服务器？(输入 y/yes 继续，其他任意键取消):","Do you still want to start the PHP built-in server in production mode? (Enter y/yes to continue, any other key to cancel):"
"⚠️  您已选择在生产模式下使用PHP内置服务器，请自行承担风险！","⚠️ You have chosen to use the PHP built-in server in production mode, please do so at your own risk!"
使用proc_open启动后台进程,"Start background process using proc_open"
proc_open不可用，使用传统方式启动后台进程,"proc_open is not available, use legacy method to start background process"
通过端口检测到服务器进程，进程ID：%{1},"Server process detected via port, process ID: %{1}"
服务器已在后台启动成功！,"Server started successfully in the background!"
程序已进入后台运行,"The program has entered background operation."
服务器已在后台启动成功！进程ID：%{1},"Server started successfully in the background! Process ID: %{1}"
程序已进入后台运行，可以关闭终端,"The program has entered background operation, you can close the terminal."
服务器启动成功！进程ID：%{1},"Server started successfully! Process ID: %{1}"
后台启动失败，请检查端口是否被占用,"Backend startup failed, please check if the port is occupied"
服务器进程已结束。若未能正常启动请检查端口是否被占用。,"Server process has ended. If it did not start correctly, check whether the port is in use."
局域网,"Local network"
前端首页,"Frontend Homepage"
前端API,"Frontend API"
后端管理,"Backend Management"
后端API,"Backend API"
"端口 %{1} 仍可连接，但无法确定占用进程（系统返回的 PID 已失效），可能正在释放中…","Port %{1} is still in use but the reported occupant PID is invalid; it may be releasing."
"进程检测异常（端口与 PID 不一致），且端口 %{1} 仍可连接，已中止启动。请先执行 server:kill-php 或 taskkill 后重试。","Process detection anomaly (port and PID mismatch), and port %{1} is still reachable, startup aborted. Please run server:kill-php or taskkill first, then retry."
"端口 %{1} 仍被占用（PID：%{2}），正在停止以便启动 CLI 服务器...","Port %{1} is still in use (PID: %{2}), stopping it to start the CLI server..."
"进程 %{1} 未能成功结束。请手动执行后重试：","Process %{1} could not be terminated. Please run manually then retry:"
"端口 %{1} 被占用但无法获取进程ID，请手动停止后重试","Port %{1} is occupied but the process ID cannot be obtained, please stop it manually and try again"
"端口 %{1} 多次尝试后仍被占用，CLI 可能无法正常监听","Port %{1} is still in use after multiple attempts, CLI may not be able to listen properly"
"若仍无法结束，请以管理员身份运行 CMD 或 PowerShell 后执行上述命令。","If it still does not exit, run CMD or PowerShell as Administrator and run the command above."
"Failed to persist local CA certificate","Failed to persist local CA certificate"
"Failed to persist local CA private key","Failed to persist local CA private key"
"Failed to persist local certificate private key","Failed to persist local certificate private key"
保存私钥文件失败,"Failed to save private key file"
"证书内容格式无效，请上传/粘贴 PEM 证书链","Invalid Certificate Content Format, Please Upload/Paste PEM Certificate Chain"
"私钥内容格式无效，请上传/粘贴 PEM 私钥","Invalid private key content format, please upload/paste a PEM private key"
写入证书文件失败,"Failed to write certificate file"
写入私钥文件失败,"Failed to write private key file"
写入中间证书文件失败,"Failed to write intermediate certificate file"
"证书文件不存在，无法启用 HTTPS","Certificate files not found, cannot enable HTTPS"
证书已过期，请先续签,"Certificate expired, please renew first"
"HTTPS 已禁用，服务器正在重启以使配置生效","HTTPS is disabled, the server is restarting to make the configuration take effect"
"本地域名 %{1} 的证书受保护，跳过清除","The certificate for local domain %{1} is protected, skipping cleanup"
"域名 %{1} 删除 DB 记录失败：%{2}","Failed to delete DB record for domain %{1}: %{2}"
启动锁已释放,"Startup lock released"
"proc_open 不可用。","proc_open is unavailable."
无法启动依赖安装子进程。,"Unable to start the dependency installation subprocess."
"WLS 边缘证书已更新但未配置 reload","WLS edge certificate updated but reload is not configured"
"证书 PEM 已写入，但 wls.edge.reload_command 为空，Nginx 可能仍使用旧证书。请配置 nginx -s reload 或 systemctl reload nginx。","PEM files were written, but wls.edge.reload_command is empty so Nginx may keep the old certificate. Configure nginx -s reload or systemctl reload nginx."
"WLS 边缘 reload 命令被拒绝","WLS edge reload command rejected"
"配置的 wls.edge.reload_command 不在白名单内，已跳过执行。","The configured wls.edge.reload_command is not on the whitelist and was skipped."
"WLS 边缘 reload 失败","WLS edge reload failed"
"证书 PEM 已更新，但边缘 reload 命令失败（exit=%{1}）。Nginx 可能仍使用旧证书。","PEM files were updated, but the edge reload command failed (exit=%{1}). Nginx may keep the old certificate."
"另一个 server:stop 任务正在处理中，请稍后再试。","Another server:stop task is in progress, please try again later."
共享网关路由注销失败：%{1},共享网关路由注销失败：%{1}
"已中止 WLS 停止：请先修复托管 Nginx 停止故障，或显式使用强制停止。","WLS stop was aborted. Repair the managed Nginx stop failure first, or explicitly force the stop."
"启动锁已释放 ✓","Startup lock released ✓"
"实例 [%{1}] 正在被其他 stop 任务处理，已跳过。","Instance [%{1}] is being processed by another stop task, skipped."
地址：,Address:
监听地址：,"Listen address:"
宿主网关清理失败：%{1},宿主网关清理失败：%{1}
当前项目路由和宿主授权已撤销；共享网关保持运行。,当前项目路由和宿主授权已撤销；共享网关保持运行。
撤销当前项目的网关路由与证书目录授权,撤销当前项目的网关路由与证书目录授权
"项目身份已显式轮换：%{1} → %{2}","项目身份已显式轮换：%{1} → %{2}"
"当前项目已授权到 WLS 2.0 宿主网关；宿主凭据已写入项目 var 目录。","当前项目已授权到 WLS 2.0 宿主网关；宿主凭据已写入项目 var 目录。"
"为复制项目显式生成新 UUID；必须配合 --confirm","为复制项目显式生成新 UUID；必须配合 --confirm"
"WLS 已不再支持 independent 拓扑；所有平台请使用 --direct，兼容诊断时可显式使用 --dispatcher。","WLS 已不再支持 independent 拓扑；所有平台请使用 --direct，兼容诊断时可显式使用 --dispatcher。"
"Conflicting WLS topology CLI options: --direct and --dispatcher.","Conflicting WLS topology CLI options: --direct and --dispatcher."
"--no-nginx 只能与 --edge=wls 一起使用。","--no-nginx 只能与 --edge=wls 一起使用。"
"WLS 启动不使用 PHP 内置 CLI 服务器；需要纯 WLS 时请使用 --no-nginx。","WLS startup does not use PHP's built-in CLI server; use --no-nginx for pure WLS."
"检测到 Windows ARM64 上运行 x64 PHP 仿真；WLS 已对后续 PHP 子进程关闭 CLI OPcache 与 JIT，避免已确认的原生访问冲突；请使用原生 ARM64 PHP 恢复字节码缓存。","Detected x64 PHP emulation on Windows ARM64. WLS disabled CLI OPcache and JIT for descendant PHP processes after reproduced native access violations; use native ARM64 PHP to restore bytecode caching."
"Weline Server 不可用：%{1}","Weline Server unavailable: %{1}"
"WLS 不执行 PHP CLI 回退；请修复 WLS 运行时依赖。","WLS does not fall back to the PHP CLI server; fix the WLS runtime dependency."
"Master 启动失败：%{1}","Master 启动失败：%{1}"
"无法启动：实例 [%{1}] 正在被另一个进程启动中","Unable to start: instance [%{1}] is being started by another process"
"锁持有进程 PID：%{1}","Lock holding process PID: %{1}"
请稍后重试，或在交互式终端中确认是否强制启动。,"Please try again later, or confirm in the interactive terminal whether to force start."
是否直接强制启动并终止另一个启动进程？[y/N]:,"Force start and terminate another startup process directly? [y/N]:"
已取消强制启动。请稍后重试，或检查是否有其他终端正在启动服务器,"Force start canceled. Please retry later, or check if another terminal is starting the server"
"正在强制终止另一个启动进程并清理实例 [%{1}] 的启动残留...","Forcefully terminating another startup process and cleaning up startup remnants of instance [%{1}]..."
"已强制接管启动锁，继续启动实例 [%{1}]","Forcibly took over startup lock, continuing to start instance [%{1}]"
"强制清理后仍未获取启动锁，将按用户确认继续启动实例 [%{1}]。","Failed to acquire startup lock after force clean, will proceed to start instance as confirmed by user [%{1}]."
"WLS 2.0 边缘模式解析失败：%{1}","WLS 2.0 边缘模式解析失败：%{1}"
"已为项目分配稳定的宿主协调 loopback 回源端口：%{1}","已为项目分配稳定的宿主协调 loopback 回源端口：%{1}"
"WLS 2.0 网关回源端口分配失败：%{1}","WLS 2.0 网关回源端口分配失败：%{1}"
"WLS 2.0 边缘模式：%{1}（请求：%{2}）","WLS 2.0 边缘模式：%{1}（请求：%{2}）"
"共享网关不可用，已降级纯 WLS：%{1}","共享网关不可用，已降级纯 WLS：%{1}"
"备用入口端口：%{1}；该地址不等价于 80/443，请同步检查防火墙、DNS 或负载均衡。","备用入口端口：%{1}；该地址不等价于 80/443，请同步检查防火墙、DNS 或负载均衡。"
"WLS 运行时依赖检查或显式安装失败：%{1}","WLS runtime dependency validation or explicit installation failed: %{1}"
"Direct 不会静默切换到 Dispatcher；Linux auto 优先验证 reuseport（需要 sockets/SO_REUSEPORT），能力不可用时回退 shared_fd（需要 ext-event 与 POSIX FD/进程原语）；macOS 使用 shared_fd，Nginx 模式的 Windows 使用 worker_ports。也可显式改用 --dispatcher。公网 TLS 与 HTTP 协议由最终边缘模式负责：默认 Nginx，--no-nginx 时为纯 WLS。","Direct never silently switches to Dispatcher. Linux auto validates reuseport first (requires sockets/SO_REUSEPORT) and falls back to shared_fd (requires ext-event and POSIX FD/process primitives); macOS uses shared_fd; Windows with Nginx uses worker_ports. You may explicitly select --dispatcher. The selected edge owns public TLS and HTTP: Nginx by default, or pure WLS with --no-nginx."
"WLS 运行时依赖已按显式请求安装并验证。","WLS runtime dependencies were installed and verified by explicit request."
"正在使用已加载新扩展的 PHP 进程继续启动...","Continuing startup with a PHP process that loads the new extension..."
"依赖安装后的 WLS 重新启动失败，退出码：%{1}","WLS relaunch after dependency installation failed with exit code %{1}."
"使用已保存的实例配置：%{1} (%{2}:%{3})","Using saved instance configuration: %{1} (%{2}:%{3})"
"WLS 公开 Host 规范化失败：%{1}","WLS 公开 Host 规范化失败：%{1}"
"WLS 2.0 备用入口监听地址无效：%{1}","WLS 2.0 备用入口监听地址无效：%{1}"
"Nginx-only 启动必须使用后台 Master，才能在 Worker READY 后完成 Nginx 配置事务与真实协议门禁；请移除 --foreground/--no-daemon。","Nginx-only startup must use a background Master to complete the Nginx configuration transaction and live protocol gates after Worker READY; remove --foreground/--no-daemon."
"Nginx-only 公网端点强制 TLS 1.3；--no-ssl 与 wls.https=false 已停用。","The Nginx-only public endpoint enforces TLS 1.3; --no-ssl and wls.https=false are retired."
新证书未通过完整校验，继续使用上一代有效证书：%{1},新证书未通过完整校验，继续使用上一代有效证书：%{1}
无法激活项目证书代际：%{1},无法激活项目证书代际：%{1}
"项目将先运行 loopback HTTP 回源；网关仅开放精确 ACME challenge，证书激活前普通 HTTPS 路由保持关闭。","项目将先运行 loopback HTTP 回源；网关仅开放精确 ACME challenge，证书激活前普通 HTTPS 路由保持关闭。"
"HTTPS 未启用：%{1}","HTTPS 未启用：%{1}"
"SSL 证书服务返回 HTTP 模式","SSL 证书服务返回 HTTP 模式"
"本次将以 HTTP 运行；如需 HTTPS，请检查 wls.https 配置和证书管理中的域名 HTTPS 开关。","本次将以 HTTP 运行；如需 HTTPS，请检查 wls.https 配置和证书管理中的域名 HTTPS 开关。"
已生成新证书：%{1},"Generated new certificate: %{1}"
使用已有证书：%{1},"Using existing certificate: %{1}"
证书有效期至：%{1},"Certificate valid until: %{1}"
"WLS 运行时解析器未返回完整 RuntimeSelection；已拒绝启动。","WLS 运行时解析器未返回完整 RuntimeSelection；已拒绝启动。"
"WLS 依赖预检与最终 RuntimeSelection 拓扑不一致；已拒绝启动。","WLS 依赖预检与最终 RuntimeSelection 拓扑不一致；已拒绝启动。"
"WLS 边缘适配器无效：%{1}","Invalid WLS edge adapter: %{1}"
"Nginx-only 公网端点要求 TLS 1.3；已拒绝 --no-ssl。","The Nginx-only public endpoint requires TLS 1.3; --no-ssl was refused."
"WLS HTTP 协议配置无效：%{1}","Invalid WLS HTTP protocol configuration: %{1}"
"纯 WLS HTTP/3 不可用；HTTP/3 仅由项目托管 Nginx 提供。","Pure WLS HTTP/3 is unavailable; HTTP/3 is provided only by the project-managed Nginx."
"纯 WLS 协议：HTTP/2（默认）→ HTTP/1.1（自动回退）","Pure WLS protocol: HTTP/2 (default) → HTTP/1.1 (automatic fallback)"
"WLS 回源协议：HTTP/1.1（公网协议协商由 Nginx 负责）","WLS upstream protocol: HTTP/1.1 (Nginx handles public protocol negotiation)"
边缘适配器：%{1},"Edge adapter: %{1}"
"纯 WLS 负责公网 TLS/HTTP；HTTP/3 不启用。","Pure WLS owns public TLS/HTTP; HTTP/3 is disabled."
"WLS 2.0 网关没有返回有效 HTTPS 监听端口。","WLS 2.0 网关没有返回有效 HTTPS 监听端口。"
"WLS 2.0 网关公网 origin 固化失败：%{1}","WLS 2.0 网关公网 origin 固化失败：%{1}"
"宿主级 Weline Gateway 负责公网 TLS/HTTP；本项目只提供 loopback WLS 后端。","宿主级 Weline Gateway 负责公网 TLS/HTTP；本项目只提供 loopback WLS 后端。"
"Nginx 负责公网 TLS/HTTP；WLS 后端固定为回环地址明文 HTTP/1.1。","Nginx handles public TLS/HTTP; the WLS backend is fixed to plaintext HTTP/1.1 on loopback."
"Nginx 默认启动要求 wls.edge.nginx.managed=true；不可用时请显式使用 --no-nginx。","Default Nginx startup requires wls.edge.nginx.managed=true; explicitly use --no-nginx when unavailable."
"Nginx 默认启动要求 wls.edge.nginx.auto_start=true；不可用时请显式使用 --no-nginx。","Default Nginx startup requires wls.edge.nginx.auto_start=true; explicitly use --no-nginx when unavailable."
"项目隔离 Nginx 尚未安装；请先执行 server:nginx:install，或显式使用 --no-nginx 启动纯 WLS。","The project-isolated Nginx is not installed; run server:nginx:install first, or explicitly start pure WLS with --no-nginx."
"Nginx 公网 origin 固化失败：%{1}","Failed to freeze the managed Nginx public origin: %{1}"
"托管 Nginx 正在运行但缺少可验证 owner；请先执行身份审查与显式停止。","Managed Nginx is running but lacks a verifiable owner; inspect its identity and stop it explicitly first."
"托管 Nginx 已绑定实例 %{1}；请先停止该 owner，再启动实例 %{2}。","Managed Nginx is already bound to instance %{1}; stop that owner before starting instance %{2}."
"端口 %{1} 已被 Weline Server 实例 [%{2}] 占用！","Port %{1} is already in use by Weline Server instance [%{2}]!"
解决方案：,Solution:
"1. 使用 -p 参数指定其他端口启动新实例：","1. Start a new instance using the -p parameter to specify a different port:"
"2. 或先停止实例 [%{1}]：","2. Or stop the instance first [%{1}]:"
"3. 查看所有运行中的实例：","3. View all running instances:"
"端口 %{1} 已被其他项目的 Weline Server 占用（项目作用域：%{2}）","Port %{1} is already in use by another project's Weline Server (project scope: %{2})"
"1. 该端口属于不同 BP 目录下的项目实例，与本项目相互隔离，请直接换一个端口启动：","1. The port belongs to a Weline instance from a different project directory, isolated from this project. Please use a different port:"
"2. 查看占用进程：","2. Inspect the occupying process:"
"3. 或前往实际项目目录处理：","3. Or go to that project's directory to manage it:"
"端口 %{1} 已被 PHP 内置服务器占用，正在停止...","Port %{1} is already in use by the PHP built-in server, stopping it..."
"WLS 编译运行时预检失败：%{1}","WLS 编译运行时预检失败：%{1}"
"WLS 运行时策略不支持当前拓扑：%{1}","WLS 运行时策略不支持当前拓扑：%{1}"
"Direct 不会静默忽略关键策略；请修复策略能力，或显式使用 --dispatcher。","Direct 不会静默忽略关键策略；请修复策略能力，或显式使用 --dispatcher。"
"检测到旧实例仅残留 HTTP Redirect 子进程，先执行本地快速清场...","Detected that only the HTTP Redirect child process remains from the old instance, performing local quick cleanup first..."
"检测到服务器已运行，-f 强制完整重启：先停止实例再启动...","Detected that the server is already running; -f force full restart: stop the instance first, then start it..."
"注意：-f 强制切换属于停机型更新，不会自动等待请求排空；如需对外升级，请先确认维护模式已开启。滚动模式不需要。","Note: -f force switch is a downtime update and will not automatically wait for request draining; for external upgrades, please confirm maintenance mode is enabled first. Rolling mode does not require this."
"检测到服务器已运行，平滑重启：先开启维护模式并等待全部 Worker 请求排空...","检测到服务器已运行，平滑重启：先开启维护模式并等待全部 Worker 请求排空..."
"全部 READY Worker 已完成维护门禁与请求排水，开始切换...","全部 READY Worker 已完成维护门禁与请求排水，开始切换..."
"Worker基础端口: %{1}","Worker base port: %{1}"
"共享状态运行时: %{1}","Shared State Runtime: %{1}"
"共享状态运行时解析失败: %{1}","Shared State Runtime Parse Failed: %{1}"
"强制重启后主端口 %{1} 仍被占用，已中止启动，避免同名实例切换到新端口。","Main port %{1} is still occupied after force restart, startup aborted to prevent same-name instance from switching to a new port."
请先确认旧实例已完全停止，再重新执行启动命令。,"Please confirm the old instance has fully stopped before re-executing the start command."
"强制重启后主端口 %{1} 仍被占用，启动已中止。","强制重启后主端口 %{1} 仍被占用，启动已中止。"
"默认端口 %{1} 被占用（可能被宝塔/nginx 等 web 服务占用），已降级到 %{2}","Default port %{1} occupied (likely by BT Panel/nginx), downgraded to %{2}"
"主端口 %{1} 处于异常占用状态（系统返回的 PID 已失效），已自动切换到 %{2}","The main port %{1} is in an abnormally occupied state (the PID returned by the system has expired) and has been automatically switched to %{2}"
自动切换仅对未显式指定端口的异常占用生效；启动成功后会记住新端口,"Auto-switching only applies to abnormal port usage without explicit port specification; the new port will be remembered after successful startup"
"主端口 %{1} 处于异常占用状态（系统返回的 PID 已失效）","The main port %{1} is in an abnormally occupied state (the PID returned by the system has expired)"
"主端口 %{1} 被非框架进程占用","The main port %{1} is occupied by a non-framework process"
主端口是业务入口，不会自动切换以避免服务地址变化,"The main port is the business entrance and will not be automatically switched to avoid service address changes."
"1. 手动停止占用端口 %{1} 的进程","1. Manually stop the process occupying port %{1}"
"2. 或使用 -p 参数显式指定其他端口：","2. Or use the -p parameter to explicitly specify other ports:"
"3. 查看端口占用：","3. View port occupancy:"
"无法分配 Worker 端口：全局端口分配锁正被其他启动流程占用","Unable to allocate Worker port: Global port allocation lock is held by another startup process"
请稍后重试，或等待其他实例启动完成,"Please try again later, or wait for other instances to finish starting"
"强制重启前仍检测到旧实例 [%{1}] 的残留 WLS 进程或端口，已中止启动。","Old instance [%{1}] residual WLS process or port detected before force restart, startup aborted."
"必须先完成旧实例清理，禁止自动切换主端口或 Worker 端口启动第二个同名实例。","Must complete cleanup of the old instance first. Starting a second instance with the same name by automatically switching the primary port or Worker port is prohibited."
"旧实例 [%{1}] 仍有残留 WLS 进程或端口，启动已中止。","旧实例 [%{1}] 仍有残留 WLS 进程或端口，启动已中止。"
"Worker 端口段 %{1}-%{2} 存在端口冲突或系统预留，自动切换到 %{3}-%{4}","Worker port segment %{1}-%{2} There is a port conflict or system reservation, automatically switch to %{3}-%{4}"
"HTTP 重定向端口 %{1} 处于异常占用状态（系统返回的 PID 已失效）","HTTP redirection port %{1} In an abnormally occupied state (the PID returned by the system has expired)"
"HTTP 重定向端口 %{1} 被非框架进程占用","HTTP redirect port %{1} is occupied by a non-framework process"
占用进程：%{1},"Occupied Process: %{1}"
PID：%{1},PID：%{1}
命令行：%{1},"Command line: %{1}"
"WLS 不会操作未知端口 owner；本次仅禁用可选的 HTTP→HTTPS 重定向监听。","WLS 不会操作未知端口 owner；本次仅禁用可选的 HTTP→HTTPS 重定向监听。"
"提示：当前为 Nginx 直连模式，Worker 独立监听回环端口 %{1}-%{2}。","提示：当前为 Nginx 直连模式，Worker 独立监听回环端口 %{1}-%{2}。"
"Master 共享监听 FD","Master 共享监听 FD"
"提示：当前为 %{1} 直连模式，多 Worker 共用同一端口 %{2}。","提示：当前为 %{1} 直连模式，多 Worker 共用同一端口 %{2}。"
维护状态已恢复到重启前配置（端口检查未通过）。,"The pre-restart maintenance state has been restored because the port check failed."
"HTTP Redirect 端口 %{1} 已被实例 [%{2}] 占用: %{3}","HTTP Redirect port %{1} Already occupied by instance [%{2}]: %{3}"
"请先停止实例 [%{1}]，或改用非 443 主端口启动。","Please stop the instance [%{1}] first, or start using a non-443 main port."
"HTTP Redirect port %{1} is occupied by %{2}","HTTP Redirect port %{1} is occupied by %{2}"
"HTTP Redirect port %{1} could not be released; HTTP to HTTPS redirect will be disabled.","HTTP Redirect port %{1} could not be released; HTTP to HTTPS redirect will be disabled."
"Tip: start on a non-443 main port to run without a dedicated HTTP redirect worker.","Tip: start on a non-443 main port to run without a dedicated HTTP redirect worker."
"HTTP Redirect 端口 %{1} 被占用: %{2}","HTTP Redirect port %{1} is occupied: %{2}"
是否强制停用该进程以释放端口？[y/N]:,"Force stop the process to release the port? [y/N]:"
"已取消。HTTP Redirect 端口 %{1} 无法使用，将不启用 HTTP→HTTPS 重定向。","Canceled. HTTP Redirect port %{1} is unavailable, HTTP→HTTPS redirect will not be enabled."
"提示：可改用非 443 主端口启动（将不启用独立 HTTP 重定向 Worker）","Tip: You can start with a non-443 main port (the independent HTTP redirect Worker will not be enabled)."
"正在强制停用占用端口 %{1} 的进程...","Forcefully stopping the process occupying port %{1}..."
"端口 %{1} 已释放，HTTP Redirect 将正常启动","Port %{1} has been released, HTTP Redirect will start normally"
"无法释放端口 %{1}，HTTP Redirect 将不启用","Unable to release port %{1}, HTTP Redirect will not be enabled"
"WLS 启动策略激活失败：%{1}","WLS 启动策略激活失败：%{1}"
"Master 进程启动中，将管理所有 Worker 和 Dispatcher...","Master process is starting and will manage all Workers and Dispatchers..."
"新 Master 未在预期时间内就绪，已回滚到重启前的维护态，禁止在启动失败后污染持久配置。","The new Master was not ready in time. The pre-restart maintenance state was restored so a failed startup cannot pollute persistent configuration."
已恢复重启前的维护模式（保持开启）。,"The pre-restart maintenance state has been restored and remains enabled."
已清理残留维护态，恢复业务流量模式。,"Cleaned residual maintenance state, restored business traffic mode."
维护模式已关闭。,"Maintenance mode is off."
恢复重启前维护态失败：%{1},"Failed to restore the pre-restart maintenance state: %{1}"
"恢复重启前维护态失败，请检查 app/etc/env.php 写入权限。","Failed to restore the pre-restart maintenance state. Check write permissions for app/etc/env.php."
"检测到 Windows 系统代理 %{1} 已启用，浏览器访问 %{2} 可能被代理截流并报 ERR_CONNECTION_CLOSED","Detected that Windows system proxy %{1} is enabled. Browser access to %{2} may be intercepted by the proxy and report ERR_CONNECTION_CLOSED."
"建议将 %{1} 加入系统代理绕过名单（ProxyOverride）后再访问本地 WLS 域名","Suggestion: Add %{1} to the system proxy bypass list (ProxyOverride) before accessing the local WLS domain"
"启动已阻止：当前监听地址为 %{1}，且无法确定默认项目域名白名单。","Startup blocked: The current listening address is %{1}, and the default project domain whitelist cannot be determined."
"请配置 app/etc/env.php -> wls.servers.%{1}.host（推荐）或 wls.host（非 0.0.0.0）。","Please configure app/etc/env.php -> wls.servers.%{1}.host (recommended) or wls.host (not 0.0.0.0)."
后台域名池域名不需要写入此处。,"Backend domain pool domains do not need to be written here."
如果默认内网访问可忽略该提示。,"If the default intranet access works, you can ignore this prompt."
"WLS Master 进程创建失败：%{1}","WLS Master 进程创建失败：%{1}"
"Master 已启动，等待所有服务就绪...","Master started, waiting for all services to be ready..."
"服务器已在后台运行（Master PID: %{1}, 控制端口: %{2}）","Server is already running in the background (Master PID: %{1}, Control Port: %{2})"
"纯 WLS Worker 已就绪；TLS/HTTP 由 WLS 直接提供。","Pure WLS Workers are ready; WLS provides TLS/HTTP directly."
"WLS Worker 已 READY，但托管 Nginx 未通过公网协议门禁；默认 Nginx 启动失败，将回收本次实例。","WLS Workers are READY, but managed Nginx failed the public protocol gates; default Nginx startup failed and this instance will be reclaimed."
"WLS 与宿主级 WLS 2.0 Gateway 均已就绪，启动完成。","WLS 与宿主级 WLS 2.0 Gateway 均已就绪，启动完成。"
"WLS 与项目托管 Nginx 均已就绪，启动完成。","WLS 与项目托管 Nginx 均已就绪，启动完成。"
"Master 已运行，但未在 %{1} 秒内等到所有服务 READY（当前阶段：%{2}）。","Master 已运行，但未在 %{1} 秒内等到所有服务 READY（当前阶段：%{2}）。"
启动失败原因：%{1},启动失败原因：%{1}
"WLS Master 控制面启动失败。","WLS Master 控制面启动失败。"
日志目录：%{1},"Log directory: %{1}"
启动准备,"Start preparation"
启动服务,"Start service"
"Master 已退出","Master 已退出"
╔══════════════════════════════════════════════════════════════════════════════╗,╔══════════════════════════════════════════════════════════════════════════════╗
╚══════════════════════════════════════════════════════════════════════════════╝,╚══════════════════════════════════════════════════════════════════════════════╝
"Master PID: %{1}","Master PID: %{1}"
"HTTP 重定向: 端口 %{1} → HTTPS（不计入 Worker 数）","HTTP redirection: Port %{1} → HTTPS (not counted in the number of workers)"
"健康检查间隔: 5 秒","Health check interval: 5 seconds"
"按 Ctrl+C 停止服务","Press Ctrl+C to stop the service"
服务器启动失败,"Server startup failed"
"1. 停止占用端口的进程","1. Stop the process occupying the port"
"2. 或改用非 443 主端口启动（将不启用独立 HTTP 重定向 Worker）","2. Or start using a non-443 main port (independent HTTP redirection Worker will not be enabled)"
"WLS 启动失败后释放共享服务 consumer token 异常：%{1}","WLS 启动失败后释放共享服务 consumer token 异常：%{1}"
"实例 [%{1}] 已创建共享 %{2}: %{3} (port=%{4}, pid=%{5}, process=%{6})","Instance [%{1}] created shared %{2}: %{3} (port=%{4}, pid=%{5}, process=%{6})"
"实例 [%{1}] 复用共享 %{2}: %{3} (port=%{4}, pid=%{5}, process=%{6})","Instance [%{1}] reuses shared %{2}: %{3} (port=%{4}, pid=%{5}, process=%{6})"
"WLS 维护模式已确认落地：%{1}","WLS maintenance state confirmed: %{1}"
"WLS 维护模式同步失败：%{1}","WLS maintenance mode synchronization failed: %{1}"
默认值,"Default Value"
"已保存实例配置 (%{1})","Saved instance configuration (%{1})"
env.wls,env.wls
env.wls.servers.%{1},env.wls.servers.%{1}
命令行参数,"Command line arguments"
"命令行参数 --edge","命令行参数 --edge"
环境变量,环境变量
"命令行参数 --no-nginx","Command-line option --no-nginx"
"参数 --http-redirect-port/--redirect-port 已弃用并忽略。HTTP 重定向规则固定为：仅 HTTPS=443 时使用 80。","Parameter --http-redirect-port/--redirect-port is deprecated and ignored. HTTP redirect rule is fixed: use port 80 only when HTTPS=443."
"真实 Host 解析校验失败","Real Host DNS validation failed"
手动配置,"Manually configured"
"正在为 %{1} 准备 SSL 证书...","Preparing SSL certificate for %{1}..."
"检测到冷启动阶段 ACME HTTP-01 校验入口尚未就绪：已先用自签证书启动（%{1}）。","Detected that the ACME HTTP-01 verification entry is not yet ready during cold start: starting with a self-signed certificate for now (%{1})."
"自签证书生成失败，继续走公网 ACME 申请：%{1}","Self-signed certificate generation failed, proceeding with public ACME request: %{1}"
"SSL 证书已签发：%{1}（签发方：%{2}，耗时 %{3}ms）","SSL certificate issued: %{1} (Issued by: %{2}, took %{3}ms)"
"本地 CA","Local CA"
"使用已有证书：%{1}（签发方：%{2}，耗时 %{3}ms）","Using existing certificate: %{1} (Issued by: %{2}, took %{3}ms)"
使用已有证书：%{1}（签发方：%{2}）,"Using existing certificate: %{1} (Issued by: %{2})"
"SSL 证书准备失败：%{1}（耗时 %{2}ms）— %{3}","SSL certificate preparation failed: %{1} (took %{2}ms) - %{3}"
"PENDING_CERTIFICATE：%{1} 尚无可用证书；当前只允许精确 ACME HTTP-01 challenge，证书激活前不发布普通 443 路由。","PENDING_CERTIFICATE：%{1} 尚无可用证书；当前只允许精确 ACME HTTP-01 challenge，证书激活前不发布普通 443 路由。"
"TLS_CERTIFICATE_UNAVAILABLE：纯 WLS/备用入口没有 %{1} 的有效证书，已拒绝生成隐式自签名证书。","TLS_CERTIFICATE_UNAVAILABLE：纯 WLS/备用入口没有 %{1} 的有效证书，已拒绝生成隐式自签名证书。"
已有证书,已有证书
"启动已阻止：真实 Host %{1} 尚未解析到 A/AAAA 记录。请先把域名解析到当前服务器 IP 后再启动 WLS。","Startup blocked: real Host %{1} has no A/AAAA records yet. Point the domain to the current server IP before starting WLS."
"启动已阻止：无法确认当前服务器 IP，不能校验真实 Host %{1} 是否指向本机。请配置 app/etc/env.php -> wls.public_ip 后重试。","Startup blocked: cannot determine the current server IP, so real Host %{1} cannot be checked against this machine. Configure app/etc/env.php -> wls.public_ip and retry."
"启动已阻止：真实 Host %{1} 未解析到当前服务器 IP。当前解析：%{2}；本机 IP：%{3}。请先修正 DNS A/AAAA 后再启动 WLS。","Startup blocked: real Host %{1} does not resolve to the current server IP. Current DNS: %{2}; server IP: %{3}. Fix DNS A/AAAA records before starting WLS."
"检测到冷启动阶段 ACME HTTP-01 校验失败：%{1}","Detected ACME HTTP-01 verification failure during cold start: %{1}"
"已临时启用自签证书启动实例；待 Dispatcher/Worker 就绪后将自动重试正式证书申请。","Temporarily enabled self-signed certificate to start instance; will automatically retry formal certificate application once Dispatcher/Worker is ready."
"附加 Host 证书就绪：%{1}（签发方：%{2}）","Additional Host certificate ready: %{1} (Issuer: %{2})"
"附加 Host 证书准备失败：%{1} - %{2}","Additional Host certificate preparation failed: %{1} - %{2}"
"Windows server:start 默认不自动写 hosts，避免 UAC/权限弹窗阻塞启动。","Windows server:start 默认不自动写 hosts，避免 UAC/权限弹窗阻塞启动。"
请按需以管理员身份执行：,请按需以管理员身份执行：
"或手动添加到 hosts：127.0.0.1 %{1}","或手动添加到 hosts：127.0.0.1 %{1}"
"如需恢复启动时自动写 hosts，可显式设置 WLS_AUTO_WRITE_WINDOWS_HOSTS=1。","如需恢复启动时自动写 hosts，可显式设置 WLS_AUTO_WRITE_WINDOWS_HOSTS=1。"
"已将 %{1} 的 hosts 记录纠正为 127.0.0.1","Repaired hosts entry for %{1} to 127.0.0.1"
"已将 %{1} 添加到 hosts 文件","Added %{1} to hosts file"
"无法自动配置 hosts 文件（需要管理员权限）","Unable to automatically configure hosts file (requires administrator privileges)"
"请手动添加以下内容到 hosts 文件：","Please manually add the following content to the hosts file:"
"Windows hosts 文件位置：","Windows hosts file location:"
"或以管理员身份运行 PowerShell 执行：","or run PowerShell as Administrator and execute:"
"Linux/Mac 执行：","Linux/Mac execution:"
"配置 hosts 文件失败: %{1}","Failed to configure hosts file: %{1}"
"正在为本地泛域名 %{1} 准备 SSL 证书...","正在为本地泛域名 %{1} 准备 SSL 证书..."
本地泛域名证书已就绪：%{1},本地泛域名证书已就绪：%{1}
本地泛域名证书准备失败：%{1},本地泛域名证书准备失败：%{1}
"已为 %{1} 生成自签证书","Self-signed certificate generated for %{1}"
无效的实例名称：%{1}，只允许字母开头，包含字母、数字、下划线和横线,"Invalid instance name: %{1}, must start with a letter and can only contain letters, numbers, underscores, and hyphens"
内部拓扑,"Internal topology"
TLS,TLS
"TLS 会话恢复","TLS session resumption"
"跨连接/跨 Worker Reused pending","Cross-connection/cross-Worker Reused pending"
HTTP/3,HTTP/3
"不可用；需使用托管 Nginx","Unavailable; requires managed Nginx"
运行模式,"Runtime mode"
后台运行（默认）,"Backend Running (Default)"
前台运行,"Run in Foreground"
平台,Platform
配置来源,"Configuration source"
智能模式,"Smart Mode"
网关公网端点未验证,网关公网端点未验证
"WLS 私网回源","WLS private upstream"
网关状态,网关状态
"网关 epoch","网关 epoch"
"Nginx 公网端点未验证","Nginx public endpoint is unverified"
"HTTP/3 QUIC pending","HTTP/3 QUIC pending"
"shared cache/tickets；live Reused 已验证：%{1}","shared cache/tickets; live Reused verified: %{1}"
"shared cache/tickets 已配置；live Reused pending","shared cache/tickets configured; live Reused pending"
未配置或未验证,"Not configured or verified"
"检测到特权端口 %{1}，当前用户无法直接绑定。","Detected privileged port %{1}, current user cannot bind directly."
"未找到 setcap 命令，跳过 setcap 方式。","setcap command not found, skipping setcap method."
"PHP 已有 cap_net_bind_service 但绑定仍失败，可能需要重新设置。","PHP already exists cap_net_bind_service but the binding still fails and may need to be reset."
"推荐方案：通过 setcap 授权 PHP 绑定特权端口（以当前用户运行，避免 root 文件权限问题）","Recommended solution: authorize PHP to bind privileged ports via setcap (run as current user to avoid root file permission issues)"
"PHP 路径：%{1}","PHP Path: %{1}"
将执行：%{1},"Will execute: %{1}"
"是否使用 setcap 授权？[Y/n]","Use setcap authorization? [Y/n]"
"setcap 执行失败（退出码 %{1}），将回退到 sudo 方式。","setcap execution fails (exit code %{1}) and will fall back to sudo mode."
"setcap 执行成功但 getcap 未检测到 capability，可能被 SELinux/AppArmor 拦截。","setcap is executed successfully but getcap does not detect the capability and may be intercepted by SELinux/AppArmor."
"setcap 授权成功！capability 已写入 PHP 二进制，以当前用户重新启动服务...","setcap authorization successful! capability has been written into the PHP binary, restart the service as the current user..."
请手动重新执行：%{1},"Please manually re-execute: %{1}"
重启失败，退出码：%{1},"Restart failed, exit code: %{1}"
"端口 %{1} 需要 root 权限，请使用 sudo 重新执行。","Port %{1} requires root privileges, please re-run using sudo."
"回退方案：以 sudo (root) 启动。注意：root 进程生成的文件属主为 root，可能导致其他用户权限问题。","Fallback plan: Start with sudo (root). Note: Files generated by the root process will be owned by root, which may cause permission issues for other users."
将执行命令：%{1},"Will execute the command: %{1}"
"是否使用 sudo 继续？[Y/n]","Continue with sudo? [Y/n]"
已取消。你可以手动执行：%{1},"Canceled. You can manually execute: %{1}"
"端口 %{1} 需要 root 权限；passthru/proc_open 均不可用，请使用 sudo 重新执行：","Port %{1} requires root privileges; passthru/proc_open are not available, please re-run using sudo:"
"sudo 执行失败，退出码：%{1}","sudo execution failed, exit code: %{1}"
"%{1} 检测到 socket 权限问题：%{2}","%{1} detected socket permission issue: %{2}"
"端口 %{1} 绑定需要更高权限（可能由防火墙或系统安全设置引起）。","Port %{1} binding requires elevated permissions (possibly due to firewall or system security settings)."
进程函数：%{1},"Process function: %{1}"
"服务器实例 [%{1}] 已在运行中（端口 %{2}）","Server instance [%{1}] is already running (port %{2})"
如需重启该实例：,"To restart this instance:"
"或使用 -r -f 强制切换（不等待请求完成）：","or use -r -f to force switch (without waiting for requests to complete):"
如需启动另一个实例（多实例并行）：,"To start another instance (multi-instance parallel):"
"旧实例 [%{1}] 未完全停止，已中止本次启动，避免启动第二个同名实例。","Old instance [%{1}] did not fully stop; this startup has been aborted to avoid starting a second instance with the same name."
"重启交接超时：端口 %{1} 仍在监听（PID=%{2}，进程=%{3}，作用域=%{4}，状态=%{5}）","Restart handoff timed out: port %{1} is still listening (PID=%{2}, process=%{3}, scope=%{4}, state=%{5})."
"重启交接超时：scoped 进程前缀 %{1} 仍有 PID %{2}","Restart handoff timed out: scoped process prefix %{1} still has PID %{2}."
"%{1} 端口 %{2} 与旧实例 [%{3}] 运行态匹配，执行本实例残留清理...","%{1} port %{2} matches the running state of the old instance [%{3}], perform residual cleanup of this instance..."
"检查 %{1} 端口 %{2} 可用性...","Checking availability of port %{2} for %{1}..."
"%{1} 端口 %{2} 可用 ✓","%{1} port %{2} is available ✓"
"%{1} 端口 %{2} 已被占用","%{1} port %{2} is occupied"
"使用 -r 参数强制重启（仅杀框架进程），或手动停止占用该端口的进程","Use the -r parameter to force a restart (only kills the framework process), or manually stop the process occupying the port"
"%{1} 端口 %{2} 处于异常占用状态（系统返回的 PID 已失效），尝试端口级兜底清壳...","%{1} port %{2} is in an abnormally occupied state (the PID returned by the system has expired), try port-level clearing..."
"端口 %{1} 异常占用兜底清壳后仍未释放","Port %{1} was not released after abnormal occupation fallback cleanup"
"%{1} 端口 %{2} 被非框架进程占用，不予杀死","%{1} port %{2} is occupied by a non-framework process and will not be killed."
请手动停止占用该端口的进程，或更换端口,"Manually stop the process occupying this port, or change the port."
"%{1} 端口 %{2} 已被框架进程占用，强制释放...","%{1} port %{2} has been occupied by the framework process and is forcibly released..."
"端口 %{1} 经 %{2} 次仍占用，按 Master 前缀清理逃逸进程...","Port %{1} is still occupied after %{2} attempts, cleaning up escaped processes by Master prefix..."
"从 var/process 发现 %{1} 个匹配 Master，正在按前缀杀死","Found %{1} matching Masters from var/process, killing by prefix"
"已按前缀清理 %{1} 个逃逸 Master 进程","Cleaned %{1} escaped Master processes by prefix"
"无法释放 %{1} 端口 %{2}","Unable to release port %{2} on %{1}"
"检查 Worker 端口可用性...","Checking Worker port availability..."
端口检查通过,"Port check passed"
"端口 %{1} 已被占用","Port %{1} is already in use"
"端口 %{1} 处于异常占用状态（系统返回的 PID 已失效），尝试端口级兜底清壳...","Port %{1} is in an abnormal occupied state (the PID returned by the system is invalid), attempting port-level fallback cleanup..."
"端口 %{1} 被非框架进程占用，不予杀死","Port %{1} is occupied by a non-framework process, will not kill it"
"端口经 %{1} 轮仍占用，按 Master 前缀清理逃逸进程...","Port still occupied after %{1} attempts, cleaning up escaped processes by Master prefix..."
"无法释放端口 %{1}","Unable to release port %{1}"
"WLS 进程（实例 %{1}）","WLS process (instance %{1})"
"PID %{1}","PID %{1}"
未知进程,"Unknown process"
"WLS 跳过无效实例拓扑元数据并保守预留 Worker 端口：%{1}（%{2}）","WLS 跳过无效实例拓扑元数据并保守预留 Worker 端口：%{1}（%{2}）"
"字节码缓存，提升 PHP 执行速度 50%+","Bytecode cache, improves PHP execution speed by 50%+"
"原生 Socket 支持，提升网络性能","Native Socket Support for Improved Network Performance"
内存限制,"Memory limit"
执行时间限制（0=无限制）,"Execution time limit (0 = unlimited)"
"CLI 模式开启 OPCache","CLI mode turned on OPCache"
"JIT 编译器（PHP 8+）","JIT compiler (PHP 8+)"
"JIT 缓冲区大小","JIT buffer size"
"（Windows 建议不超过 CPU 核心数）","(Windows recommends not exceeding the number of CPU cores)"
"当前 Worker 数：%{1}，推荐：%{2}","Current Worker count: %{1}, recommended: %{2}"
"使用 -c %{1} 参数或在 wls.worker_count 设置","Use the -c %{1} parameter or set it in wls.worker_count"
缺少扩展：%{1},"Missing extension: %{1}"
"在 php.ini 中启用：extension=%{1}","Enable in php.ini: extension=%{1}"
函数被禁用：proc_open,"Function disabled: proc_open"
函数被禁用：pcntl_fork,"Function disabled: pcntl_fork"
"当前使用 Dispatcher；Nginx 模式 auto 与纯 WLS macOS/Linux auto 均使用 Direct","Dispatcher is active; managed Nginx auto and pure WLS macOS/Linux auto both use Direct"
"Nginx 模式由边缘直接分流到 Worker；纯 WLS Windows 固定使用单一公网 Dispatcher，macOS/Linux 使用 Direct","Managed Nginx routes directly to Workers; pure WLS uses one public Dispatcher on Windows and Direct on macOS/Linux"
"非 Windows 纯 WLS 场景可移除 --dispatcher，或配置 wls.runtime.topology = auto/direct","Outside pure WLS on Windows, remove --dispatcher or set wls.runtime.topology to auto/direct"
内存限制较低：%{1},"Memory limit is low: %{1}"
"在 php.ini 设置 memory_limit = 256M","Set memory_limit = 256M in php.ini"
"OPCache CLI 模式未启用","OPCache CLI mode is not enabled"
"启用后可提升 CLI 脚本执行速度","After enabling, CLI script execution speed will be improved"
"在 php.ini 设置 opcache.enable_cli = 1","Set opcache.enable_cli = 1 in php.ini"
"JIT 编译器未启用","JIT compiler is not enabled"
"PHP 8 JIT 可提升 CPU 密集型任务性能 2-3 倍","PHP 8 JIT can improve the performance of CPU-intensive tasks by 2-3 times"
"在 php.ini 设置 opcache.jit = tracing","Set opcache.jit = tracing in php.ini"
"未安装 event 扩展，使用 stream_select 回退方案","event extension not installed, using stream_select fallback"
"安装后将使用 libevent 事件循环；实际收益以 server:benchmark 同机对比为准","Installation enables the libevent loop; measure actual gains with same-host server:benchmark comparisons"
"Windows: 下载 php_event.dll 并在 php.ini 中添加 extension=event","Windows: Download php_event.dll and add extension=event in php.ini"
"可选：安装 ev 扩展可获得更高性能","Optional: install the ev extension for better performance"
"基于 libev，比 libevent 更轻量","Lighter weight than libevent, based on libev"
"pecl install ev","pecl install ev"
"✅ 当前配置已达最佳性能！","✅ The current configuration has reached optimal performance!"
"📊 性能优化建议","📊 Performance optimization suggestions"
"🚨 关键性能问题（强烈建议解决）：","🚨 Critical Performance Issues (Strongly Recommended to Resolve):"
"当前性能：%{1} → 优化后：%{2}","Current performance: %{1} → After optimization: %{2}"
"⚠️ 影响性能的配置：","⚠️ Configurations that affect performance:"
"💡 可选优化：","💡 Optional optimization:"
"📁 PHP 配置文件：%{1}","📁 PHP configuration file: %{1}"
"🔥 解决关键问题后，性能将提升 100-200%%！","🔥 After resolving critical issues, performance will improve by 100-200%!"
"💪 优化后，服务器性能将有质的飞跃！","💪 After optimization, server performance will see a qualitative leap!"
证书状态,证书状态
"ACME HTTP-01 入口","ACME HTTP-01 入口"
"网关 HTTP challenge 端点未验证","网关 HTTP challenge 端点未验证"
停止服务,"Stop service"
"普通 HTTPS、前后台页面与 REST 地址尚未发布；证书激活并由网关验证后才会开放 443 路由。","普通 HTTPS、前后台页面与 REST 地址尚未发布；证书激活并由网关验证后才会开放 443 路由。"
"WLS 私网回源：http://127.0.0.1:%{1}。","WLS 私网回源：http://127.0.0.1:%{1}。"
"无法生成访问地址：WLS 2.0 Gateway HTTPS 端点未验证。","无法生成访问地址：WLS 2.0 Gateway HTTPS 端点未验证。"
"无法生成访问地址：实例绑定的 Nginx HTTPS 端点未验证。","Cannot generate an access URL: the Nginx HTTPS endpoint bound to the instance is unverified."
默认外网地址,"Default External Network Address"
"纯 WLS 直接提供公网 %{1}；HTTP/3 需要托管 Nginx。","Pure WLS directly provides public %{1}; HTTP/3 requires managed Nginx."
"WLS 私网回源：http://127.0.0.1:%{1}；公网访问由宿主级 WLS 2.0 Gateway 提供。","WLS 私网回源：http://127.0.0.1:%{1}；公网访问由宿主级 WLS 2.0 Gateway 提供。"
"WLS 私网回源：%{1}；公网访问必须经过项目托管 Nginx。","WLS private upstreams: %{1}; all public access must pass through the project-managed Nginx."
测试请求,"Test Request"
压力测试,"Stress Test"
"启动 Weline 常驻内存 HTTP 服务器","Start Weline persistent HTTP server"
"启动 Weline 高性能常驻内存服务器","Start Weline high-performance persistent server"
"公网域名或展示主机；gateway/legacy 模式回源监听 127.0.0.1，wls 模式直接监听","公网域名或展示主机；gateway/legacy 模式回源监听 127.0.0.1，wls 模式直接监听"
"gateway/legacy 模式的 WLS 回源端口；wls 模式为纯 WLS HTTPS 端口","gateway/legacy 模式的 WLS 回源端口；wls 模式为纯 WLS HTTPS 端口"
"Worker 进程数（默认：auto 智能模式）","Number of Worker processes (default: auto smart mode)"
"Windows 子进程使用可见控制台窗口","Windows 子进程使用可见控制台窗口"
"运行模式：io（I/O密集）或 cpu（CPU密集）","Run mode: io (I/O intensive) or cpu (CPU intensive)"
"平滑重启：开维护模式，并在全部 READY Worker 确认请求排空后切换","平滑重启：开维护模式，并在全部 READY Worker 确认请求排空后切换"
"与 -r 同用时直接切换（停机型更新，不等待排空，建议先开启维护模式）","Switch immediately when combined with -r (downtime update; does not wait for draining; enable maintenance mode first)"
"公网 TLS 证书文件路径（默认交给 Nginx；--no-nginx 时交给纯 WLS）","Public TLS certificate path (Nginx by default; pure WLS with --no-nginx)"
"公网 TLS 私钥文件路径（默认交给 Nginx；--no-nginx 时交给纯 WLS）","Public TLS private-key path (Nginx by default; pure WLS with --no-nginx)"
"Worker 进程 PHP memory_limit（如 512M，数字按 MB 处理，-1 为不限）","Worker process PHP memory_limit (such as 512M, numbers are processed in MB, -1 is unlimited)"
"Dispatcher 进程 PHP memory_limit（默认跟随 Worker）","Dispatcher process PHP memory_limit (default follows Worker)"
"运行策略：auto/performance/stability（默认 auto）","运行策略：auto/performance/stability（默认 auto）"
"事件循环：auto/event/select（默认 auto）","事件循环：auto/event/select（默认 auto）"
"仅为 POSIX Direct 显式安装 ext-event/reuseport 依赖；Windows worker_ports 不需要编译扩展","Explicitly install ext-event/reuseport dependencies only for POSIX Direct; Windows worker_ports requires no compiled extension"
"已退役：请先单独执行 server:nginx:install；启动路径不会下载或编译","Retired: run server:nginx:install separately first; the startup path never downloads or compiles."
"WLS 2.0 边缘模式：auto/gateway/wls（默认 auto）","WLS 2.0 边缘模式：auto/gateway/wls（默认 auto）"
"兼容别名，等价于 --edge=wls","兼容别名，等价于 --edge=wls"
"兼容旧脚本：明确禁止依赖安装；当前普通启动默认已等价，不能与 --install-deps 同用","Compatibility for older scripts: explicitly forbid dependency installation. Normal startup already behaves this way, and this option cannot be combined with --install-deps."
"Supervisor：auto/true/false（默认 auto）","Supervisor：auto/true/false（默认 auto）"
"直连模式：Nginx 下 Windows 使用独立 Worker 端口；纯 WLS 仅 macOS/Linux 可用","Direct mode: Windows uses independent Worker ports behind Nginx; pure WLS Direct is available only on macOS/Linux"
"Dispatcher 模式：纯 WLS Windows auto 默认使用；其他场景可显式用于兼容/诊断","Dispatcher mode: the default for pure WLS Windows auto; it may be selected explicitly for compatibility or diagnostics elsewhere"
配置优先级,"Configuration Priority"
"命令行参数 > 已保存实例配置 > wls.servers.[name] > wls > 默认值","Command line arguments > Saved instance configuration > wls.servers.[name] > wls > Default value"
拓扑优先级,拓扑优先级
"--direct/--dispatcher > 当前实例 wls.runtime.topology > 全局 wls.runtime.topology > auto","--direct/--dispatcher > 当前实例 wls.runtime.topology > 全局 wls.runtime.topology > auto"
默认边缘,"Default edge"
"auto 加入可信 wls-edge/2 网关；无法建立时不接管未知端口 owner，自动分配 20000–29999 纯 WLS 地址","auto 加入可信 wls-edge/2 网关；无法建立时不接管未知端口 owner，自动分配 20000–29999 纯 WLS 地址"
启动副作用,"Startup side effects"
"建立网关前需要显式安装项目钉死版本 Nginx；网关复制到宿主 A/B 槽后不依赖引导项目","建立网关前需要显式安装项目钉死版本 Nginx；网关复制到宿主 A/B 槽后不依赖引导项目"
多项目支持,多项目支持
"多个项目共享宿主 80/443，并通过项目 UUID、域名冲突检查、generation 和租约隔离","多个项目共享宿主 80/443，并通过项目 UUID、域名冲突检查、generation 和租约隔离"
配置记忆,"Configuration memory"
"首次 server:start api -p 9981 会保存回源端口，之后 server:start api 自动复用","The first server:start api -p 9981 saves the upstream port; later server:start api runs reuse it automatically"
"worker_count 设为 ""auto"" 时由运行时策略按 OS/CPU/内存自动计算","worker_count 设为 ""auto"" 时由运行时策略按 OS/CPU/内存自动计算"
事件循环,"Event Loop"
"Windows Direct 使用内置 stream_select；Linux reuseport/shared_fd 与 macOS shared_fd Direct 使用预装 ext-event，缺失时停止并提示显式 --install-deps","Windows Direct uses built-in stream_select; Linux reuseport/shared_fd and macOS shared_fd Direct use preinstalled ext-event and fail with an explicit --install-deps hint when missing"
"仅当 nginx -V 证明包含 ngx_http_v3_module 时配置 QUIC/Alt-Svc；可用 verifier 必须通过 owner-bound 真实 QUIC，否则明确 pending","Configure QUIC/Alt-Svc only when nginx -V proves ngx_http_v3_module; an available verifier must pass an owner-bound live QUIC request, otherwise status remains explicitly pending."
默认拓扑,默认拓扑
"Nginx 模式所有平台 auto 均为 Direct；纯 WLS 的 macOS/Linux 为 Direct，Windows 固定 Dispatcher","Nginx auto uses Direct on every platform; pure WLS uses Direct on macOS/Linux and Dispatcher on Windows"
多进程,Multi-process
"优先级：proc_open > pcntl_fork > exec","Priority: proc_open > pcntl_fork > exec"
"gateway/legacy 由 Nginx 终结；wls 模式由纯 WLS 启用 TLS 1.3","gateway/legacy 由 Nginx 终结；wls 模式由纯 WLS 启用 TLS 1.3"
"HTTP 协议","HTTP protocols"
"Nginx 公网支持 HTTP/3（能力可用时）、HTTP/2、HTTP/1.1；纯 WLS 默认 HTTP/2 并自动回退 HTTP/1.1","Public Nginx supports HTTP/3 when available, HTTP/2, and HTTP/1.1; pure WLS defaults to HTTP/2 and automatically falls back to HTTP/1.1"
连接复用,"Connection reuse"
"两种模式均支持 Keep-Alive；HTTP/2 使用多路复用；Nginx 模式额外提供回源连接池","Both modes support Keep-Alive; HTTP/2 uses multiplexing; Nginx mode also provides an upstream connection pool"
"TLS 会话","TLS sessions"
"Nginx 会话缓存与 Ticket 需 live Reused 验收；纯 WLS 跨连接/跨 Worker Session Ticket 仍为 pending","Nginx session cache and tickets require a live Reused gate; pure WLS cross-connection/cross-Worker session tickets remain pending"
"持续监控 Worker 状态并自动恢复；Nginx 模式的公网 HTTP→HTTPS 重定向由 Nginx 负责","Continuously monitor and recover Workers; Nginx owns the public HTTP-to-HTTPS redirect in Nginx mode"
"Nginx 模式下 -p 指定 loopback 回源端口；--no-nginx 时 -p 指定纯 WLS 公网端口","With Nginx, -p selects the loopback upstream port; with --no-nginx, -p selects the pure WLS public port"
"Worker 内存","Worker memory"
"可通过 wls.worker_memory_limit 或 --worker-memory-limit 设置；wls.dispatcher_memory_limit 未设置时跟随 Worker","Can be set via wls.worker_memory_limit or --worker-memory-limit; if wls.dispatcher_memory_limit is not set, it follows the Worker"
"显式安装 Nginx","Explicitly install Nginx"
启动默认实例,"Start default instance"
强制加入共享网关,强制加入共享网关
"纯 WLS HTTPS","纯 WLS HTTPS"
启动命名实例（首次指定回源端口）,"Start a named instance (specify its upstream port the first time)"
再次启动已配置实例,"Start a configured instance again"
"Direct 模式","Direct 模式"
"Dispatcher 模式","Dispatcher 模式"
显式安装依赖后启动,"Explicitly install dependencies and start"
"Windows 可见窗口","Windows 可见窗口"
平滑重启,"Graceful restart"
强制重启（停机型更新）,"Force Restart (Shutdown Type Update)"
"指定 Nginx TLS 证书","Specify the Nginx TLS certificate"
"设置 Worker 内存","Set Worker Memory"
查看所有实例状态,"View All Instance Status"
"热重载仅在前台模式 (--no-daemon) 下生效","Hot reload only works in foreground mode (--no-daemon)."
启动热重载监控...,"Starting hot reload monitor..."
热重载已启用,"Hot Reload Enabled"
监控目录：%{1},"Monitor directory: %{1}"
"检查间隔：%{1} 秒","Check interval: %{1} seconds"
"按 Ctrl+C 停止监控...","Press Ctrl+C to stop monitoring..."
创建文件监控子进程失败,"Failed to create file monitoring child process"
"纯 WLS 模式不应进入 Nginx/网关发布阶段。","纯 WLS 模式不应进入 Nginx/网关发布阶段。"
"WLS 2.0 网关注册后主域 %{1} 未达到 ACTIVE 或受限 challenge-only：%{2}","WLS 2.0 网关注册后主域 %{1} 未达到 ACTIVE 或受限 challenge-only：%{2}"
"项目已以 PENDING_CERTIFICATE 注册到宿主级 WLS 2.0 Gateway","项目已以 PENDING_CERTIFICATE 注册到宿主级 WLS 2.0 Gateway"
"主域 %{1} 当前仅开放精确 ACME HTTP-01 challenge；普通 443 路由仍关闭。","主域 %{1} 当前仅开放精确 ACME HTTP-01 challenge；普通 443 路由仍关闭。"
"项目已注册到宿主级 WLS 2.0 Gateway","项目已注册到宿主级 WLS 2.0 Gateway"
协议：%{1}，epoch：%{2}，活动路由：%{3},协议：%{1}，epoch：%{2}，活动路由：%{3}
"运行态实例不是 Nginx-only 边缘，已拒绝发布。","The runtime instance is not a Nginx-only edge; publication was refused."
"Nginx-only 默认启动要求 wls.edge.nginx.managed=true。","Default Nginx-only startup requires wls.edge.nginx.managed=true."
"Nginx-only 默认启动要求 wls.edge.nginx.auto_start=true。","Default Nginx-only startup requires wls.edge.nginx.auto_start=true."
"托管 Nginx 启动失败：%{1}","托管 Nginx 启动失败：%{1}"
"托管 Nginx 启动成功但缺少已验证的公网端点详情。","Managed Nginx started successfully but lacks verified public endpoint details."
"托管 Nginx 未同时通过 TLS 1.3、HTTP/2 与 HTTP/1.1 真实门禁。","Managed Nginx did not pass the live TLS 1.3, HTTP/2, and HTTP/1.1 gates together."
"托管 Nginx 返回了无效的公网监听端口。","Managed Nginx returned an invalid public listen port."
"托管 Nginx 已启动","Managed Nginx started"
"边缘 HTTP %{1} → HTTPS 重定向","Edge HTTP %{1} → HTTPS redirect"
"边缘 HTTPS %{1} → WLS %{2}","Edge HTTPS %{1} → WLS %{2}"
公网已验证协议：%{1},"Verified public protocols: %{1}"
"Nginx HTTP/3 已配置并发布 Alt-Svc，但真实 QUIC 请求门禁仍为 pending。","Nginx HTTP/3 is configured and publishes Alt-Svc, but the live QUIC request gate is still pending."
"托管 Nginx 启动异常：%{1}","托管 Nginx 启动异常：%{1}"
"Weline Server 启动完成！","Weline Server Startup Completed!"
"Weline Server 启动失败","Weline Server Startup Failed"
"--edge 仅允许 auto、gateway 或 wls；legacy 只保留给已保存的 WLS 1.x 实例。","--edge 仅允许 auto、gateway 或 wls；legacy 只保留给已保存的 WLS 1.x 实例。"
证书持久层恢复失败，已跳过并继续启动：%{1},"Certificate store restore failed; skipped and continuing startup: %{1}"
"SSL 证书文件不存在：%{1}，已清理失效配置，请重新启动","The SSL certificate file does not exist: %{1}, the invalid configuration has been cleared, please restart"
"SSL 私钥文件不存在：%{1}，已清理失效配置，请重新启动","The SSL private key file does not exist: %{1}, the invalid configuration has been cleaned up, please restart"
"WLS 2.0 网关注册完成但没有 ACTIVE 路由：%{1}","WLS 2.0 网关注册完成但没有 ACTIVE 路由：%{1}"
"所有平台都由项目托管 Nginx 直接负载到 Worker：Windows 使用独立 worker_ports，Linux 自动优先 reuseport 并在能力不可用时回退 shared_fd，macOS 使用 shared_fd。","All platforms let project-managed Nginx load-balance directly to Workers: per-Worker ports on Windows, reuseport first with shared_fd fallback on Linux, and shared_fd on macOS."
"所有平台的 Auto 都选择 Direct：Windows 使用 Nginx 均衡的独立 Worker 端口，Linux 优先已验证 reuseport 并回退 shared_fd，macOS 使用 shared_fd。","Auto selects Direct on every platform: Nginx-balanced per-Worker ports on Windows, verified reuseport first with shared_fd fallback on Linux, and shared_fd on macOS."
"Linux/Mac: pecl install event && echo ""extension=event"" >> php.ini","Linux/Mac: pecl install event && echo ""extension=event"" >> php.ini"
"共享网关：已将当前项目路由置为 DRAINING；网关本身与其他项目保持运行。","共享网关：已将当前项目路由置为 DRAINING；网关本身与其他项目保持运行。"
"宿主级 WLS 2.0 Gateway 正在停止。","宿主级 WLS 2.0 Gateway 正在停止。"
"旧 Nginx 未安全停止，提升已中止：%{1}","旧 Nginx 未安全停止，提升已中止：%{1}"
确认公共端口所有权切换,确认公共端口所有权切换
"提升失败时使用冻结的 owner/upstream/server_name 快照恢复旧 Nginx。","提升失败时使用冻结的 owner/upstream/server_name 快照恢复旧 Nginx。"
升级失败,升级失败
"WLS 2.0 Gateway 已切换到候选 A/B 槽；五分钟崩溃循环将自动回滚。","WLS 2.0 Gateway 已切换到候选 A/B 槽；五分钟崩溃循环将自动回滚。"
附加项目内证书目录，可重复,附加项目内证书目录，可重复
"轮换项目身份会生成新的 UUID；请同时提供 --confirm。","轮换项目身份会生成新的 UUID；请同时提供 --confirm。"
"当前项目已授权到 WLS 2.0 宿主网关。","当前项目已授权到 WLS 2.0 宿主网关。"
"确认项目 UUID 轮换","确认项目 UUID 轮换"
"是否强制结束该进程并释放 HTTP 重定向端口 %{1}？[y/N]:","Force terminate the process and release the HTTP redirect port %{1}? [y/N]:"
"- Windows: taskkill /F /PID %{1}","- Windows: taskkill /F /PID %{1}"
"- Linux/macOS: kill -9 %{1}","- Linux/macOS: kill -9 %{1}"
"3. 或改用非 443 主端口启动（将不启用独立 HTTP 重定向 Worker）","3. Or use non-443 Start the main port (the independent HTTP redirection Worker will not be enabled)"
"正在强制结束占用端口 %{1} 的进程 (PID: %{2})...","Forcefully ending the process occupying port %{1} (PID: %{2})..."
"提示：可改用非 443 主端口启动（将不启用独立 HTTP 重定向 Worker），或手动结束 PID %{1} 后重试","Tip: You can start with a non-443 main port (the independent HTTP redirect Worker will not be enabled), or manually terminate PID %{1} and retry."
"端口 %{1} 已释放，HTTP 重定向 Worker 将正常启动","Port %{1} has been released, HTTP Redirect Worker will start normally"
"WLS TLS 引擎已退役；公网 TLS 仅由项目托管 Nginx 处理。请删除 wls.ssl.engine=%{1}。","WLS TLS engines are retired; public TLS is handled exclusively by project-managed Nginx. Remove wls.ssl.engine=%{1}."
"wls.ssl.session_cache=external 已退役；TLS Session Cache 与 Ticket 由项目托管 Nginx 处理。","wls.ssl.session_cache=external is retired; TLS Session Cache and Tickets are handled by project-managed Nginx."
"实例 [%{1}] 没有通过 Managed Nginx 进程、owner、upstream 与公网端口身份门禁。","Instance [%{1}] failed the Managed Nginx process, owner, upstream, and public-port identity gates."
"实例 [%{1}] 的 WLS 回源 health endpoint 已健康；Worker 进程索引为 %{2}/%{3}，公网压测仍需通过 Managed Nginx owner 门禁。","The WLS upstream health endpoint for instance [%{1}] is healthy; the Worker process index is %{2}/%{3}, but public benchmarking still requires the Managed Nginx owner gate."
"已归因目标缺少完整的 Managed Nginx owner 或协议运行证据，拒绝开始压测。","The attributed target lacks complete Managed Nginx owner or protocol runtime evidence; the benchmark was refused."
"已归因目标的 Managed Nginx owner 或协议策略未绑定，auto 已拒绝降级猜测。","The attributed target has no bound Managed Nginx owner or protocol policy; auto refused downgrade guessing."
"Nginx-only 模式禁止 PHP 内置 CLI 服务器；请使用项目托管 Nginx。","Nginx-only mode forbids the built-in PHP CLI server; use project-managed Nginx."
"Nginx-only 模式不执行 PHP CLI 回退；请修复 WLS 运行时依赖。","Nginx-only mode does not fall back to the PHP CLI server; repair the WLS runtime dependencies."
"Direct 不会静默切换到 Dispatcher；Linux auto 优先验证 reuseport（需要 sockets/SO_REUSEPORT），能力不可用时回退 shared_fd（需要 ext-event 与 POSIX FD/进程原语）；macOS 使用 shared_fd，Windows 使用 worker_ports。也可显式改用 --dispatcher。公网 TLS 与 HTTP 协议仅由 Nginx 提供。","Direct never silently switches to Dispatcher. Linux auto validates reuseport first (sockets/SO_REUSEPORT) and falls back to shared_fd (ext-event plus POSIX FD/process primitives) when unavailable; macOS uses shared_fd and Windows uses worker_ports. You can explicitly select --dispatcher. Public TLS and HTTP protocols are provided only by Nginx."
"Nginx 是唯一公网边缘；--no-nginx 不能产生可交付的 WLS 启动。","Nginx is the only public edge; --no-nginx cannot produce a deliverable WLS startup."
"WLS Worker 已 READY，但托管 Nginx 未通过公网协议门禁；Nginx-only 启动失败，将回收本次实例。","WLS Workers are READY, but managed Nginx failed the public protocol gate; Nginx-only startup failed and this instance will be reclaimed."
"WLS 与托管 Nginx 均已就绪，启动完成。","WLS and managed Nginx are both ready; startup is complete."
"当前显式使用 Dispatcher；所有平台 auto/direct 都由 Nginx 直接分流到 Worker","Dispatcher is explicitly enabled; on every platform, auto/direct lets Nginx balance directly to Workers"
"Windows 使用独立 Worker 回环端口，Linux 自动优先 reuseport 并回退 shared_fd，macOS 使用 shared_fd；移除 PHP 中转层可减少一次调度与复制","Windows uses per-Worker loopback ports, Linux auto prefers reuseport with shared_fd fallback, and macOS uses shared_fd; removing the PHP relay avoids one scheduling and copy hop"
"移除 --dispatcher，或配置 wls.runtime.topology = auto/direct","移除 --dispatcher，或配置 wls.runtime.topology = auto/direct"
"Nginx 公网 TLS 证书文件路径","Nginx public TLS certificate file path"
"Nginx 公网 TLS 私钥文件路径","Nginx public TLS private-key file path"
"直连模式：Windows 由 Nginx 均衡独立 Worker 端口；Linux 自动优先 reuseport 并回退 shared_fd；macOS 使用 shared_fd","Direct mode: Nginx balances independent Worker ports on Windows; Linux auto prefers reuseport with shared_fd fallback; macOS uses shared_fd"
"显式兼容/诊断拓扑；所有平台的 auto 均不启动 Dispatcher","Explicit compatibility/diagnostic topology; auto starts no Dispatcher on any platform"
Nginx-only,Nginx-only
"普通 start/reload/restart 不下载、不编译；缺少 Nginx 时失败并提示显式 server:nginx:install","Normal start/reload/restart never downloads or compiles; if Nginx is missing, it fails and prompts for explicit server:nginx:install"
多实例支持,"Multi-instance support"
"可同时运行多个命名 WLS 实例并使用不同回源端口；一个项目托管 Nginx 同一时刻只绑定一个 owner 实例","Multiple named WLS instances may run with different upstream ports; one project-managed Nginx can bind only one owner instance at a time"
"所有平台 auto 均为 Nginx 直连 Worker：Windows 使用 worker_ports，Linux 优先已验证 reuseport 并回退 shared_fd，macOS 使用 shared_fd","Auto uses Nginx-to-Worker Direct on every platform: worker_ports on Windows, verified reuseport first with shared_fd fallback on Linux, and shared_fd on macOS"
"仅由 Nginx 终结，启动门禁要求真实 TLS 1.3、ALPN HTTP/2 与 HTTP/1.1","Terminated only by Nginx; startup gates require live TLS 1.3, ALPN HTTP/2, and HTTP/1.1"
"Nginx 公网默认 HTTP/2并自动回退 HTTP/1.1；WLS 回源固定 HTTP/1.1 Keep-Alive","Nginx public traffic defaults to HTTP/2 and automatically falls back to HTTP/1.1; the WLS upstream is fixed to HTTP/1.1 Keep-Alive"
"Nginx 提供客户端 Keep-Alive、HTTP/2 多路复用与回源 Keep-Alive 连接池","Nginx provides client Keep-Alive, HTTP/2 multiplexing, and an upstream Keep-Alive connection pool"
"Nginx shared SSL session cache 与 Session Tickets 由启动和 reload 的 live Reused 证据验收","Nginx shared SSL session cache and Session Tickets are accepted by live Reused evidence during start and reload."
"持续监控 Worker 状态并自动恢复；公网 HTTP→HTTPS 重定向由 Nginx 负责","Continuously monitor Worker status and recover automatically; Nginx handles public HTTP-to-HTTPS redirects"
"-p 指定 WLS loopback 回源端口；Nginx listen_http/listen_https 是唯一公网端口","-p specifies the WLS loopback upstream port; Nginx listen_http/listen_https are the only public ports"
"SSL 状态：","SSL status:"
"已启用 (HTTPS)","Enabled (HTTPS)"
"未启用 (HTTP)","Not enabled (HTTP)"
"显式安装 WLS sockets/ext-event 运行时依赖；普通 server:start 不会执行安装","Explicitly install the WLS sockets/ext-event runtime dependencies; normal server:start never installs them"
"回加 Dispatcher","Re-add Dispatcher"
"第 %{1}/%{2} 批：Worker [%{3}] 已回加 Dispatcher","Batch %{1}/%{2}: Worker [%{3}] has rejoined Dispatcher"
"WLS 私网回源仅监听：http://127.0.0.1:%{1}；公网访问必须经过项目托管 Nginx。","The WLS private upstream listens only on http://127.0.0.1:%{1}; all public access must pass through the project-managed Nginx."
"WLS Worker 已 READY，但托管 Nginx 未通过公网协议门禁；正在回收本次实例。","WLS Workers are READY, but managed Nginx failed the public protocol gates; reclaiming this instance."
"托管 Nginx 回收失败：%{1}","Managed Nginx cleanup failed: %{1}"
"托管 Nginx 回收异常：%{1}","Managed Nginx cleanup exception: %{1}"
"Nginx-only 启动失败后的实例回收未完全收敛；请检查 server:doctor 与实例状态。","Instance cleanup after the failed Nginx-only startup did not fully converge; inspect server:doctor and the instance state."
"Nginx 模式的 WLS 回源端口；--no-nginx 时为纯 WLS 公网 HTTPS 端口","The WLS upstream port with Nginx; the pure WLS public HTTPS port with --no-nginx"
"公网域名或展示主机；Nginx 模式回源监听 127.0.0.1，--no-nginx 时由纯 WLS 直接监听","Public domain or display host; the Nginx upstream listens on 127.0.0.1, while pure WLS listens directly with --no-nginx"
"显式退化为纯 WLS：默认 HTTPS，HTTP/2 优先并自动回退 HTTP/1.1；不提供 HTTP/3","Explicitly fall back to pure WLS: HTTPS by default, HTTP/2 preferred with automatic HTTP/1.1 fallback; HTTP/3 is unavailable"
"普通 start/reload/restart 不下载、不编译；缺少 Nginx 时先执行 server:nginx:install，或使用 --no-nginx 退化","Normal start/reload/restart never downloads or compiles; if Nginx is missing, run server:nginx:install first or fall back with --no-nginx"
"纯 WLS HTTPS（不使用 Nginx）","Pure WLS HTTPS (without Nginx)"
"默认使用项目隔离 Nginx；不可用时显式传入 --no-nginx，由纯 WLS 直接提供公网入口","Use project-isolated Nginx by default; when unavailable, explicitly pass --no-nginx and let pure WLS provide the public edge"
"默认由 Nginx 终结；--no-nginx 时由纯 WLS 默认启用 TLS 1.3","Terminated by Nginx by default; with --no-nginx, pure WLS enables TLS 1.3 by default"
"公网访问由宿主级 WLS 2.0 Gateway 提供。","Public access is provided by the host-level WLS 2.0 Gateway."
"公网访问必须经过项目托管 Nginx。","All public access must pass through the project-managed Nginx."
"不支持的 WLS 面板生命周期操作：%{1}","不支持的 WLS 面板生命周期操作：%{1}"
"WLS 面板生命周期","WLS 面板生命周期"
"在后台权限与项目边界内控制 WLS 重载和重启","在后台权限与项目边界内控制 WLS 重载和重启"
后台操作员不可用,后台操作员不可用
"无权执行 WLS 面板生命周期操作","无权执行 WLS 面板生命周期操作"
WLS,WLS
不可控制,不可控制
"当前项目无法从此面板控制 WLS。","当前项目无法从此面板控制 WLS。"
未绑定实例,未绑定实例
重载,重载
"WLS 生命周期控制","WLS 生命周期控制"
"WLS 生命周期","WLS 生命周期"
"重载会滚动更新代码；重启会保持 Master 在线并重建全部工作进程。","重载会滚动更新代码；重启会保持 Master 在线并重建全部工作进程。"
"Worker 代际","Worker 代际"
"Ready Worker","Ready Worker"
重载项目,重载项目
重启工作进程,重启工作进程
打开项目面板,打开项目面板
高风险操作,高风险操作
"重启 WLS 工作进程","重启 WLS 工作进程"
"重启会保持 Master 在线，但会重建该项目的全部 Worker 与辅助服务。请确认项目和实例后继续。","重启会保持 Master 在线，但会重建该项目的全部 Worker 与辅助服务。请确认项目和实例后继续。"
输入项目名称以确认,输入项目名称以确认
输入上方项目名称,输入上方项目名称
确认重启,确认重启
"WLS 后台业务 API 尚未加载。","WLS 后台业务 API 尚未加载。"
"WLS 生命周期操作失败。","WLS 生命周期操作失败。"
正在提交项目重载…,正在提交项目重载…
正在提交项目重启…,正在提交项目重启…
"操作已提交，正在等待实例恢复到 Ready…","操作已提交，正在等待实例恢复到 Ready…"
"项目重载完成，实例已恢复到 Ready。","项目重载完成，实例已恢复到 Ready。"
"项目重启完成，Master 保持在线且工作进程已恢复到 Ready。","项目重启完成，Master 保持在线且工作进程已恢复到 Ready。"
"操作已提交，但等待 Ready 超时；请继续查看实例状态。","操作已提交，但等待 Ready 超时；请继续查看实例状态。"
输入的项目名称不匹配。,输入的项目名称不匹配。
"当前项目不支持从此面板控制 WLS。","当前项目不支持从此面板控制 WLS。"
"WLS Master 控制通道不可用。","WLS Master 控制通道不可用。"
重载中,重载中
恢复中,恢复中
"WLS 实例已就绪。","WLS 实例已就绪。"
"WLS 正在重载，请等待恢复到 Ready。","WLS 正在重载，请等待恢复到 Ready。"
"WLS 尚未完全就绪。","WLS 尚未完全就绪。"
该项目不可控制。,该项目不可控制。
"WLS Master 未运行，无法提交操作。","WLS Master 未运行，无法提交操作。"
该实例已有生命周期操作正在执行。,该实例已有生命周期操作正在执行。
项目名称确认不匹配，已取消重启。,项目名称确认不匹配，已取消重启。
该实例的生命周期操作正在提交，请稍后重试。,该实例的生命周期操作正在提交，请稍后重试。
"WLS 重启已提交；Master 保持在线，正在重建全部工作进程。","WLS 重启已提交；Master 保持在线，正在重建全部工作进程。"
"WLS 重载已提交，正在滚动更新工作进程。","WLS 重载已提交，正在滚动更新工作进程。"
"WLS 生命周期操作提交失败。","WLS 生命周期操作提交失败。"
"WLS 项目标识无效。","WLS 项目标识无效。"
托管项目不存在。,托管项目不存在。
"托管项目已停用，不能执行 WLS 生命周期操作。","托管项目已停用，不能执行 WLS 生命周期操作。"
"该项目使用独立控制面，请进入它自己的 WLS 面板执行重载或重启。","该项目使用独立控制面，请进入它自己的 WLS 面板执行重载或重启。"
"无法唯一识别该项目的 WLS 实例，请先确认实例正在运行。","无法唯一识别该项目的 WLS 实例，请先确认实例正在运行。"
"滚动排水重启：Master 保持运行，Orchestrator 分批次排水替换 Worker（默认三批）","Rolling drain restart: Master stays running; Orchestrator replaces Workers in batches (default three batches)"
"与 -r 同用时强制完整重启（停 Master，跳过排水等待）","With -r: force full restart (stop Master, skip drain wait)"
"检测到端口/拓扑/Worker/SSL 等启动参数变更，start -r 将自动切换为完整重启。","Startup args changed (port/topology/worker/SSL); start -r will perform a full generation restart."
"检测到服务器已运行，完整代际重启：先开启维护模式并等待全部 Worker 请求排空...","Server already running; full generation restart: enable maintenance and drain all Workers before switching..."
"滚动排水重启","Rolling drain restart"
"强制完整重启","Force full restart"
