证书签发完成,证书签发完成
"当 SSL 证书成功签发后触发，允许其他模块监听并处理证书签发后的逻辑，如同步 HTTPS 状态。","当 SSL 证书成功签发后触发，允许其他模块监听并处理证书签发后的逻辑，如同步 HTTPS 状态。"
证书禁用,证书禁用
"当 HTTPS 被禁用或证书失效时触发，允许其他模块监听并回退 HTTPS 状态。","当 HTTPS 被禁用或证书失效时触发，允许其他模块监听并回退 HTTPS 状态。"
证书已删除,证书已删除
"当 SSL 证书被删除时触发，允许其他模块清除关联的 HTTPS 状态、可建站状态等。","当 SSL 证书被删除时触发，允许其他模块清除关联的 HTTPS 状态、可建站状态等。"
证书更新,证书更新
"当 SSL 证书续签或更新时触发，允许其他模块监听并处理证书更新后的逻辑。","当 SSL 证书续签或更新时触发，允许其他模块监听并处理证书更新后的逻辑。"
"WLS Master 复活失败","WLS Master 复活失败"
"当 Master 进程异常退出后，子进程尝试复活三次均失败时触发；Worker 继续服务，需人工执行 server:start 或 server:restart。","当 Master 进程异常退出后，子进程尝试复活三次均失败时触发；Worker 继续服务，需人工执行 server:start 或 server:restart。"
请求域名列表,请求域名列表
"当 Server 模块需要获取可选域名列表时触发，允许其他模块（如 Websites）提供域名数据。","当 Server 模块需要获取可选域名列表时触发，允许其他模块（如 Websites）提供域名数据。"
安全规则更新,安全规则更新
"当 WLS 安全规则保存后触发，允许 CDN 模块同步边缘防护规则。","当 WLS 安全规则保存后触发，允许 CDN 模块同步边缘防护规则。"
维护模式状态查询,维护模式状态查询
"由 Framework 触发，用于查询 WLS 运行时维护模式状态。","由 Framework 触发，用于查询 WLS 运行时维护模式状态。"
维护模式状态设置,维护模式状态设置
"由 Framework 触发，用于在 WLS 运行时设置维护模式状态。","由 Framework 触发，用于在 WLS 运行时设置维护模式状态。"
"Session query provider unsupported operation: %{1}","Session query provider unsupported operation: %{1}"
"Session Query","Session Query"
"Unified shared session facade query entry","Unified shared session facade query entry"
"Read session data","Read session data"
"Write full session payload","Write full session payload"
"Destroy session","Destroy session"
"Check session exists","Check session exists"
"Touch session ttl","Touch session ttl"
"List sessions","List sessions"
"Run session gc","Run session gc"
"Persist session store","Persist session store"
"Ping session service","Ping session service"
"Get session stats","Get session stats"
"Get session runtime","Get session runtime"
"Memory query provider unsupported operation: %{1}","Memory query provider unsupported operation: %{1}"
"Memory Query","Memory Query"
"Unified shared memory facade query entry","Unified shared memory facade query entry"
"Multi get","Multi get"
"Multi set","Multi set"
"Clear namespace","Clear namespace"
"Increment value","Increment value"
"Decrement value","Decrement value"
"Append value","Append value"
"Compare and set","Compare and set"
"List namespaces","List namespaces"
"Run memory gc","Run memory gc"
"Persist memory store","Persist memory store"
"Ping memory service","Ping memory service"
"Get memory stats","Get memory stats"
"Get memory runtime","Get memory runtime"
"Server 查询器不支持的操作：%{1}","Server 查询器不支持的操作：%{1}"
"Server 查询","Server 查询"
"提供 SSL 证书申请等能力","提供 SSL 证书申请等能力"
"申请 SSL 证书","申请 SSL 证书"
域名,域名
"Webroot 路径","Webroot 路径"
联系邮箱,联系邮箱
"关联网站 ID","关联网站 ID"
"证书提供商 letsencrypt/litessl","证书提供商 letsencrypt/litessl"
"证书类型 exact|wildcard","证书类型 exact|wildcard"
"策略 single|wildcard_prefer|both","策略 single|wildcard_prefer|both"
"验证策略 auto|http01|dns01，非80端口时 auto 自动用 dns01","验证策略 auto|http01|dns01，非80端口时 auto 自动用 dns01"
"域名池 ID，DNS-01 时用于解析 DNS 账户","域名池 ID，DNS-01 时用于解析 DNS 账户"
"根域名 ID，DNS-01 时用于解析 DNS 账户","根域名 ID，DNS-01 时用于解析 DNS 账户"
"手动导入 SSL 证书（支持 PEM/PFX）","手动导入 SSL 证书（支持 PEM/PFX）"
"证书提供商标记，默认 manual","证书提供商标记，默认 manual"
"fullchain PEM 文本","fullchain PEM 文本"
"private key PEM 文本","private key PEM 文本"
"chain PEM 文本","chain PEM 文本"
"pfx/p12 文件 base64 内容","pfx/p12 文件 base64 内容"
"pfx/p12 文件密码","pfx/p12 文件密码"
"校验域名 URL 可达性及是否命中期望 IP","校验域名 URL 可达性及是否命中期望 IP"
"访问 URL，默认 https://domain/","访问 URL，默认 https://domain/"
"期望 IPv4","期望 IPv4"
"期望 IPv6","期望 IPv6"
根据主机名解析管理证书，返回安全数据,根据主机名解析管理证书，返回安全数据
主机名,主机名
"优先绑定的证书 ID","优先绑定的证书 ID"
"判断主机名是否存在 active 且未过期的管理证书","判断主机名是否存在 active 且未过期的管理证书"
判断主机名的管理证书是否健康（含覆盖与文件有效性）,判断主机名的管理证书是否健康（含覆盖与文件有效性）
获取服务器状态,获取服务器状态
启动实例,启动实例
停止实例,停止实例
重启实例,重启实例
热重载实例,热重载实例
启用维护模式,启用维护模式
禁用维护模式,禁用维护模式
获取优化指南数据,获取优化指南数据
"获取 SSL 证书列表","获取 SSL 证书列表"
"获取 SSL 证书详情","获取 SSL 证书详情"
"查询各 Worker Fiber 池统计（挂起数、配置）","查询各 Worker Fiber 池统计（挂起数、配置）"
"实例名，默认 default","实例名，默认 default"
"下发 Fiber 池配置：闲置超时与最大活跃数","下发 Fiber 池配置：闲置超时与最大活跃数"
实例名,实例名
挂起超过此秒数释放，0=不自动释放,挂起超过此秒数释放，0=不自动释放
"最大挂起 Fiber 数，0=不限制","最大挂起 Fiber 数，0=不限制"
"通知各 Worker 立即释放闲置 Fiber","通知各 Worker 立即释放闲置 Fiber"
"读取 WLS 攻击统计","读取 WLS 攻击统计"
统计天数,统计天数
"Resolve a WLS Panel managed project for plugin context","Resolve a WLS Panel managed project for plugin context"
"Managed project ID","Managed project ID"
"Managed project domain","Managed project domain"
"Read WLS performance summary for the development panel","Read WLS performance summary for the development panel"
"Read recent WLS performance requests for the development panel","Read recent WLS performance requests for the development panel"
"Read one WLS performance request detail","Read one WLS performance request detail"
"Read SessionServer and MemoryServer timing snapshots","Read SessionServer and MemoryServer timing snapshots"
"Clear short-lived WLS performance panel traces","Clear short-lived WLS performance panel traces"
"为当前后台浏览器设置 WLS 健康检查放行 Cookie","为当前后台浏览器设置 WLS 健康检查放行 Cookie"
域名不能为空,域名不能为空
"PFX 文件内容无效（Base64 解码失败）","PFX 文件内容无效（Base64 解码失败）"
"PFX/P12 解析失败，请确认文件与密码正确","PFX/P12 解析失败，请确认文件与密码正确"
"证书内容不完整，请提供 fullchain 与 private key","证书内容不完整，请提供 fullchain 与 private key"
创建检测地址失败,创建检测地址失败
"校验通过：域名已解析到期望 IP 且 URL 可达","校验通过：域名已解析到期望 IP 且 URL 可达"
"校验失败：请确认域名解析已指向本机且 URL 可访问","校验失败：请确认域名解析已指向本机且 URL 可访问"
创建检测目录失败,创建检测目录失败
创建检测文件失败,创建检测文件失败
启动命令已提交,启动命令已提交
停止命令已发送,停止命令已发送
重启命令已发送,重启命令已发送
热重载命令已发送,热重载命令已发送
"Only local/dev/test environment may write hosts entries","Only local/dev/test environment may write hosts entries"
"Domain is required","Domain is required"
"Only managed local WLS domains may be injected into local hosts","Only managed local WLS domains may be injected into local hosts"
"The requested .localhost domain resolves to loopback and does not require a hosts entry","The requested .localhost domain resolves to loopback and does not require a hosts entry"
"The requested domain is not a valid local hostname","The requested domain is not a valid local hostname"
"Only managed local wildcard domains are allowed for local wildcard certificate issuance","Only managed local wildcard domains are allowed for local wildcard certificate issuance"
"Failed to ensure the managed local wildcard certificate","Failed to ensure the managed local wildcard certificate"
维护模式已启用,维护模式已启用
维护模式已禁用,维护模式已禁用
请先登录后台,请先登录后台
"Managed project context is empty.","Managed project context is empty."
"Managed project was not found.","Managed project was not found."
"Managed project context resolved.","Managed project context resolved."
"Invalid request id","Invalid request id"
"WLS request trace loaded","WLS request trace loaded"
"WLS request trace was not found","WLS request trace was not found"
请指定域名,请指定域名
未找到证书记录,未找到证书记录
本地域名证书不允许删除,本地域名证书不允许删除
"Session 列表加载完成","Session 列表加载完成"
"缺少 Session ID","缺少 Session ID"
"Session 已销毁","Session 已销毁"
"Session 销毁失败，请稍后重试","Session 销毁失败，请稍后重试"
"Session 数据已持久化","Session 数据已持久化"
"Session 持久化失败","Session 持久化失败"
"Session 垃圾回收已执行","Session 垃圾回收已执行"
"Session 垃圾回收执行失败","Session 垃圾回收执行失败"
内存命名空间加载完成,内存命名空间加载完成
缺少命名空间参数,缺少命名空间参数
命名空间详情加载完成,命名空间详情加载完成
内存命名空间已清空,内存命名空间已清空
命名空间清理失败,命名空间清理失败
缺少命名空间或键名参数,缺少命名空间或键名参数
缓存键已删除,缓存键已删除
缓存键删除失败,缓存键删除失败
内存服务数据已持久化,内存服务数据已持久化
内存服务持久化失败,内存服务持久化失败
内存服务垃圾回收已执行,内存服务垃圾回收已执行
内存服务垃圾回收执行失败,内存服务垃圾回收执行失败
"WLS performance panel is only available in development or authorized debug mode","WLS performance panel is only available in development or authorized debug mode"
包太大：%{1},包太大：%{1}
"onMessage 错误：%{1}","onMessage 错误：%{1}"
"onClose 错误：%{1}","onClose 错误：%{1}"
"静态文件缓存: %{1} %{2}","静态文件缓存: %{1} %{2}"
请求边界清理失败，请稍后重试。,请求边界清理失败，请稍后重试。
"高性能异步常驻内存服务器，支持 HTTP/WebSocket/TCP/UDP 协议，支持多实例管理、服务器监控、攻击日志、证书管理 Hook 集成","高性能异步常驻内存服务器，支持 HTTP/WebSocket/TCP/UDP 协议，支持多实例管理、服务器监控、攻击日志、证书管理 Hook 集成"
"WLS 通知：%{1}","WLS 通知：%{1}"
"WLS 实例 [%s] Master 复活失败，已尝试 %d 次，请人工检查并执行 server:start 或 server:restart。","WLS 实例 [%s] Master 复活失败，已尝试 %d 次，请人工检查并执行 server:start 或 server:restart。"
"SSL 证书管理","SSL 证书管理"
"无效的证书 ID","无效的证书 ID"
不支持的策略字段,不支持的策略字段
证书不存在,证书不存在
策略已更新,策略已更新
请指定联系邮箱,请指定联系邮箱
"本地域名证书（localhost/127.0.0.1）不允许删除，用于后台 HTTPS 访问","本地域名证书（localhost/127.0.0.1）不允许删除，用于后台 HTTPS 访问"
后台手动删除,后台手动删除
"同步完成：未自动写入证书记录（仅在证书颁发成功并下载后入库）。当前有 %{1} 个站点域名尚无证书行，请使用「申请证书」。","同步完成：未自动写入证书记录（仅在证书颁发成功并下载后入库）。当前有 %{1} 个站点域名尚无证书行，请使用「申请证书」。"
请选择要签发证书的域名,请选择要签发证书的域名
证书签发成功,证书签发成功
证书签发失败,证书签发失败
"签发完成：成功 %{1} 个，失败 %{2} 个","签发完成：成功 %{1} 个，失败 %{2} 个"
请选择要删除的证书,请选择要删除的证书
后台批量删除,后台批量删除
证书删除失败,证书删除失败
"已删除 %{1} 个证书","已删除 %{1} 个证书"
"跳过 %{1} 个本地域名（%{2}）","跳过 %{1} 个本地域名（%{2}）"
"跳过 %{1} 个正在申请证书的域名（%{2}）","跳过 %{1} 个正在申请证书的域名（%{2}）"
"%{1} 个证书删除未完成","%{1} 个证书删除未完成"
请选择要续签的证书,请选择要续签的证书
%{1}：证书记录不存在,%{1}：证书记录不存在
%{1}：%{2},%{1}：%{2}
续签失败,续签失败
"续签完成：成功 %{1} 个，失败 %{2} 个","续签完成：成功 %{1} 个，失败 %{2} 个"
"Legacy WLS Plugin Marketplace Redirect","Legacy WLS Plugin Marketplace Redirect"
"Redirect the old WLS marketplace entry to the standalone WLS Panel marketplace.","Redirect the old WLS marketplace entry to the standalone WLS Panel marketplace."
"WLS 面板","WLS 面板"
"WLS 项目","WLS 项目"
"Nginx 公网入口","Nginx 公网入口"
"WLS 插件","WLS 插件"
"WLS 插件商城","WLS 插件商城"
"WLS 安全","WLS 安全"
"WLS 攻击日志","WLS 攻击日志"
"WLS 安全规则","WLS 安全规则"
"WLS 项目安全策略","WLS 项目安全策略"
"WLS 安全策略审计","WLS 安全策略审计"
托管项目保存失败。,托管项目保存失败。
托管项目删除失败。,托管项目删除失败。
规则版本已缺失，请刷新页面后重试。,规则版本已缺失，请刷新页面后重试。
安全规则保存失败。,安全规则保存失败。
安全规则已提交，但后置通知仍待重试。,安全规则已提交，但后置通知仍待重试。
插件能力,插件能力
托管项目已保存。,托管项目已保存。
托管项目已删除。,托管项目已删除。
安全规则已保存。,安全规则已保存。
面板插件能力已刷新。,面板插件能力已刷新。
"访问 WLS 面板","访问 WLS 面板"
"查看 WLS 面板仪表盘","查看 WLS 面板仪表盘"
"查看 WLS 面板项目","查看 WLS 面板项目"
"查看 WLS 面板托管项目","查看 WLS 面板托管项目"
"查看 WLS 面板网关","查看 WLS 面板网关"
"查看 WLS 面板插件","查看 WLS 面板插件"
"查看 WLS 面板插件页面","查看 WLS 面板插件页面"
"查看 WLS 插件商城","查看 WLS 插件商城"
"刷新 WLS 面板插件能力","刷新 WLS 面板插件能力"
"查看 WLS 安全","查看 WLS 安全"
"查看 WLS 攻击日志","查看 WLS 攻击日志"
"查看 WLS 安全规则","查看 WLS 安全规则"
"查看 WLS 项目安全策略","查看 WLS 项目安全策略"
"查看 WLS 安全策略审计","查看 WLS 安全策略审计"
"保存 WLS 面板项目","保存 WLS 面板项目"
"保存 WLS 面板托管项目","保存 WLS 面板托管项目"
"删除 WLS 面板项目","删除 WLS 面板项目"
"删除 WLS 面板托管项目","删除 WLS 面板托管项目"
"保存 WLS 安全规则","保存 WLS 安全规则"
"Weline Server 管理","Weline Server 管理"
"Session 管理","Session 管理"
内存服务管理,内存服务管理
访问被拒绝：仅允许本地请求,访问被拒绝：仅允许本地请求
实例名称不合法,实例名称不合法
"Session ID 参数不合法","Session ID 参数不合法"
"Session 详情加载完成","Session 详情加载完成"
"Session ID 不合法","Session ID 不合法"
"Session 销毁失败，请确认服务可用后重试","Session 销毁失败，请确认服务可用后重试"
"Session 持久化失败，请检查 Session 服务状态","Session 持久化失败，请检查 Session 服务状态"
命名空间参数不合法,命名空间参数不合法
"命名空间清理失败，请检查 Memory Service 状态","命名空间清理失败，请检查 Memory Service 状态"
命名空间或键名参数不合法,命名空间或键名参数不合法
"内存服务垃圾回收执行失败，请检查 Memory Service 连接状态","内存服务垃圾回收执行失败，请检查 Memory Service 连接状态"
"启动 Weline Server","启动 Weline Server"
"启动 Weline Server 实例","启动 Weline Server 实例"
"停止 Weline Server","停止 Weline Server"
"停止 Weline Server 实例","停止 Weline Server 实例"
"重启 Weline Server","重启 Weline Server"
"强制重启 Weline Server 实例","强制重启 Weline Server 实例"
"热重载 Weline Server","热重载 Weline Server"
"热重载 Weline Server 代码","热重载 Weline Server 代码"
"切换 Weline Server 维护模式","切换 Weline Server 维护模式"
"启用 Weline Server 维护模式","启用 Weline Server 维护模式"
"禁用 Weline Server 维护模式","禁用 Weline Server 维护模式"
"查看 Weline Server Session","查看 Weline Server Session"
"查看 Weline Server Session 列表","查看 Weline Server Session 列表"
"查看 Weline Server Session 详情","查看 Weline Server Session 详情"
"销毁 Weline Server Session","销毁 Weline Server Session"
"销毁指定 Weline Server Session","销毁指定 Weline Server Session"
"持久化 Weline Server Session","持久化 Weline Server Session"
"持久化 Weline Server Session 数据","持久化 Weline Server Session 数据"
"回收 Weline Server Session","回收 Weline Server Session"
"执行 Weline Server Session 垃圾回收","执行 Weline Server Session 垃圾回收"
"查看 Weline Server 内存服务","查看 Weline Server 内存服务"
"查看 Weline Server 内存命名空间","查看 Weline Server 内存命名空间"
"查看 Weline Server 内存命名空间详情","查看 Weline Server 内存命名空间详情"
"清理 Weline Server 内存命名空间","清理 Weline Server 内存命名空间"
"删除 Weline Server 内存键","删除 Weline Server 内存键"
"删除 Weline Server 内存服务键","删除 Weline Server 内存服务键"
"持久化 Weline Server 内存服务","持久化 Weline Server 内存服务"
"持久化 Weline Server 内存服务数据","持久化 Weline Server 内存服务数据"
"回收 Weline Server 内存服务","回收 Weline Server 内存服务"
"执行 Weline Server 内存服务垃圾回收","执行 Weline Server 内存服务垃圾回收"
"Weline Server 性能优化指南","Weline Server 性能优化指南"
"仅支持 AJAX 请求","仅支持 AJAX 请求"
服务器监控,服务器监控
"请先输入压测目标 URL，例如 http://127.0.0.1:9981/_wls/health。","请先输入压测目标 URL，例如 http://127.0.0.1:9981/_wls/health。"
压测完成,压测完成
压测失败,压测失败
"请传入有效的压测记录 ID。","请传入有效的压测记录 ID。"
未找到对应的压测记录。,未找到对应的压测记录。
攻击日志,攻击日志
"WLS API 文档","WLS API 文档"
健康检查,健康检查
基础健康检查,基础健康检查
"返回 Worker 基础健康状态","返回 Worker 基础健康状态"
详细健康检查,详细健康检查
"返回 Worker 详细状态信息，包括内存、请求数、连接数等","返回 Worker 详细状态信息，包括内存、请求数、连接数等"
进程管理,进程管理
优雅停止,优雅停止
"优雅停止当前 Worker 进程（仅本地访问）","优雅停止当前 Worker 进程（仅本地访问）"
热重载,热重载
触发代码热重载（仅本地访问）,触发代码热重载（仅本地访问）
状态查询,状态查询
"Dispatcher 状态","Dispatcher 状态"
"获取 Dispatcher 分流器状态（仅显式兼容/诊断拓扑）","获取 Dispatcher 分流器状态（仅显式兼容/诊断拓扑）"
"Workers 列表","Workers 列表"
"获取所有 Worker 进程列表","获取所有 Worker 进程列表"
调试工具,调试工具
请求回显,请求回显
回显请求信息，用于调试,回显请求信息，用于调试
内存缓存状态,内存缓存状态
"获取 WLS 内存缓存状态","获取 WLS 内存缓存状态"
日志清理完成,日志清理完成
安全规则,安全规则
"规则 JSON 格式不正确","规则 JSON 格式不正确"
规则数据不能为空,规则数据不能为空
安全规则已提交，但外部同步通知仍待重试。,安全规则已提交，但外部同步通知仍待重试。
安全规则已保存,安全规则已保存
保存失败：%{1},保存失败：%{1}
"WLS Fiber concurrency probe is disabled.","WLS Fiber 并发探针未启用（需 DEV、ENV_TEST 或环境变量 WLS_FIBER_CONCURRENCY_PROBE=1）。"
"WLS fiber probe: parallel clients are required; sequential PHP curl does not simulate users.","需要多路并行客户端；PHP 单进程里顺序 curl 无法模拟多用户同时访问。"
"WLS fiber probe: set env WLS_FIBER_CONCURRENCY_PROBE=1 when DEV is off.","生产或 DEV 关闭时，可设置环境变量 WLS_FIBER_CONCURRENCY_PROBE=1 以启用探针。"
"Invalid cid parameter for fiber probe.","Fiber 探针参数 cid 无效（需 8～128 位字母数字、下划线或连字符）。"
定时器间隔必须大于0,定时器间隔必须大于0
"定时器需要 pcntl 扩展或事件循环支持","定时器需要 pcntl 扩展或事件循环支持"
无效的监听地址：%{1},无效的监听地址：%{1}
"Windows 模式：单进程运行","Windows 模式：单进程运行"
"Weline Server 只能在 CLI 模式下运行","Weline Server 只能在 CLI 模式下运行"
"用法：php yourfile.php {start|stop|restart|reload|status}","用法：php yourfile.php {start|stop|restart|reload|status}"
"Fork 失败","Fork 失败"
"setsid 失败","setsid 失败"
"二次 Fork 失败","二次 Fork 失败"
"无法保存 PID 到 %{1}","无法保存 PID 到 %{1}"
高性能异步常驻内存服务器,高性能异步常驻内存服务器
守护进程模式运行，PID：%{1},守护进程模式运行，PID：%{1}
"按 Ctrl+C 停止服务器","按 Ctrl+C 停止服务器"
"警告：用户 %{1} 不存在","警告：用户 %{1} 不存在"
"警告：无法切换用户到 %{1}","警告：无法切换用户到 %{1}"
"onWorkerStart 错误：%{1}","onWorkerStart 错误：%{1}"
"无法创建 Socket：[%{1}] %{2}","无法创建 Socket：[%{1}] %{2}"
"onConnect 错误：%{1}","onConnect 错误：%{1}"
"Worker [%{1}] 退出，退出码：%{2}，正在重启...","Worker [%{1}] 退出，退出码：%{2}，正在重启..."
"onWorkerStop 错误：%{1}","onWorkerStop 错误：%{1}"
"正在停止所有 Worker...","正在停止所有 Worker..."
"Windows 不支持重载功能","Windows 不支持重载功能"
"Weline Server 未运行","Weline Server 未运行"
"Weline Server 正在运行，Master PID：%{1}","Weline Server 正在运行，Master PID：%{1}"
"Weline Server 已停止","Weline Server 已停止"
"域名 %{1} 已被其他证书记录使用（cert_id=%{2}），不能重复保存。请通过证书管理合并或删除重复记录。","域名 %{1} 已被其他证书记录使用（cert_id=%{2}），不能重复保存。请通过证书管理合并或删除重复记录。"
频率限制,频率限制
路径扫描,路径扫描
恶意特征,恶意特征
恶意UA,恶意UA
敏感路径,敏感路径
已封禁,已封禁
DDoS攻击,DDoS攻击
低,低
中,中
高,高
严重,严重
"Project name is required.",项目名称不能为空。
"Project domain is invalid.",项目域名无效。
"Project URL must start with http:// or https://.","项目 URL 必须以 http:// 或 https:// 开头。"
放行健康检查（开发模式）,放行健康检查（开发模式）
同步域名,同步域名
申请证书,申请证书
证书总数,证书总数
"HTTPS 启用","HTTPS 启用"
即将过期,即将过期
已过期,已过期
已选择,已选择
项,项
批量续签,批量续签
批量删除,批量删除
取消选择,取消选择
证书列表,证书列表
暂无证书记录,暂无证书记录
"点击""申请证书""开始为您的域名申请 SSL 证书","点击""申请证书""开始为您的域名申请 SSL 证书"
状态,状态
HTTPS,HTTPS
强制HTTPS,强制HTTPS
根域→www,根域→www
到期时间,到期时间
颁发机构,颁发机构
服务商,服务商
操作,操作
有效,有效
待申请,待申请
错误,错误
本地,本地
"剩余 %{1} 天","剩余 %{1} 天"
自签证书,自签证书
申请,申请
续签,续签
删除,删除
使用说明,使用说明
命令行操作,命令行操作
查看证书状态,查看证书状态
申请新证书,申请新证书
续签到期证书,续签到期证书
同步网站域名,同步网站域名
证书存储位置,证书存储位置
证书文件存储在：,证书文件存储在：
证书链,证书链
私钥,私钥
中间证书,中间证书
请确保域名已正确解析到本服务器,请确保域名已正确解析到本服务器
证书提供商,证书提供商
LiteSSL,LiteSSL
取消,取消
请重启服务器使配置生效,请重启服务器使配置生效
请重启或热重载服务器使策略生效,请重启或热重载服务器使策略生效
确定要为此域名申请证书吗？,确定要为此域名申请证书吗？
请输入联系邮箱,请输入联系邮箱
正在申请证书，请稍候...,正在申请证书，请稍候...
确定要续签此证书吗？,确定要续签此证书吗？
正在续签证书，请稍候...,正在续签证书，请稍候...
确定要删除此证书吗？此操作不可恢复！,确定要删除此证书吗？此操作不可恢复！
请输入联系邮箱（用于申请证书）,请输入联系邮箱（用于申请证书）
所选证书均为本地域名证书，不允许删除,所选证书均为本地域名证书，不允许删除
请先选择要删除的证书,请先选择要删除的证书
确定要删除选中的,确定要删除选中的
个证书吗？此操作不可恢复！,个证书吗？此操作不可恢复！
（本地域名证书将被自动跳过）,（本地域名证书将被自动跳过）
正在批量删除，请稍候...,正在批量删除，请稍候...
请先选择要续签的证书,请先选择要续签的证书
确定要批量续签选中的,确定要批量续签选中的
个证书吗？,个证书吗？
正在批量续签，请稍候...,正在批量续签，请稍候...
加载中...,加载中...
正在加载优化指南...,正在加载优化指南...
加载失败,加载失败
重试,重试
未知错误,未知错误
"基于您当前的 PHP 环境自动生成的优化建议","基于您当前的 PHP 环境自动生成的优化建议"
生成时间,生成时间
操作系统,操作系统
本地访问,本地访问
"您的 PHP 环境","您的 PHP 环境"
"PHP 版本","PHP 版本"
"PHP 可执行文件","PHP 可执行文件"
"php.ini 配置文件","php.ini 配置文件"
扩展目录,扩展目录
线程安全模式,线程安全模式
"下载扩展时选择 TS 版本","下载扩展时选择 TS 版本"
"下载扩展时选择 NTS 版本","下载扩展时选择 NTS 版本"
优化概览,优化概览
已优化,已优化
待优化,待优化
当前加成,当前加成
潜在提升,潜在提升
未优化时：,未优化时：
优化后：,优化后：
此优化项已配置完成！,此优化项已配置完成！
完成后重启服务器,完成后重启服务器
完成以上优化后，需要重启服务器使配置生效：,完成以上优化后，需要重启服务器使配置生效：
复制命令,复制命令
验证优化结果,验证优化结果
重启后可以运行压力测试查看性能提升：,重启后可以运行压力测试查看性能提升：
安装步骤,安装步骤
文件位置：,文件位置：
添加内容：,添加内容：
复制,复制
执行命令：,执行命令：
选择您的系统：,选择您的系统：
打开下载页面,打开下载页面
已复制到剪贴板,已复制到剪贴板
正在加载服务器状态...,正在加载服务器状态...
"Session 全部字段","Session 全部字段"
关闭,关闭
字段,字段
类型,类型
值,值
"该 Session 暂无数据或已过期","该 Session 暂无数据或已过期"
当前页面已聚焦到内存服务管理，仅展示内存缓存相关管理能力。,当前页面已聚焦到内存服务管理，仅展示内存缓存相关管理能力。
"当前页面已聚焦到 Session 管理，仅展示会话相关管理能力。","当前页面已聚焦到 Session 管理，仅展示会话相关管理能力。"
返回实例管理,返回实例管理
服务器状态,服务器状态
刷新,刷新
优化指南,优化指南
运行中,运行中
实例总数,实例总数
优化项,优化项
"PHP 环境","PHP 环境"
"PHP 路径","PHP 路径"
配置文件,配置文件
线程安全,线程安全
服务器实例,服务器实例
启动新实例,启动新实例
暂无服务器实例,暂无服务器实例
运行,运行
启动服务器,启动服务器
实例名称,实例名称
监听地址,监听地址
端口范围,端口范围
"Worker 数","Worker 数"
已停止,已停止
服务器操作,服务器操作
重启,重启
停止,停止
维护,维护
退出维护,退出维护
启动,启动
性能优化,性能优化
可优化,可优化
已最优,已最优
已安装,已安装
查看安装指南,查看安装指南
已连接,已连接
不可用,不可用
共享状态管理,共享状态管理
"覆盖 Session 与 Memory Service 的状态、检索、清理能力","覆盖 Session 与 Memory Service 的状态、检索、清理能力"
"Session 数","Session 数"
客户端,客户端
内存,内存
刷新列表,刷新列表
立即持久化,立即持久化
"GC 清理","GC 清理"
"Session ID","Session ID"
字段数,字段数
预览,预览
"点击「查看详情」可查看该 Session 的全部字段信息","点击「查看详情」可查看该 Session 的全部字段信息"
"点击“刷新列表”加载 Session 数据","点击“刷新列表”加载 Session 数据"
内存缓存管理,内存缓存管理
命名空间,命名空间
刷新命名空间,刷新命名空间
键数量,键数量
示例键,示例键
点击“刷新命名空间”加载缓存目录,点击“刷新命名空间”加载缓存目录
键,键
预览值,预览值
点击命名空间的“查看键”按钮加载详情,点击命名空间的“查看键”按钮加载详情
"暂无 Session 数据","暂无 Session 数据"
查看全部字段,查看全部字段
查看详情,查看详情
销毁,销毁
加载失败：,加载失败：
"确认销毁该 Session 吗？此操作会让对应用户立即失效。","确认销毁该 Session 吗？此操作会让对应用户立即失效。"
"销毁 Session","销毁 Session"
确认销毁,确认销毁
操作失败,操作失败
销毁失败,销毁失败
"Session 持久化成功","Session 持久化成功"
"Session 垃圾回收","Session 垃圾回收"
"请输入最大存活秒数（默认 3600）","请输入最大存活秒数（默认 3600）"
"Session GC 执行成功","Session GC 执行成功"
"Session GC 执行失败","Session GC 执行失败"
暂无内存命名空间,暂无内存命名空间
暂无可展示键数据,暂无可展示键数据
查看键,查看键
清空,清空
该命名空间暂无键,该命名空间暂无键
删除键,删除键
敏感,敏感
元素,元素
确认清空该命名空间的所有缓存键吗？,确认清空该命名空间的所有缓存键吗？
清空命名空间,清空命名空间
确认清空,确认清空
命名空间已清空,命名空间已清空
清空失败,清空失败
删除失败,删除失败
内存服务持久化成功,内存服务持久化成功
内存服务垃圾回收,内存服务垃圾回收
"内存服务 GC 执行成功","内存服务 GC 执行成功"
"内存服务 GC 执行失败","内存服务 GC 执行失败"
正在启动...,正在启动...
启动成功,启动成功
启动失败,启动失败
正在停止...,正在停止...
停止成功,停止成功
停止失败,停止失败
正在重启...,正在重启...
重启成功,重启成功
重启失败,重启失败
正在热重载...,正在热重载...
热重载命令发送失败,热重载命令发送失败
热重载失败：请检查网络连接后重试。,热重载失败：请检查网络连接后重试。
确认执行该操作吗？此操作会影响流量接入状态。,确认执行该操作吗？此操作会影响流量接入状态。
确认,确认
成功,成功
失败,失败
失败：请检查网络连接后重试。,失败：请检查网络连接后重试。
"请输入 Worker 数量（留空将使用默认值）","请输入 Worker 数量（留空将使用默认值）"
例如：4,例如：4
正在启动新实例...,正在启动新实例...
启动命令已发送，请稍后刷新状态。,启动命令已发送，请稍后刷新状态。
启动失败：请检查网络连接后重试。,启动失败：请检查网络连接后重试。
增量刷新,增量刷新
全量兜底,全量兜底
全量刷新,全量刷新
无路由模块,无路由模块
未知,未知
线上应用商城,线上应用商城
本地应用商城,本地应用商城
已配置应用商城,已配置应用商城
未知应用商城,未知应用商城
插件商城,插件商城
安全,安全
项目安全策略,项目安全策略
策略审计,策略审计
项目,项目
仪表盘,仪表盘
暗色,暗色
亮色,亮色
概览,概览
规则,规则
项目策略,项目策略
商城,商城
"公网入口固定为项目隔离 Nginx；WLS 仅提供 127.0.0.1 明文 HTTP/1.1 回源","公网入口固定为项目隔离 Nginx；WLS 仅提供 127.0.0.1 明文 HTTP/1.1 回源"
"公网协议所有者：Nginx；WLS 仅提供内部 HTTP/1.1 回源。","公网协议所有者：Nginx；WLS 仅提供内部 HTTP/1.1 回源。"
"WLS 运行时","WLS 运行时"
工作进程、会话、内存服务,工作进程、会话、内存服务
"%{1} 个运行中，%{2} 个工作进程","%{1} 个运行中，%{2} 个工作进程"
攻击规则和防护日志,攻击规则和防护日志
"7 天内拦截 %{1} 次","7 天内拦截 %{1} 次"
"SSL 证书","SSL 证书"
证书和域名绑定,证书和域名绑定
就绪,就绪
"WLS 面板导航","WLS 面板导航"
"WLS 独立后台","WLS 独立后台"
"%{1} 二级菜单","%{1} 二级菜单"
插件面板,插件面板
"展开或收起 %{1} 菜单","展开或收起 %{1} 菜单"
插件二级菜单,插件二级菜单
关闭菜单,关闭菜单
打开菜单,打开菜单
独立服务器面板,独立服务器面板
切换主题,切换主题
项目后台,项目后台
返回框架后台,返回框架后台
面板操作结果,面板操作结果
面板操作警告,面板操作警告
应用商城端点,应用商城端点
商城端点,商城端点
"本地开发使用 https://app.weline.test:9523；部署测试从 deploy current.json 读取并使用 https://app.aiweline.com。","本地开发使用 https://app.weline.test:9523；部署测试从 deploy current.json 读取并使用 https://app.aiweline.com。"
来源,来源
插件刷新摘要,插件刷新摘要
能力重载,能力重载
面板插件刷新结果,面板插件刷新结果
路由已刷新,路由已刷新
路由未变化,路由未变化
注册模式,注册模式
注册模块,注册模块
路由模块,路由模块
面板菜单项,面板菜单项
商城控制区,商城控制区
"WLS 插件来源","WLS 插件来源"
"按 WLS 模块标签过滤应用商城","按 WLS 模块标签过滤应用商城"
"插件安装会打开带有 %{1} 和后台面过滤条件的应用商城。模块声明 WLS 面板能力元数据后，会出现在下方已安装列表中。","插件安装会打开带有 %{1} 和后台面过滤条件的应用商城。模块声明 WLS 面板能力元数据后，会出现在下方已安装列表中。"
已安装：%{1},已安装：%{1}
打开应用商城,打开应用商城
已安装应用,已安装应用
刷新面板插件,刷新面板插件
面板能力,面板能力
已安装面板插件,已安装面板插件
"已安装 %{1} 个","已安装 %{1} 个"
已安装插件发现失败：%{1},已安装插件发现失败：%{1}
"还没有安装 WLS 插件。","还没有安装 WLS 插件。"
"安装带有 module:wls 标签的模块即可扩展这个独立面板。","安装带有 module:wls 标签的模块即可扩展这个独立面板。"
插件,插件
模块,模块
标签,标签
面板入口,面板入口
无标签,无标签
未声明,未声明
打开面板,打开面板
无面板入口,无面板入口
未选择插件页面。,未选择插件页面。
"请从侧边栏选择插件能力；安装 WLS 模块后可刷新面板插件。","请从侧边栏选择插件能力；安装 WLS 模块后可刷新面板插件。"
安全概览,安全概览
防护,防护
高级规则,高级规则
安全数据警告,安全数据警告
"7 天事件","7 天事件"
"7 天拦截","7 天拦截"
"7 天严重","7 天严重"
"已拦截 IP","已拦截 IP"
项目安全下钻,项目安全下钻
"每个托管项目会展示最近 7 天攻击态势，点击后可进入过滤后的日志。","每个托管项目会展示最近 7 天攻击态势，点击后可进入过滤后的日志。"
"7 天范围","7 天范围"
未找到项目安全范围。,未找到项目安全范围。
添加托管项目或网关域名后，即可比较项目级攻击态势。,添加托管项目或网关域名后，即可比较项目级攻击态势。
全部托管项目,全部托管项目
无攻击,无攻击
近期无事件,近期无事件
无事件,无事件
事件,事件
拦截,拦截
主要类型,主要类型
最近事件,最近事件
"最近 IP","最近 IP"
查看日志,查看日志
编辑策略,编辑策略
为单个托管域名覆盖部分防护规则，其余规则继续使用公共兜底配置。,为单个托管域名覆盖部分防护规则，其余规则继续使用公共兜底配置。
自定义策略,自定义策略
全局兜底,全局兜底
请选择一个项目来编辑策略。,请选择一个项目来编辑策略。
可在项目卡片点击编辑策略，或在日志过滤器中选择明确的项目范围。,可在项目卡片点击编辑策略，或在日志过滤器中选择明确的项目范围。
更新时间,更新时间
未保存,未保存
启用项目覆盖,启用项目覆盖
策略继承图,策略继承图
保存前对比公共规则和当前项目策略。,保存前对比公共规则和当前项目策略。
继承,继承
暂无继承详情。,暂无继承详情。
请选择项目策略，对比公共规则和项目级规则值。,请选择项目策略，对比公共规则和项目级规则值。
全局值,全局值
项目生效值,项目生效值
启用规则,启用规则
窗口秒数,窗口秒数
最大请求数,最大请求数
封禁秒数,封禁秒数
路径频率限制,路径频率限制
指定路径前缀可以覆盖全局频率限制。清空路径可移除该行，填写空白行可新增规则。,指定路径前缀可以覆盖全局频率限制。清空路径可移除该行，填写空白行可新增规则。
已启用,已启用
路径前缀,路径前缀
唯一路径数,唯一路径数
"SSL 握手","SSL 握手"
最大失败次数,最大失败次数
快速关闭阈值,快速关闭阈值
未知路由封禁,未知路由封禁
仅峰值模式,仅峰值模式
连续次数,连续次数
"IP 白名单","IP 白名单"
"白名单 IP","白名单 IP"
每行一个条目,每行一个条目
受保护路径,受保护路径
路径,路径
保存项目策略,保存项目策略
移除自定义策略,移除自定义策略
安全策略审计,安全策略审计
近期策略变更会记录到面板审计列表，但不会保存完整规则内容。,近期策略变更会记录到面板审计列表，但不会保存完整规则内容。
最近变更,最近变更
审计动作,审计动作
全部动作,全部动作
公共规则已保存,公共规则已保存
项目策略已保存,项目策略已保存
项目策略已移除,项目策略已移除
"规则 JSON 已保存","规则 JSON 已保存"
审计来源,审计来源
全部来源,全部来源
可视化编辑器,可视化编辑器
项目策略编辑器,项目策略编辑器
"高级 JSON","高级 JSON"
审计域名,审计域名
"使用 * 表示全部域名","使用 * 表示全部域名"
变更区域,变更区域
任意区域,任意区域
搜索审计,搜索审计
动作、来源、域名或区域,动作、来源、域名或区域
审计数量,审计数量
应用审计过滤,应用审计过滤
重置审计,重置审计
还没有策略变更记录。,还没有策略变更记录。
保存公共规则或项目策略后，会在这里生成审计记录。,保存公共规则或项目策略后，会在这里生成审计记录。
未知时间,未知时间
范围,范围
全部,全部
全局规则,全局规则
项目标签,项目标签
变更,变更
已变更规则区域,已变更规则区域
公共规则编辑器,公共规则编辑器
"可视化字段会更新公共 AttackDetector 规则键，再保存合并后的 JSON。","可视化字段会更新公共 AttackDetector 规则键，再保存合并后的 JSON。"
AttackDetector,AttackDetector
最大唯一路径数,最大唯一路径数
受保护路径列表,受保护路径列表
没有待保存的规则变更。,没有待保存的规则变更。
"规则 JSON 无效，无法预览。","规则 JSON 无效，无法预览。"
"%{1} 项待保存变更","%{1} 项待保存变更"
变更前,变更前
变更后,变更后
规则变更预览,规则变更预览
"预览会显示保存合并 JSON 前，可视化字段将覆盖哪些内容。","预览会显示保存合并 JSON 前，可视化字段将覆盖哪些内容。"
修改可视化字段后，这里会显示受影响的规则键。,修改可视化字段后，这里会显示受影响的规则键。
"合并后的规则 JSON","合并后的规则 JSON"
"高级 JSON 仍然可用；保存时可视化字段会覆盖匹配的公共规则键。","高级 JSON 仍然可用；保存时可视化字段会覆盖匹配的公共规则键。"
保存安全规则,保存安全规则
安全规则摘要,安全规则摘要
规则摘要,规则摘要
"快速查看最重要的 WLS 防护开关。","快速查看最重要的 WLS 防护开关。"
已停用,已停用
最近攻击事件,最近攻击事件
最近攻击日志,最近攻击日志
打开完整日志,打开完整日志
项目范围,项目范围
实例,实例
全部实例,全部实例
IP,IP
严重级别,严重级别
全部严重级别,全部严重级别
攻击类型,攻击类型
全部类型,全部类型
拦截状态,拦截状态
全部事件,全部事件
仅拦截,仅拦截
仅观察,仅观察
每页数量,每页数量
应用过滤,应用过滤
重置,重置
未找到攻击事件。,未找到攻击事件。
"WLS 检查流量后，会在这里列出最近的 AttackDetector 事件。","WLS 检查流量后，会在这里列出最近的 AttackDetector 事件。"
已拦截,已拦截
已观察,已观察
"正在显示 %{2} 条攻击日志中的 %{1} 条","正在显示 %{2} 条攻击日志中的 %{1} 条"
攻击日志分页,攻击日志分页
上一页,上一页
"第 %{1} 页，共 %{2} 页","第 %{1} 页，共 %{2} 页"
下一页,下一页
面板摘要,面板摘要
托管项目,托管项目
安全事件,安全事件
仪表盘数据警告,仪表盘数据警告
部分仪表盘数据加载失败。,部分仪表盘数据加载失败。
面板插件,面板插件
运维能力中心,运维能力中心
"%{1} installed","已安装 %{1} 个"
"%{1} required","缺少 %{1} 个"
"打开 WLS 商城","打开 WLS 商城"
运维能力发现警告：%{1},运维能力发现警告：%{1}
还没有定义运维能力。,还没有定义运维能力。
"WLS 会在这里显示 PHP、数据库、文件管理和部署插件槽位。","WLS 会在这里显示 PHP、数据库、文件管理和部署插件槽位。"
能力,能力
必要信号,必要信号
"尚未声明 WLS 面板页面。","尚未声明 WLS 面板页面。"
"在 WLS 面板外壳内打开。","在 WLS 面板外壳内打开。"
安装插件,安装插件
"应用商城会带上预填的 WLS 标签打开。","应用商城会带上预填的 WLS 标签打开。"
插件菜单,插件菜单
"WLS 面板插件入口","WLS 面板插件入口"
管理插件,管理插件
插件贡献发现警告：%{1},插件贡献发现警告：%{1}
还没有插件面板入口。,还没有插件面板入口。
"已安装的 WLS 插件可以在模块 meta 中声明 wls_panel.menu 入口，用来扩展这个独立面板。","已安装的 WLS 插件可以在模块 meta 中声明 wls_panel.menu 入口，用来扩展这个独立面板。"
插件入口,插件入口
二级菜单,二级菜单
"该已安装插件声明了 WLS 面板菜单入口。","该已安装插件声明了 WLS 面板菜单入口。"
"由 %{1} 提供","由 %{1} 提供"
未声明二级菜单,未声明二级菜单
插件页面,插件页面
"+%{1} more","+%{1} more"
打开,打开
"使用 WLS 侧边栏菜单和原生外壳。","使用 WLS 侧边栏菜单和原生外壳。"
未声明面板入口,未声明面板入口
运维,运维
公网协议,公网协议
"Nginx 是唯一公网边缘，不能跳过其启动。","Nginx 是唯一公网边缘，不能跳过其启动。"
项目切换,项目切换
"托管 WLS 项目","托管 WLS 项目"
新建项目,新建项目
编辑托管项目,编辑托管项目
新增托管项目,新增托管项目
清除编辑,清除编辑
项目名称,项目名称
"项目后台 URL","项目后台 URL"
"子 WLS 面板 URL","子 WLS 面板 URL"
项目路径,项目路径
"PHP 档案","PHP 档案"
数据库档案,数据库档案
启用,启用
停用,停用
描述,描述
保存项目,保存项目
项目运维,项目运维
项目配置中心,项目配置中心
"%{1} projects","%{1} 个项目"
"%{1} plugin slots ready","%{1} 个插件槽位就绪"
需要检查,需要检查
"%{1} 个项目已就绪","%{1} 个项目已就绪"
"%{1} / %{2} operation slots ready","%{1} / %{2} 个操作位就绪"
就绪状态,就绪状态
上下文,上下文
快捷入口,快捷入口
本地上下文,本地上下文
暂无就绪状态数据,暂无就绪状态数据
安全上下文,安全上下文
路径就绪,路径就绪
路径缺失,路径缺失
后台,后台
面板,面板
策略,策略
"没有匹配的 WLS 实例。","没有匹配的 WLS 实例。"
"正在显示第 %{1}-%{2} 条，共 %{3} 个实例","正在显示第 %{1}-%{2} 条，共 %{3} 个实例"
"WLS 实例列表工具","WLS 实例列表工具"
"搜索 WLS 实例","搜索 WLS 实例"
搜索名称、域名、路径或状态,搜索名称、域名、路径或状态
每页行数,每页行数
可编辑运行时档案,可编辑运行时档案
点击配置档案,点击配置档案
托管,托管
详情,详情
数据库,数据库
PHP,PHP
"PHP 配置","PHP 配置"
数据库配置,数据库配置
文件,文件
部署,部署
编辑,编辑
"运行中 Workers","运行中 Workers"
总连接数,总连接数
总请求数,总请求数
攻击拦截,攻击拦截
进程状态,进程状态
管理,管理
"Master 进程","Master 进程"
主控进程,主控进程
"Dispatcher 进程","Dispatcher 进程"
分流器（Windows）,分流器（Windows）
未启用,未启用
"Worker 进程列表","Worker 进程列表"
"暂无 Worker 状态数据","暂无 Worker 状态数据"
"启动 WLS 服务器后将自动收集状态","启动 WLS 服务器后将自动收集状态"
端口,端口
连接,连接
请求,请求
进程明细（实时）,进程明细（实时）
"来自 Orchestrator + Worker Health","来自 Orchestrator + Worker Health"
角色,角色
PID,PID
运行时长,运行时长
连接/活跃,连接/活跃
Fiber,Fiber
总请求,总请求
心跳,心跳
等待状态刷新...,等待状态刷新...
进程状态记录（最近）,进程状态记录（最近）
"日志保留默认 7 天","日志保留默认 7 天"
时间,时间
进程ID,进程ID
活跃请求,活跃请求
最后错误,最后错误
"Master API 接口","Master API 接口"
完整文档,完整文档
接口,接口
方法,方法
说明,说明
攻击统计,攻击统计
近7天,近7天
暂无攻击记录,暂无攻击记录
总攻击次数,总攻击次数
"CDN 通知","CDN 通知"
按类型分布,按类型分布
按严重程度,按严重程度
"Top 攻击 IP","Top 攻击 IP"
流量与压测,流量与压测
"Host 分组流量（最近5分钟）","Host 分组流量（最近5分钟）"
Host,Host
平均延迟(ms),平均延迟(ms)
暂无流量数据,暂无流量数据
"压测目标 URL，例如 http://127.0.0.1:9981/_wls/health","压测目标 URL，例如 http://127.0.0.1:9981/_wls/health"
开始压测,开始压测
"输入参数：目标 URL / 并发 / 请求数","输入参数：目标 URL / 并发 / 请求数"
暂无压测结果,暂无压测结果
前往服务器管理执行重启/热重载,前往服务器管理执行重启/热重载
快速操作,快速操作
服务器管理,服务器管理
"API 文档","API 文档"
清理过期日志,清理过期日志
暂无进程明细数据,暂无进程明细数据
"展开 Fiber 列表","展开 Fiber 列表"
闲,闲
忙,忙
"无 Fiber","无 Fiber"
"连接 ID","连接 ID"
协议,协议
暂无状态日志,暂无状态日志
"请先输入压测目标 URL。","请先输入压测目标 URL。"
压测执行中，请稍候...,压测执行中，请稍候...
压测失败：请检查网络连接后重试。,压测失败：请检查网络连接后重试。
"确定要清理过期日志吗？状态日志保留 7 天，攻击日志保留 30 天。","确定要清理过期日志吗？状态日志保留 7 天，攻击日志保留 30 天。"
确认清理,确认清理
正在清理...,正在清理...
清理失败,清理失败
"WLS 安全规则可视化配置","WLS 安全规则可视化配置"
"类似 Cloudflare 规则面板：开关、阈值、列表可直接编辑，保存后自动下发运行中 WLS。","类似 Cloudflare 规则面板：开关、阈值、列表可直接编辑，保存后自动下发运行中 WLS。"
全局限流（rate_limit）,全局限流（rate_limit）
窗口(秒),窗口(秒)
封禁时长(秒),封禁时长(秒)
路径扫描（path_scan）,路径扫描（path_scan）
最大不同路径,最大不同路径
"SSL 握手失败（ssl_handshake_failure）","SSL 握手失败（ssl_handshake_failure）"
最大失败数,最大失败数
快速关闭阈值(秒),快速关闭阈值(秒)
路径级限流（path_rate_limits）,路径级限流（path_rate_limits）
新增路径规则,新增路径规则
最大请求,最大请求
封禁(秒),封禁(秒)
白名单（ip_whitelist）,白名单（ip_whitelist）
"新增 IP/CIDR","新增 IP/CIDR"
"CDN 信任 IP（cdn_trusted_ips）","CDN 信任 IP（cdn_trusted_ips）"
恶意特征（malicious_patterns）,恶意特征（malicious_patterns）
新增正则,新增正则
"恶意 UA（bad_user_agents）","恶意 UA（bad_user_agents）"
"新增 UA 正则","新增 UA 正则"
敏感路径（protected_paths）,敏感路径（protected_paths）
新增敏感路径,新增敏感路径
"规则 JSON 预览（只读）","规则 JSON 预览（只读）"
用于审查最终将提交的数据,用于审查最终将提交的数据
保存规则,保存规则
重载页面数据,重载页面数据
规则数据解析失败，已回退默认值：%{1},规则数据解析失败，已回退默认值：%{1}
保存失败,保存失败
请求失败：%{1},请求失败：%{1}
概述,概述
"WLS (Weline Server) 提供了一系列内部 API 接口，用于健康检查、进程管理和调试。","WLS (Weline Server) 提供了一系列内部 API 接口，用于健康检查、进程管理和调试。"
安全提示,安全提示
"以下接口仅允许本地访问（127.0.0.1 或 ::1），外部访问会返回 403 错误。","以下接口仅允许本地访问（127.0.0.1 或 ::1），外部访问会返回 403 错误。"
响应示例,响应示例
使用示例,使用示例
"cURL 示例","cURL 示例"
详细状态,详细状态
触发热重载,触发热重载
"PHP 示例","PHP 示例"
"检查 WLS 是否运行","检查 WLS 是否运行"
攻击IP数,攻击IP数
CDN通知,CDN通知
攻击日志列表,攻击日志列表
"共 %{1} 条","共 %{1} 条"
URI,URI
严重程度,严重程度
未拦截,未拦截
缓存清理未返回可等待的操作编号。,缓存清理未返回可等待的操作编号。
"等待 WLS Worker 清理缓存超时。","等待 WLS Worker 清理缓存超时。"
"WLS Worker 未全部完成缓存清理。","WLS Worker 未全部完成缓存清理。"
缓存命名空间失效发布器已禁用。,缓存命名空间失效发布器已禁用。
缓存命名空间失效发布失败。,缓存命名空间失效发布失败。
"缓存命名空间失效未在所有目标 Worker 上完成。","缓存命名空间失效未在所有目标 Worker 上完成。"
"当前 PHP 环境未启用 curl 扩展，无法执行压测。","当前 PHP 环境未启用 curl 扩展，无法执行压测。"
"WLS SSL 证书数据库已在本次启动中熔断：%{1}","WLS SSL 证书数据库已在本次启动中熔断：%{1}"
"[SslCertificateService] SQLite 证书存储已损坏，本次启动已熔断后续探测和写入：%{1}","[SslCertificateService] SQLite 证书存储已损坏，本次启动已熔断后续探测和写入：%{1}"
"WLS SSL 证书数据库已损坏，无法安全生成或恢复证书：%{1}","WLS SSL 证书数据库已损坏，无法安全生成或恢复证书：%{1}"
"当前为 Windows 且未安装 PHP event 扩展。申请证书后若要启用 HTTPS，需先安装 event 扩展，否则无法启动 HTTPS 服务。请先安装 event 后再申请证书。下载：%{1}","当前为 Windows 且未安装 PHP event 扩展。申请证书后若要启用 HTTPS，需先安装 event 扩展，否则无法启动 HTTPS 服务。请先安装 event 后再申请证书。下载：%{1}"
"[SslCertificateService] 泛域名 *.%{1} 已过期，子域 %{2} 不使用泛域证书","[SslCertificateService] 泛域名 *.%{1} 已过期，子域 %{2} 不使用泛域证书"
"[SslCertificateService] 子域名 %{1} 已被泛域名 *.%{2} 覆盖，直接写入泛域证书，跳过 ACME 申请","[SslCertificateService] 子域名 %{1} 已被泛域名 *.%{2} 覆盖，直接写入泛域证书，跳过 ACME 申请"
"子域名 %{1} 已被泛域名 *.%{2} 覆盖，直接使用泛域证书","子域名 %{1} 已被泛域名 *.%{2} 覆盖，直接使用泛域证书"
"HTTPS 已在此域名禁用","HTTPS 已在此域名禁用"
使用已有证书,使用已有证书
"[SslCertificateService] Failed to persist reusable global local CA files to %{1}","[SslCertificateService] Failed to persist reusable global local CA files to %{1}"
"[SslCertificateService] Local CA is now reusable across projects from %{1}","[SslCertificateService] Local CA is now reusable across projects from %{1}"
"[SslCertificateService] Failed to restore project local CA files from global reusable CA","[SslCertificateService] Failed to restore project local CA files from global reusable CA"
"[SslCertificateService] Reusing global Weline local CA for this project","[SslCertificateService] Reusing global Weline local CA for this project"
"[SslCertificateService] 系统信任库已有 Weline Local Development CA，但没有可复用私钥，将生成新的本地 CA；如需跨项目复用，请配置 wls.ssl.local_ca_dir 或复制 rootCA.key","[SslCertificateService] 系统信任库已有 Weline Local Development CA，但没有可复用私钥，将生成新的本地 CA；如需跨项目复用，请配置 wls.ssl.local_ca_dir 或复制 rootCA.key"
"Failed to generate local CA private key","Failed to generate local CA private key"
"Failed to generate local CA CSR","Failed to generate local CA CSR"
"Failed to sign local CA certificate","Failed to sign local CA certificate"
"Failed to export local CA private key","Failed to export local CA private key"
"Failed to persist local CA material: %{1}","Failed to persist local CA material: %{1}"
"Published local CA certificate and key did not verify","Published local CA certificate and key did not verify"
"Failed to prepare local CA","Failed to prepare local CA"
"Local CA is already trusted by the Linux system store","Local CA is already trusted by the Linux system store"
"Local CA was generated, but no supported Linux trust tool was found. Import %{1} into the system trust store manually","Local CA was generated, but no supported Linux trust tool was found. Import %{1} into the system trust store manually"
"Local CA was generated. Run manually: %{1}","Local CA was generated. Run manually: %{1}"
"Local CA imported into Linux system trust store","Local CA imported into Linux system trust store"
"Local CA install command completed, but trust verification did not confirm it yet","Local CA install command completed, but trust verification did not confirm it yet"
"Local CA was generated, but automatic Linux trust import failed. Run manually: %{1}. Output: %{2}","Local CA was generated, but automatic Linux trust import failed. Run manually: %{1}. Output: %{2}"
"Local CA was generated, but macOS security tool was not found. Import %{1} into Keychain Access manually","Local CA was generated, but macOS security tool was not found. Import %{1} into Keychain Access manually"
"Local CA is already trusted by macOS Keychain","Local CA is already trusted by macOS Keychain"
"Local CA imported into macOS System Keychain","Local CA imported into macOS System Keychain"
"Local CA imported into macOS login Keychain","Local CA imported into macOS login Keychain"
"macOS System Keychain trust needs an interactive Terminal approval; WLS has already tried the user login Keychain. Run the command below from Terminal if a browser still rejects the certificate.","macOS System Keychain trust needs an interactive Terminal approval; WLS has already tried the user login Keychain. Run the command below from Terminal if a browser still rejects the certificate."
"Run the command below to approve Keychain trust.","Run the command below to approve Keychain trust."
"Local CA was generated, but automatic macOS trust import failed. %{1} Manual command: %{2}. Output: %{3}","Local CA was generated, but automatic macOS trust import failed. %{1} Manual command: %{2}. Output: %{3}"
"Local CA certificate file is missing: %{1}","Local CA certificate file is missing: %{1}"
"Local CA generated; Windows trust-store import skipped during WLS startup. Import %{1} manually or set WLS_SSL_TRUST_WINDOWS_LOCAL_CA=1 to opt in.","Local CA generated; Windows trust-store import skipped during WLS startup. Import %{1} manually or set WLS_SSL_TRUST_WINDOWS_LOCAL_CA=1 to opt in."
"Local CA is already trusted by the current Windows user","Local CA is already trusted by the current Windows user"
"Failed to find certutil.exe; import %{1} into Current User > Trusted Root Certification Authorities manually","Failed to find certutil.exe; import %{1} into Current User > Trusted Root Certification Authorities manually"
"Local CA imported into Current User Root store","Local CA imported into Current User Root store"
"Local CA was generated, but automatic trust import failed. Import %{1} into Current User > Trusted Root Certification Authorities manually","Local CA was generated, but automatic trust import failed. Import %{1} into Current User > Trusted Root Certification Authorities manually"
"Local CA was generated. Trust it manually in your OS/browser with %{1}","Local CA was generated. Trust it manually in your OS/browser with %{1}"
"Domain cannot be empty","Domain cannot be empty"
"Failed to generate local leaf private key","Failed to generate local leaf private key"
"Failed to generate local leaf CSR","Failed to generate local leaf CSR"
"Local CA material is unsafe or unreadable","Local CA material is unsafe or unreadable"
"Failed to load local CA certificate or private key","Failed to load local CA certificate or private key"
"Failed to sign local certificate with local CA","Failed to sign local certificate with local CA"
"Failed to export local certificate private key","Failed to export local certificate private key"
"Failed to persist local fullchain certificate","Failed to persist local fullchain certificate"
"Failed to export local certificate CSR","Failed to export local certificate CSR"
"Local certificate files were generated, but saving the certificate record failed","Local certificate files were generated, but saving the certificate record failed"
"Local CA-signed certificate generated and trusted successfully","Local CA-signed certificate generated and trusted successfully"
"Local CA-signed certificate generated successfully","Local CA-signed certificate generated successfully"
"[SslCertificateService] 库中的 %{1} 通配证书已过期，将重新签发","[SslCertificateService] 库中的 %{1} 通配证书已过期，将重新签发"
"[SslCertificateService] 复用 %{1} 通配证书时写回磁盘失败，将尝试重新签发","[SslCertificateService] 复用 %{1} 通配证书时写回磁盘失败，将尝试重新签发"
已复用现有本地通配证书，跳过重复签发,已复用现有本地通配证书，跳过重复签发
"已复用现有 %{1} 通配证书，跳过重复签发","已复用现有 %{1} 通配证书，跳过重复签发"
生成私钥失败,生成私钥失败
"生成 CSR 失败","生成 CSR 失败"
签发证书失败,签发证书失败
导出私钥失败,导出私钥失败
保存证书文件失败,保存证书文件失败
"导出 CSR 失败","导出 CSR 失败"
自签证书文件已生成，但写入证书管理失败，请检查日志并重试,自签证书文件已生成，但写入证书管理失败，请检查日志并重试
自签证书生成成功,自签证书生成成功
更新证书记录失败：%{1},更新证书记录失败：%{1}
证书签发事件调度失败：%{1},证书签发事件调度失败：%{1}
证书禁用事件调度失败：%{1},证书禁用事件调度失败：%{1}
证书删除事件调度失败：%{1},证书删除事件调度失败：%{1}
证书更新事件调度失败：%{1},证书更新事件调度失败：%{1}
请求域名列表失败：%{1},请求域名列表失败：%{1}
手动禁用,手动禁用
"该域名正在申请 SSL 证书，请等待证书成功下载并入库后再修改证书管理。","该域名正在申请 SSL 证书，请等待证书成功下载并入库后再修改证书管理。"
同步证书记录失败：%{1},同步证书记录失败：%{1}
"域名 %{1} 的证书已过期","域名 %{1} 的证书已过期"
"过期时间：%{1}。请续签证书以恢复 HTTPS 服务。","过期时间：%{1}。请续签证书以恢复 HTTPS 服务。"
证书已过期,证书已过期
"[SslCertificateService] Failed to recover local CA certificate to %{1}","[SslCertificateService] Failed to recover local CA certificate to %{1}"
"[SslCertificateService] 已从等价域 %{1} 的 PEM 恢复到 %{2}","[SslCertificateService] 已从等价域 %{1} 的 PEM 恢复到 %{2}"
"[SslCertificateService] 已从数据库恢复证书到磁盘：%{1}","[SslCertificateService] 已从数据库恢复证书到磁盘：%{1}"
"[SslCertificateService] 从数据库恢复证书失败：%{1} - %{2}","[SslCertificateService] 从数据库恢复证书失败：%{1} - %{2}"
"证书状态正在变更，已跳过同步 %{1}: %{2}","证书状态正在变更，已跳过同步 %{1}: %{2}"
"证书目录无效 %{1}: %{2}","证书目录无效 %{1}: %{2}"
证书源文件不存在且无法从证书管理恢复：%{1},证书源文件不存在且无法从证书管理恢复：%{1}
"同步证书失败 %{1}: %{2}","同步证书失败 %{1}: %{2}"
"子域名 %{1} 已被泛域名覆盖，跳过申请","子域名 %{1} 已被泛域名覆盖，跳过申请"
不支持的证书提供商：%{provider},不支持的证书提供商：%{provider}
"LiteSSL 暂不支持测试环境","LiteSSL 暂不支持测试环境"
"无法获取证书提供商的 ACME 目录","无法获取证书提供商的 ACME 目录"
无法创建账户密钥,无法创建账户密钥
已存在未过期证书，跳过申请,已存在未过期证书，跳过申请
证书存储位置：%{1},证书存储位置：%{1}
正在同步证书管理记录…,正在同步证书管理记录…
证书管理记录已同步，cert_id=%{1},证书管理记录已同步，cert_id=%{1}
已存在未过期证书，已跳过申请并更新记录,已存在未过期证书，已跳过申请并更新记录
该域名正在申请证书中，请等待当前流程结束后再试。,该域名正在申请证书中，请等待当前流程结束后再试。
证书已保存到：%{1},证书已保存到：%{1}
正在保存证书管理记录…,正在保存证书管理记录…
证书落盘后的稳定校验失败，已拒绝替换当前有效证书,证书落盘后的稳定校验失败，已拒绝替换当前有效证书
证书管理记录已保存，cert_id=%{1},证书管理记录已保存，cert_id=%{1}
证书申请成功,证书申请成功
域名格式无效,域名格式无效
证书内容不能为空,证书内容不能为空
私钥内容不能为空,私钥内容不能为空
证书材料超出安全大小限制,证书材料超出安全大小限制
证书必须处于有效期内、覆盖目标域名并与私钥匹配,证书必须处于有效期内、覆盖目标域名并与私钥匹配
证书导入失败：%{1},证书导入失败：%{1}
证书文件已写入，但同步证书记录失败,证书文件已写入，但同步证书记录失败
证书材料已安全写入，等待服务发布,证书材料已安全写入，等待服务发布
"证书材料已导入，但服务发布失败；已禁用的域名必须单独显式启用 HTTPS：%{1}","证书材料已导入，但服务发布失败；已禁用的域名必须单独显式启用 HTTPS：%{1}"
证书导入成功,证书导入成功
"[SslCertificateService] 泛域名 %{1} 续签后已同步 PEM 到 %{2} 个子域记录","[SslCertificateService] 泛域名 %{1} 续签后已同步 PEM 到 %{2} 个子域记录"
"使用 DNS-01 验证（将自动添加 TXT 记录）","使用 DNS-01 验证（将自动添加 TXT 记录）"
"使用 HTTP-01 验证","使用 HTTP-01 验证"
"正在获取 ACME 目录...","正在获取 ACME 目录..."
"无法获取 ACME 目录","无法获取 ACME 目录"
正在生成域名密钥...,正在生成域名密钥...
无法生成域名密钥,无法生成域名密钥
"正在注册/获取 ACME 账户...","正在注册/获取 ACME 账户..."
账户注册失败,账户注册失败
"证书机构查询 DNS TXT 超时，已重新创建订单并自动重试（将写入新的 TXT 验证值，与上次不同）...","证书机构查询 DNS TXT 超时，已重新创建订单并自动重试（将写入新的 TXT 验证值，与上次不同）..."
正在创建证书订单...,正在创建证书订单...
"CA 未返回订单地址","CA 未返回订单地址"
创建订单失败：%{1},创建订单失败：%{1}
正在获取授权信息...,正在获取授权信息...
获取授权失败,获取授权失败
获取授权详情失败,获取授权详情失败
"正在生成 CSR...","正在生成 CSR..."
"正在提交 CSR 至 CA...","正在提交 CSR 至 CA..."
"提交 CSR 失败","提交 CSR 失败"
"等待 CA 颁发证书...","等待 CA 颁发证书..."
等待颁发中...（%{1}s）,等待颁发中...（%{1}s）
等待证书颁发超时,等待证书颁发超时
正在下载证书...,正在下载证书...
下载证书失败,下载证书失败
正在保存证书到本地...,正在保存证书到本地...
域名私钥文件不安全或不可读,域名私钥文件不安全或不可读
"CA 返回的证书无效、未覆盖目标域名或与本地私钥不匹配","CA 返回的证书无效、未覆盖目标域名或与本地私钥不匹配"
证书已写入：%{1},证书已写入：%{1}
证书申请流程已完成,证书申请流程已完成
"未找到 HTTP-01 挑战","未找到 HTTP-01 挑战"
"正在创建 HTTP-01 验证文件","正在创建 HTTP-01 验证文件"
"登记 WLS 虚拟校验失败","登记 WLS 虚拟校验失败"
创建验证文件失败,创建验证文件失败
"正在通知 CA 服务器进行验证","正在通知 CA 服务器进行验证"
"正在等待 CA 验证...","正在等待 CA 验证..."
"等待 CA 验证中… (%1秒)","等待 CA 验证中… (%1秒)"
正在清理验证文件,正在清理验证文件
"未找到 DNS-01 挑战","未找到 DNS-01 挑战"
获取账户指纹失败,获取账户指纹失败
"正在通过 DNS 供应商添加 TXT 记录...","正在通过 DNS 供应商添加 TXT 记录..."
"添加 TXT 记录失败：%{1}","添加 TXT 记录失败：%{1}"
"检查 TXT 是否已传播（先本机 dns_get_record，必要时公共 DNS；最多 %{1} 秒，间隔 %{2} 秒）","检查 TXT 是否已传播（先本机 dns_get_record，必要时公共 DNS；最多 %{1} 秒，间隔 %{2} 秒）"
"检查 TXT 是否已传播（循环 dns_get_record，最多 %{1} 秒，间隔 %{2} 秒；与证书机构查询路径可能不同，宜留足时间）","检查 TXT 是否已传播（循环 dns_get_record，最多 %{1} 秒，间隔 %{2} 秒；与证书机构查询路径可能不同，宜留足时间）"
"检查 TXT 生效中...（已等待 %{1}s / 最多 %{2}s）","检查 TXT 生效中...（已等待 %{1}s / 最多 %{2}s）"
"在最长 %{1} 秒内 dns_get_record%{2}仍未查到验证 TXT。可能未写入成功、传播未结束或本机解析器缓存滞后；可加大 env websites.acme_dns.txt_poll_max_seconds 后重试。","在最长 %{1} 秒内 dns_get_record%{2}仍未查到验证 TXT。可能未写入成功、传播未结束或本机解析器缓存滞后；可加大 env websites.acme_dns.txt_poll_max_seconds 后重试。"
"（及公共 DNS 探测）","（及公共 DNS 探测）"
"TXT 已可解析（本机或公共 DNS 探测），正在通知 CA 验证...","TXT 已可解析（本机或公共 DNS 探测），正在通知 CA 验证..."
"本机 dns_get_record 已能查到验证 TXT，正在通知 CA 验证...","本机 dns_get_record 已能查到验证 TXT，正在通知 CA 验证..."
"说明：本系统与证书机构使用不同 DNS 路径。证书机构从全球多点直连您域名的权威 DNS；若 GName 等对 CA 查询响应慢，仍可能报「查询超时」，与「记录已生效」不矛盾，可稍后重试或换更快 DNS 托管。","说明：本系统与证书机构使用不同 DNS 路径。证书机构从全球多点直连您域名的权威 DNS；若 GName 等对 CA 查询响应慢，仍可能报「查询超时」，与「记录已生效」不矛盾，可稍后重试或换更快 DNS 托管。"
"等待 CA 验证 DNS 记录（最多 %{1} 分钟）...","等待 CA 验证 DNS 记录（最多 %{1} 分钟）..."
"等待 CA 验证中...（%{1}s）","等待 CA 验证中...（%{1}s）"
"CA 验证完成，正在清理 TXT 记录...","CA 验证完成，正在清理 TXT 记录..."
"CA 验证未通过，正在清理临时 TXT 记录...","CA 验证未通过，正在清理临时 TXT 记录..."
域名验证失败：%{1},域名验证失败：%{1}
域名验证失败,域名验证失败
"（DNS 传播可能需要更长时间，请 2–5 分钟后重试）","（DNS 传播可能需要更长时间，请 2–5 分钟后重试）"
"（DNS-01：CA 从全球多点查您权威 DNS 上的 TXT。若同款流程在把域名 NS 换到 Cloudflare 后即可签发，基本可认定原 DNS 托管（如注册商自带解析）对 TXT 的全球查询不稳定或未正确对外服务；建议长期用 Cloudflare 等做 DNS 托管。）","（DNS-01：CA 从全球多点查您权威 DNS 上的 TXT。若同款流程在把域名 NS 换到 Cloudflare 后即可签发，基本可认定原 DNS 托管（如注册商自带解析）对 TXT 的全球查询不稳定或未正确对外服务；建议长期用 Cloudflare 等做 DNS 托管。）"
"（HTTP 验证场景：CA 查询 A/AAAA 超时或未生效；若站点经 CDN，请改用 DNS-01 或保证源站可达。）","（HTTP 验证场景：CA 查询 A/AAAA 超时或未生效；若站点经 CDN，请改用 DNS-01 或保证源站可达。）"
"网关未在 %{1} 秒内确认 ACME HTTP-01 challenge 发布。","网关未在 %{1} 秒内确认 ACME HTTP-01 challenge 发布。"
"ACME HTTP 请求失败: url=%{1}, error=%{2}","ACME HTTP 请求失败: url=%{1}, error=%{2}"
用户手动禁用,用户手动禁用
"上一次证书退役尚未完成代际事件确认，请等待自动恢复后再启用 HTTPS。","上一次证书退役尚未完成代际事件确认，请等待自动恢复后再启用 HTTPS。"
未找到域名证书：%{1},未找到域名证书：%{1}
证书文件不安全、已过期、未覆盖域名或与私钥不匹配,证书文件不安全、已过期、未覆盖域名或与私钥不匹配
"HTTPS 已写入启用事实，但服务清单尚未完成确认：%{1}","HTTPS 已写入启用事实，但服务清单尚未完成确认：%{1}"
"HTTPS 已启用","HTTPS 已启用"
"本地域名 %{1} 的证书受保护，不能禁用或删除","本地域名 %{1} 的证书受保护，不能禁用或删除"
证书退役意图未能安全持久化：%{1},证书退役意图未能安全持久化：%{1}
证书已进入安全隔离且保留可重放意图，数据库撤销待恢复：%{1},证书已进入安全隔离且保留可重放意图，数据库撤销待恢复：%{1}
证书已进入失效安全状态，后续退役阶段将自动重放：%{1},证书已进入失效安全状态，后续退役阶段将自动重放：%{1}
"HTTPS 已禁用","HTTPS 已禁用"
证书生命周期失败诊断写入失败：%{1},证书生命周期失败诊断写入失败：%{1}
存在空域名证书记录，已跳过,存在空域名证书记录，已跳过
"域名 %{1} 的证书管理记录缺少 PEM 内容，无法重载（使用 --clear 可清除并重置）","域名 %{1} 的证书管理记录缺少 PEM 内容，无法重载（使用 --clear 可清除并重置）"
"域名 %{1} 的证书文件恢复失败（使用 --clear 可清除并重置）","域名 %{1} 的证书文件恢复失败（使用 --clear 可清除并重置）"
"未找到域名 %{1} 的证书记录","未找到域名 %{1} 的证书记录"
证书管理中没有可重载的证书记录,证书管理中没有可重载的证书记录
"server:ssl:reload --clear 清理","server:ssl:reload --clear 清理"
证书清理失败,证书清理失败
"WLS performance panel traces were cleared","WLS performance panel traces were cleared"
秒,秒
分,分
小时,小时
天,天
"Master 初始化开始 (Orchestrator 模式)","Master 初始化开始 (Orchestrator 模式)"
"实例名称: %{1}","实例名称: %{1}"
"运行拓扑: %{1}","运行拓扑: %{1}"
"守护进程: %{1}","守护进程: %{1}"
是,是
否,否
"Windows 窗口模式: %{1}","Windows 窗口模式: %{1}"
"Master 初始化完成","Master 初始化完成"
"启动 Master 进程...","启动 Master 进程..."
"已注册 Master PID","已注册 Master PID"
"控制端口: %{1}（首选 %{2} 不可用，已自动顺延）","控制端口: %{1}（首选 %{2} 不可用，已自动顺延）"
"控制端口: %{1}","控制端口: %{1}"
"Master 启动阶段：Orchestrator providers 已加载","Master 启动阶段：Orchestrator providers 已加载"
"Master 启动阶段：信号处理器已注册","Master 启动阶段：信号处理器已注册"
"Master 启动阶段：控制面已启动","Master 启动阶段：控制面已启动"
"Master 启动阶段：bootstrapping 实例信息已写入","Master 启动阶段：bootstrapping 实例信息已写入"
"Master 自愈模式：%{1}","Master 自愈模式：%{1}"
"Master 进入主循环，监控子进程...","Master 进入主循环，监控子进程..."
"Master 主循环结束","Master 主循环结束"
"Master 启动失败: %{1}","Master 启动失败: %{1}"
"Master 正在关闭，通知所有子进程...","Master 正在关闭，通知所有子进程..."
"Master PID %{1} 已注册到索引","Master PID %{1} 已注册到索引"
"检测到新 Master 代际，旧 Master 跳过同名 PID 索引清理","检测到新 Master 代际，旧 Master 跳过同名 PID 索引清理"
"检测到同名新 Master PID %{1}，旧 Master 跳过索引清理","检测到同名新 Master PID %{1}，旧 Master 跳过索引清理"
"Master PID 索引已移除","Master PID 索引已移除"
"检测到 Master 退出后仍有子进程存活，已保留实例记录供后续恢复控制","检测到 Master 退出后仍有子进程存活，已保留实例记录供后续恢复控制"
实例记录已完成清理,实例记录已完成清理
"收到 SIGTERM 信号，开始统一停机流程...","收到 SIGTERM 信号，开始统一停机流程..."
"收到 SIGINT 信号，开始统一停机流程...","收到 SIGINT 信号，开始统一停机流程..."
"收到 SIGQUIT 信号，开始统一停机流程...","收到 SIGQUIT 信号，开始统一停机流程..."
"停机流程进行中，忽略 SIGHUP 重载信号","停机流程进行中，忽略 SIGHUP 重载信号"
"收到 SIGHUP 信号，开始重载...","收到 SIGHUP 信号，开始重载..."
"状态报告: %{1}","状态报告: %{1}"
"已注册 pcntl 信号: %{1}","已注册 pcntl 信号: %{1}"
"Windows 模式：收到 Ctrl+Break 信号，开始统一停机流程...","Windows 模式：收到 Ctrl+Break 信号，开始统一停机流程..."
"Windows 模式：收到 Ctrl+C 信号，开始统一停机流程...","Windows 模式：收到 Ctrl+C 信号，开始统一停机流程..."
"Windows 模式：已注册 Ctrl+C 处理函数（sapi_windows_set_ctrl_handler）","Windows 模式：已注册 Ctrl+C 处理函数（sapi_windows_set_ctrl_handler）"
检测到异常退出，执行清理...,检测到异常退出，执行清理...
"已注册 shutdown 清理函数（Ctrl+C 可能不会触发优雅停止）","已注册 shutdown 清理函数（Ctrl+C 可能不会触发优雅停止）"
"已回收子进程 PID %{1} (%{2})","已回收子进程 PID %{1} (%{2})"
启动锁已释放（回调）,启动锁已释放（回调）
"启动锁由启动器持有，Master 无需释放","启动锁由启动器持有，Master 无需释放"
"SSL 启动后补偿任务未能启动：%{1}；WLS 保持 READY，后续由证书待确认队列/Agent 重试。","SSL 启动后补偿任务未能启动：%{1}；WLS 保持 READY，后续由证书待确认队列/Agent 重试。"
"跳过 SSL 启动后申请：缺少域名配置。","跳过 SSL 启动后申请：缺少域名配置。"
"跳过 SSL 启动后申请：%{1} 已有未过期证书。","跳过 SSL 启动后申请：%{1} 已有未过期证书。"
"已触发 SSL 延迟重试：%{1}（pid=%{2}）","已触发 SSL 延迟重试：%{1}（pid=%{2}）"
"已触发 SSL 延迟重试：%{1}（后台进程 PID 未返回，可通过 ssl:auto list 查看结果）","已触发 SSL 延迟重试：%{1}（后台进程 PID 未返回，可通过 ssl:auto list 查看结果）"
未找到,未找到
"Event 扩展","Event 扩展"
"基于 libevent 的高性能事件循环","基于 libevent 的高性能事件循环"
"pcntl_fork 函数","pcntl_fork 函数"
"真正的进程分叉，共享内存，性能最优（仅 Linux/Mac）","真正的进程分叉，共享内存，性能最优（仅 Linux/Mac）"
"使用 exec 备用方案","使用 exec 备用方案"
原生进程分叉，更低开销,原生进程分叉，更低开销
"OPCache 扩展","OPCache 扩展"
"Windows ARM64 的 x64 PHP 仿真已禁用 WLS CLI OPcache/JIT；请使用原生 ARM64 PHP 后再按基准评估。","Windows ARM64 的 x64 PHP 仿真已禁用 WLS CLI OPcache/JIT；请使用原生 ARM64 PHP 后再按基准评估。"
"字节码缓存，提升 PHP 执行速度","字节码缓存，提升 PHP 执行速度"
每次请求重新编译,每次请求重新编译
使用缓存的字节码,使用缓存的字节码
"JIT 编译器","JIT 编译器"
"Windows ARM64 的 x64 PHP 仿真不支持 WLS JIT；请使用原生 ARM64 PHP 后再按基准评估 JIT。","Windows ARM64 的 x64 PHP 仿真不支持 WLS JIT；请使用原生 ARM64 PHP 后再按基准评估 JIT。"
"PHP 8 即时编译器，显著提升 CPU 密集型任务性能","PHP 8 即时编译器，显著提升 CPU 密集型任务性能"
解释执行,解释执行
"编译执行，接近 C 语言性能","编译执行，接近 C 语言性能"
"Sockets 扩展","Sockets 扩展"
"底层 Socket 操作，更精细的控制","底层 Socket 操作，更精细的控制"
"使用 stream_socket","使用 stream_socket"
"使用原生 socket","使用原生 socket"
"proc_open 函数","proc_open 函数"
"进程控制核心函数，支持精确的 PID 管理","进程控制核心函数，支持精确的 PID 管理"
"使用 exec 备用","使用 exec 备用"
精确控制子进程,精确控制子进程
"HTTPS/SSL 配置","HTTPS/SSL 配置"
安全加密,安全加密
"为服务器启用 HTTPS 加密传输，保护数据安全","为服务器启用 HTTPS 加密传输，保护数据安全"
"HTTP 明文传输","HTTP 明文传输"
"HTTPS 加密传输","HTTPS 加密传输"
跨平台,跨平台
"需要 PHP 编译时启用 OpenSSL 支持","需要 PHP 编译时启用 OpenSSL 支持"
"一、获取 SSL 证书","一、获取 SSL 证书"
"您可以通过以下方式获取 SSL 证书","您可以通过以下方式获取 SSL 证书"
"1. 免费证书（推荐）","1. 免费证书（推荐）"
"使用 certbot 自动获取和续期","使用 certbot 自动获取和续期"
"2. 自签名证书（开发环境）","2. 自签名证书（开发环境）"
仅用于开发测试，浏览器会显示安全警告,仅用于开发测试，浏览器会显示安全警告
"3. 商业证书","3. 商业证书"
适合企业生产环境,适合企业生产环境
二、证书文件准备,二、证书文件准备
确保证书文件格式正确,确保证书文件格式正确
"证书文件 (cert.pem)","证书文件 (cert.pem)"
包含服务器证书，可选包含中间证书链,包含服务器证书，可选包含中间证书链
"私钥文件 (key.pem)","私钥文件 (key.pem)"
服务器私钥，必须无密码保护,服务器私钥，必须无密码保护
"请妥善保管，设置严格权限 (chmod 600)","请妥善保管，设置严格权限 (chmod 600)"
"三、启动 HTTPS 服务器","三、启动 HTTPS 服务器"
"服务器支持多域名证书，自动检测 app/etc/ssl/ 目录","服务器支持多域名证书，自动检测 app/etc/ssl/ 目录"
多域名证书目录结构（推荐）,多域名证书目录结构（推荐）
每个域名一个目录，自动匹配证书,每个域名一个目录，自动匹配证书
支持的证书文件名格式（按优先级）,支持的证书文件名格式（按优先级）
将证书文件放入对应域名目录，服务器启动时自动检测,将证书文件放入对应域名目录，服务器启动时自动检测
自动申请证书,自动申请证书
自动检测方式（推荐）,自动检测方式（推荐）
"将证书放入 app/etc/ 目录后直接启动","将证书放入 app/etc/ 目录后直接启动"
"服务器自动检测并启用 HTTPS","服务器自动检测并启用 HTTPS"
手动指定方式,手动指定方式
"配置文件方式 (env.php)","配置文件方式 (env.php)"
"在 env.php 中配置 SSL 证书","在 env.php 中配置 SSL 证书"
"支持的 SSL/TLS 协议","支持的 SSL/TLS 协议"
"服务器支持所有 TLS 协议，默认使用最高可用版本","服务器支持所有 TLS 协议，默认使用最高可用版本"
"推荐，最安全（PHP 7.4+）","推荐，最安全（PHP 7.4+）"
广泛支持，安全,广泛支持，安全
兼容旧系统,兼容旧系统
"四、验证 HTTPS","四、验证 HTTPS"
"确认 HTTPS 服务器正常运行","确认 HTTPS 服务器正常运行"
浏览器访问,浏览器访问
命令行测试,命令行测试
"-k 参数用于忽略自签名证书警告","-k 参数用于忽略自签名证书警告"
五、生产环境建议,五、生产环境建议
"使用 443 端口（标准 HTTPS 端口）","使用 443 端口（标准 HTTPS 端口）"
"配置 HTTP 到 HTTPS 重定向","配置 HTTP 到 HTTPS 重定向"
"启用 HSTS（HTTP Strict Transport Security）","启用 HSTS（HTTP Strict Transport Security）"
"使用 TLS 1.2 或更高版本","使用 TLS 1.2 或更高版本"
"1. 下载扩展","1. 下载扩展"
"访问 PECL 下载对应版本","访问 PECL 下载对应版本"
"选择版本：PHP %{1}, %{2}, %{3}","选择版本：PHP %{1}, %{2}, %{3}"
"2. 复制 DLL 文件","2. 复制 DLL 文件"
"将 php_event.dll 复制到扩展目录","将 php_event.dll 复制到扩展目录"
"3. 编辑 php.ini","3. 编辑 php.ini"
"在 php.ini 中添加扩展","在 php.ini 中添加扩展"
"4. 重启服务器","4. 重启服务器"
"1. 安装依赖","1. 安装依赖"
"安装 libevent 开发库","安装 libevent 开发库"
"2. 安装扩展","2. 安装扩展"
"使用 PECL 安装","使用 PECL 安装"
"3. 启用扩展","3. 启用扩展"
"在 php.ini 中添加","在 php.ini 中添加"
"pcntl 扩展不支持 Windows 平台，系统将自动使用备用方案","pcntl 扩展不支持 Windows 平台，系统将自动使用备用方案"
"1. 编辑 php.ini","1. 编辑 php.ini"
"从 disable_functions 中移除 pcntl_fork","从 disable_functions 中移除 pcntl_fork"
"找到 disable_functions 行，删除 pcntl_fork","找到 disable_functions 行，删除 pcntl_fork"
"2. 重启 PHP-FPM（如有）","2. 重启 PHP-FPM（如有）"
"pcntl_fork 已可用","pcntl_fork 已可用"
"1. 启用 OPCache","1. 启用 OPCache"
"在 php.ini 中取消注释","在 php.ini 中取消注释"
"1. 安装 OPCache","1. 安装 OPCache"
"%{1}. 启用 CLI 模式","%{1}. 启用 CLI 模式"
"%{1}. 推荐配置","%{1}. 推荐配置"
"优化 OPCache 配置","优化 OPCache 配置"
"JIT 需要 PHP 8.0+，当前版本：%{1}","JIT 需要 PHP 8.0+，当前版本：%{1}"
"1. 确保 OPCache 已启用","1. 确保 OPCache 已启用"
"JIT 依赖 OPCache","JIT 依赖 OPCache"
"2. 配置 JIT","2. 配置 JIT"
"3. 重启服务器","3. 重启服务器"
"sockets 扩展已可用","sockets 扩展已可用"
"1. 启用扩展","1. 启用扩展"
"1. 安装扩展","1. 安装扩展"
已可用,已可用
"proc_open 函数已启用","proc_open 函数已启用"
"从 disable_functions 中移除 proc_open","从 disable_functions 中移除 proc_open"
"找到 disable_functions 行，删除 proc_open","找到 disable_functions 行，删除 proc_open"
缓存命名空间失效帧包含未知字段。,缓存命名空间失效帧包含未知字段。
缓存命名空间失效帧不完整。,缓存命名空间失效帧不完整。
不支持该缓存命名空间失效协议版本。,不支持该缓存命名空间失效协议版本。
"缓存命名空间失效操作 ID 无效。","缓存命名空间失效操作 ID 无效。"
缓存命名空间权威时钟必须为正整数。,缓存命名空间权威时钟必须为正整数。
"缓存命名空间失效变更数必须为 1 至 64。","缓存命名空间失效变更数必须为 1 至 64。"
缓存命名空间失效变更无效。,缓存命名空间失效变更无效。
缓存命名空间路径无效。,缓存命名空间路径无效。
缓存命名空间失效变更必须按命名空间排序。,缓存命名空间失效变更必须按命名空间排序。
缓存命名空间失效变更超出容量限制。,缓存命名空间失效变更超出容量限制。
"缓存命名空间失效帧超过 64 KiB。","缓存命名空间失效帧超过 64 KiB。"
缓存命名空间代际应用器不可用。,缓存命名空间代际应用器不可用。
"操作 ID 已用于其他负载。","操作 ID 已用于其他负载。"
缓存命名空间失效操作已接收。,缓存命名空间失效操作已接收。
待处理的缓存命名空间失效操作超出容量限制。,待处理的缓存命名空间失效操作超出容量限制。
没有正在执行的缓存命名空间失效操作。,没有正在执行的缓存命名空间失效操作。
"操作 ID 负载冲突。","操作 ID 负载冲突。"
应用缓存命名空间代际失败。,应用缓存命名空间代际失败。
"不能同时使用 --install-deps 与 --no-auto-deps。","不能同时使用 --install-deps 与 --no-auto-deps。"
"Dispatcher 请求与 Direct 有效拓扑冲突；已拒绝静默改写拓扑。","Dispatcher 请求与 Direct 有效拓扑冲突；已拒绝静默改写拓扑。"
"Windows Direct 使用 Nginx 直连的独立 Worker 回环端口与内置 stream_select；不需要安装或编译 ext-event。","Windows Direct 使用 Nginx 直连的独立 Worker 回环端口与内置 stream_select；不需要安装或编译 ext-event。"
"当前平台无法履行 Direct 拓扑依赖契约；已拒绝启动。","当前平台无法履行 Direct 拓扑依赖契约；已拒绝启动。"
"Direct shared_fd 需要 proc_open/proc_get_status、POSIX 进程控制和可枚举的继承描述符；当前 PHP/系统不满足。","Direct shared_fd 需要 proc_open/proc_get_status、POSIX 进程控制和可枚举的继承描述符；当前 PHP/系统不满足。"
"sockets、OpenSSL 与 ext-event 已由当前 PHP 二进制加载且可用。","sockets、OpenSSL 与 ext-event 已由当前 PHP 二进制加载且可用。"
"sockets 与 ext-event 已由当前 PHP 二进制加载且可用。","sockets 与 ext-event 已由当前 PHP 二进制加载且可用。"
"OpenSSL、ext-event 与 POSIX shared_fd 启动原语已可用。","OpenSSL、ext-event 与 POSIX shared_fd 启动原语已可用。"
"ext-event 与 POSIX shared_fd 启动原语已可用。","ext-event 与 POSIX shared_fd 启动原语已可用。"
"OpenSSL 与 ext-event 已由当前 PHP 二进制加载且可用。","OpenSSL 与 ext-event 已由当前 PHP 二进制加载且可用。"
"ext-event 已由当前 PHP 二进制加载且可用。","ext-event 已由当前 PHP 二进制加载且可用。"
"HTTPS 需要当前 PHP 二进制预先加载 OpenSSL；server:start 默认不会安装或编译依赖。","HTTPS 需要当前 PHP 二进制预先加载 OpenSSL；server:start 默认不会安装或编译依赖。"
"Direct 运行时缺少预装依赖：%{1}。普通启动不会现场安装或编译；请先安装，或显式使用 --install-deps。","Direct 运行时缺少预装依赖：%{1}。普通启动不会现场安装或编译；请先安装，或显式使用 --install-deps。"
"server:start 仅完成依赖探测；Dispatcher 将使用当前 PHP 已有能力和有界 stream_select。","server:start 仅完成依赖探测；Dispatcher 将使用当前 PHP 已有能力和有界 stream_select。"
"本次显式 OpenSSL 安装后当前 Windows PHP 二进制仍无法加载该扩展；已拒绝重复安装循环。","本次显式 OpenSSL 安装后当前 Windows PHP 二进制仍无法加载该扩展；已拒绝重复安装循环。"
"无法获取 WLS 运行时依赖安装锁；HTTPS 已拒绝启动。","无法获取 WLS 运行时依赖安装锁；HTTPS 已拒绝启动。"
"本次显式 OpenSSL 安装未能为当前 Windows PHP ABI（%{1}）生成可用扩展。","本次显式 OpenSSL 安装未能为当前 Windows PHP ABI（%{1}）生成可用扩展。"
"Windows OpenSSL 已由当前 PHP ABI 实际加载验证。","Windows OpenSSL 已由当前 PHP ABI 实际加载验证。"
"独立 PHP 探针可加载 event，但依赖重入进程仍未加载；为避免重复重启，WLS 将使用稳定的 Dispatcher + stream/select 运行时。","独立 PHP 探针可加载 event，但依赖重入进程仍未加载；为避免重复重启，WLS 将使用稳定的 Dispatcher + stream/select 运行时。"
"Windows event 运行时已由当前 PHP 二进制实际加载验证。","Windows event 运行时已由当前 PHP 二进制实际加载验证。"
"官方 event 包安装后仍无法由当前 Windows PHP ABI（%{1}）加载；WLS 将使用稳定的 Dispatcher + stream/select 运行时，且不会重复安装。","官方 event 包安装后仍无法由当前 Windows PHP ABI（%{1}）加载；WLS 将使用稳定的 Dispatcher + stream/select 运行时，且不会重复安装。"
"无法获取 Windows event 安装锁；WLS 将使用稳定的 Dispatcher + stream/select 运行时。","无法获取 Windows event 安装锁；WLS 将使用稳定的 Dispatcher + stream/select 运行时。"
"其他 WLS 启动进程已安装并验证 Windows event 运行时。","其他 WLS 启动进程已安装并验证 Windows event 运行时。"
"Windows event 已从官方 PECL 精确 ABI 包安装，并由当前 PHP 二进制实际加载验证。","Windows event 已从官方 PECL 精确 ABI 包安装，并由当前 PHP 二进制实际加载验证。"
"当前 Windows PHP ABI（%{1}）没有可实际加载的可信 event DLL；WLS 将使用稳定的 Dispatcher + stream/select 运行时，不会加载未验证 DLL。","当前 Windows PHP ABI（%{1}）没有可实际加载的可信 event DLL；WLS 将使用稳定的 Dispatcher + stream/select 运行时，不会加载未验证 DLL。"
"HTTPS 需要当前 PHP 二进制加载 OpenSSL；当前平台不支持通过 --install-deps 安全安装。","HTTPS 需要当前 PHP 二进制加载 OpenSSL；当前平台不支持通过 --install-deps 安全安装。"
"当前平台不支持通过 --install-deps 安全安装 ext-event；WLS 将使用兼容运行时。","当前平台不支持通过 --install-deps 安全安装 ext-event；WLS 将使用兼容运行时。"
"ext-event 已在当前 PHP CLI 扫描目录中原子启用并由新 PHP 子进程验证。","ext-event 已在当前 PHP CLI 扫描目录中原子启用并由新 PHP 子进程验证。"
"ext-event 配置自愈失败；未修改主 php.ini，已拒绝继续。","ext-event 配置自愈失败；未修改主 php.ini，已拒绝继续。"
"本次显式依赖安装后 sockets/OpenSSL/ext-event 仍不可用；已拒绝重复安装循环。","本次显式依赖安装后 sockets/OpenSSL/ext-event 仍不可用；已拒绝重复安装循环。"
"本次显式依赖安装后 OpenSSL/ext-event 仍不可用；已拒绝重复安装循环。","本次显式依赖安装后 OpenSSL/ext-event 仍不可用；已拒绝重复安装循环。"
"Dispatcher 的 ext-event 安装后仍不可用；保持显式 Dispatcher 并使用有界 stream_select，不改写拓扑。","Dispatcher 的 ext-event 安装后仍不可用；保持显式 Dispatcher 并使用有界 stream_select，不改写拓扑。"
"无法获取 WLS 运行时依赖安装锁；Direct 已拒绝启动。","无法获取 WLS 运行时依赖安装锁；Direct 已拒绝启动。"
"无法获取 WLS 运行时依赖安装锁；HTTPS/OpenSSL 已拒绝启动。","无法获取 WLS 运行时依赖安装锁；HTTPS/OpenSSL 已拒绝启动。"
"Dispatcher 无法获取可选 ext-event 安装锁；继续使用有界 stream_select。","Dispatcher 无法获取可选 ext-event 安装锁；继续使用有界 stream_select。"
"其他 WLS 启动进程已安装 sockets/OpenSSL/ext-event。","其他 WLS 启动进程已安装 sockets/OpenSSL/ext-event。"
"其他 WLS 启动进程已安装 OpenSSL/ext-event。","其他 WLS 启动进程已安装 OpenSSL/ext-event。"
"其他 WLS 启动进程已安装 HTTPS/OpenSSL 与 Dispatcher 可选 ext-event。","其他 WLS 启动进程已安装 HTTPS/OpenSSL 与 Dispatcher 可选 ext-event。"
"HTTPS 必需依赖已安装验证；Dispatcher 可选 ext-event 安装失败，重入后将使用有界 stream_select。","HTTPS 必需依赖已安装验证；Dispatcher 可选 ext-event 安装失败，重入后将使用有界 stream_select。"
"%{1} 本次显式安装未能为 PHP %{2} 生成可用扩展；保持显式 Dispatcher 并使用有界 stream_select。","%{1} 本次显式安装未能为 PHP %{2} 生成可用扩展；保持显式 Dispatcher 并使用有界 stream_select。"
"%{1} 本次显式安装未能为 PHP %{2} 生成可用扩展。","%{1} 本次显式安装未能为 PHP %{2} 生成可用扩展。"
"sockets/OpenSSL/ext-event 已使用当前 PHP 安装并验证。","sockets/OpenSSL/ext-event 已使用当前 PHP 安装并验证。"
"OpenSSL/ext-event 已使用当前 PHP 安装并验证。","OpenSSL/ext-event 已使用当前 PHP 安装并验证。"
"HTTPS/OpenSSL 与 Dispatcher 可选 ext-event 已使用当前 PHP 安装并验证。","HTTPS/OpenSSL 与 Dispatcher 可选 ext-event 已使用当前 PHP 安装并验证。"
"wls.ssl.engine 仅支持 none/stream；收到 %{1}。","wls.ssl.engine 仅支持 none/stream；收到 %{1}。"
"Nginx 模式不允许 WLS external TLS Session Cache；TLS Session Cache 与 Ticket 由项目托管 Nginx 处理。","Nginx 模式不允许 WLS external TLS Session Cache；TLS Session Cache 与 Ticket 由项目托管 Nginx 处理。"
仅开发模式可用，当前部署模式：%{1},仅开发模式可用，当前部署模式：%{1}
"请在 env.php 中配置 wls.health_cookie_secret（与 worker 校验一致）","请在 env.php 中配置 wls.health_cookie_secret（与 worker 校验一致）"
"已设置健康检查放行 Cookie，本浏览器可访问 /_wls/health?detail=1，约 2 小时内有效","已设置健康检查放行 Cookie，本浏览器可访问 /_wls/health?detail=1，约 2 小时内有效"
"Security rules JSON cannot be empty.","安全规则 JSON 不能为空。"
"Security rules JSON is invalid.","安全规则 JSON 格式无效。"
"Security rules saved. WLS workers will reload the committed generation.","Security rules saved. WLS workers will reload the committed generation."
"The rules are committed, but one post-commit notification is pending.","The rules are committed, but one post-commit notification is pending."
"Security rules JSON is invalid. Visual fields were not saved.","安全规则 JSON 格式无效，可视化字段未保存。"
"Security rules JSON is invalid. Project policy was not saved.","Security rules JSON is invalid. Project policy was not saved."
"Select one managed project before saving a project security policy.","Select one managed project before saving a project security policy."
"Project security policy removed.","Project security policy removed."
"Project security policy saved.","Project security policy saved."
"No events",暂无事件
"No attacks",暂无攻击
"All managed projects",全部托管项目
"Current project: %{1}",当前项目：%{1}
"%{1} (%{2})",%{1}（%{2}）
"Rate Limit",限流
Enabled,已启用
"Window Seconds",窗口秒数
"Max Requests",最大请求数
"Block Seconds",封禁秒数
"Path Rate Limits",路径级限流
Rules,规则
"Path Scan",路径扫描
"Unique Paths","Unique Paths"
"SSL Handshake","SSL 握手"
"Max Failures",最大失败次数
"Fast Close Threshold",快速关闭阈值
"Unknown Route Ban",未知路由封禁
"Only In Spike Mode",仅流量突增时启用
"Consecutive Count",连续次数
"IP Whitelist","IP 白名单"
"Whitelisted IPs","白名单 IP"
"Protected Paths",受保护路径
Paths,Paths
"%{1} overrides / %{2} inherited","%{1} 项覆盖 / %{2} 项继承"
"Project override",项目覆盖
"Custom equals global",自定义与全局一致
Inherited,继承
Disabled,已停用
"%{1} (%{2}/%{3}s)",%{1}（%{2}/%{3}秒）
"%{1} entries: %{2}","%{1} entries: %{2}"
"0 entries","0 entries"
"Global rules",全局规则
"Common rules saved",通用规则已保存
"Project policy saved",项目策略已保存
"Project policy removed",项目策略已移除
"Rules JSON saved","规则 JSON 已保存"
"Policy updated",策略已更新
"Visual editor",可视化编辑器
"Project policy editor",项目策略编辑器
"Advanced JSON","高级 JSON"
"WLS Panel","WLS 面板"
Configured,已配置
"%{1} entries","%{1} 条"
"Current Project",当前项目
Local,本地
Path,路径
请求处理错误：%{1},请求处理错误：%{1}
"Managed project does not exist.",托管项目不存在。
"Managed project saved.",托管项目已保存。
"Managed project ID is invalid.","托管项目 ID 无效。"
"Managed project removed.",托管项目已移除。
Active,运行中
Inactive,未启用
"Project Path",项目路径
"Runtime profile editable",运行时档案可编辑
"Click to configure profile",点击配置档案
"PHP 内置服务器","PHP 内置服务器"
"Windows 上需要 proc_open 或 exec 函数来启动多进程，请检查 disable_functions 配置","Windows 上需要 proc_open 或 exec 函数来启动多进程，请检查 disable_functions 配置"
"缺少 sockets 扩展","缺少 sockets 扩展"
未知原因,未知原因
"AppStore plugin query returned an invalid response.","AppStore 插件查询返回了无效响应。"
Installed,已安装
"Plugin required",需要插件
"Open Capability",打开能力
"Installed Plugin",已安装插件
"Install Plugin",安装插件
"Plugin Panel",插件面板
"Panel plugin module list refresh failed: %{1}","Panel plugin module list refresh failed: %{1}"
"Panel plugin registry refresh completed with warnings.",面板插件注册表刷新完成，但存在警告。
"Panel plugin registry refresh failed: %{1}",面板插件注册表刷新失败：%{1}
"Panel plugin route refresh failed: %{1}",面板插件路由刷新失败：%{1}
"Status loaded","Status loaded"
"可用 WLS 实例已接收缓存命名空间失效操作。","可用 WLS 实例已接收缓存命名空间失效操作。"
"部分目标 WLS 实例未接收缓存命名空间失效操作。","部分目标 WLS 实例未接收缓存命名空间失效操作。"
"启用 Dispatcher 维护分流","启用 Dispatcher 维护分流"
"禁用 Dispatcher 维护分流","禁用 Dispatcher 维护分流"
批量派发遗漏该实例,批量派发遗漏该实例
实例未运行,实例未运行
"Master 未运行，无法通过 IPC 控制。","Master 未运行，无法通过 IPC 控制。"
"Master 未运行，跳过该实例（请检查 server:start 或 Master 复活状态）。","Master 未运行，跳过该实例（请检查 server:start 或 Master 复活状态）。"
"WLS 实例 %{1} 未运行：%{2}","WLS 实例 %{1} 未运行：%{2}"
"未发现可接收 %{1} 的运行中 WLS 实例，已跳过：%{2}","未发现可接收 %{1} 的运行中 WLS 实例，已跳过：%{2}"
"未发现运行中的 WLS 实例，已跳过 %{1}","未发现运行中的 WLS 实例，已跳过 %{1}"
"已向 WLS 实例 %{1} 发送 %{2}","已向 WLS 实例 %{1} 发送 %{2}"
"已向 %{1} 个运行中的 WLS 实例发送 %{2}","已向 %{1} 个运行中的 WLS 实例发送 %{2}"
"已向 %{1} 个可控 WLS 实例发送 %{2}，跳过：%{3}","已向 %{1} 个可控 WLS 实例发送 %{2}，跳过：%{3}"
"WLS 在运行，但 %{1} 派发失败：%{2}；跳过：%{3}","WLS 在运行，但 %{1} 派发失败：%{2}；跳过：%{3}"
"WLS 在运行，但 %{1} 派发失败：%{2}","WLS 在运行，但 %{1} 派发失败：%{2}"
"已向 %{1}/%{2} 个可控 WLS 实例发送 %{3}，失败：%{4}；跳过：%{5}","已向 %{1}/%{2} 个可控 WLS 实例发送 %{3}，失败：%{4}；跳过：%{5}"
"已向 %{1}/%{2} 个可控 WLS 实例发送 %{3}，失败：%{4}","已向 %{1}/%{2} 个可控 WLS 实例发送 %{3}，失败：%{4}"
"实例 %{1} 的 Master 未运行，无法通过 IPC 控制。","实例 %{1} 的 Master 未运行，无法通过 IPC 控制。"
连接控制端口失败：%{1},连接控制端口失败：%{1}
"发送控制命令失败，请检查 Orchestrator IPC 连接状态。","发送控制命令失败，请检查 Orchestrator IPC 连接状态。"
读取控制命令响应失败。,读取控制命令响应失败。
控制命令已发送,控制命令已发送
等待控制命令响应超时（%{1}s）。,等待控制命令响应超时（%{1}s）。
"启动命令已提交，但未返回有效 PID，请稍后刷新状态确认。","启动命令已提交，但未返回有效 PID，请稍后刷新状态确认。"
"启动命令已提交，Master PID: %{1}","启动命令已提交，Master PID: %{1}"
控制命令绝对截止时间已耗尽。,控制命令绝对截止时间已耗尽。
缓存命名空间失效接收超时。,缓存命名空间失效接收超时。
缓存命名空间失效控制帧未完整写入。,缓存命名空间失效控制帧未完整写入。
"Local project",本地项目
"%{1} / %{2} checks ready","%{1} / %{2} 项检查就绪"
"Core Links",核心链接
"%{1} / %{2}","%{1} / %{2}"
"Admin, panel, path, and security scope are ready.",后台、面板、路径和安全范围已就绪。
"Some core project context still needs setup.",部分核心项目上下文仍需设置。
"Operation Slots",操作位
"All WLS operation plugins are installed.","所有 WLS 操作插件均已安装。"
"%{1} WLS operation plugins need installation.","还有 %{1} 个 WLS 操作插件需要安装。"
"Security Scope",安全范围
Ready,就绪
Review,检查
"Policy and attack-log links can be scoped safely.",策略和攻击日志链接可以安全限定范围。
"Security links need project identity first.",安全链接需要先识别项目身份。
"Needs setup",需要设置
"Needs review",需要检查
"All managed projects are ready for panel operations.",所有托管项目已准备好由面板操作。
"Some projects need core context before operations are safe.",部分项目需要补齐核心上下文后才能安全操作。
"%{1} of %{2} projects are fully ready.","%{1} / %{2} 个项目完全就绪。"
"All core links and WLS operation plugins are ready.","核心链接和 WLS 操作插件均已就绪。"
"%{1} core checks need setup before this project is fully manageable.","该项目还有 %{1} 个核心检查需要设置后才能完全管理。"
"Project context needs review before it is fully ready.",项目上下文需要检查后才能完全就绪。
"Scoped editor",项目编辑器
Marketplace,商城
"Install plugin",安装插件
"Current project",当前项目
"Registered project",已登记项目
"Managed project",托管项目
"PHP Config","PHP 配置"
"Database Config",数据库配置
Files,文件
Deploy,部署
"Configure PHP","配置 PHP"
"Configure Database",配置数据库
"Open Files",打开文件
"Configure Deploy",配置发布
"Open editor",打开编辑器
"PHP profile not selected","未选择 PHP 档案"
"Database profile not selected",未选择数据库档案
"Project path ready",项目路径就绪
"Project path missing",项目路径缺失
"Project release context ready",项目发布上下文就绪
"Project release context missing",项目发布上下文缺失
"local context",本地上下文
"安装 %{1} 可提升性能至 %{2}","安装 %{1} 可提升性能至 %{2}"
"性能提升 100-200%%，支持更多并发连接","性能提升 100-200%%，支持更多并发连接"
"需要安装 event 扩展","需要安装 event 扩展"
读事件处理错误：%{1},读事件处理错误：%{1}
写事件处理错误：%{1},写事件处理错误：%{1}
信号处理错误：%{1},信号处理错误：%{1}
定时器执行错误：%{1},定时器执行错误：%{1}
WLS错误扫描,WLS错误扫描
"扫描 WLS 日志中的 Fatal/ParseError/TypeError 等关键错误，生成修复任务","扫描 WLS 日志中的 Fatal/ParseError/TypeError 等关键错误，生成修复任务"
攻击信号监控,攻击信号监控
"监控攻击信号文件，触发 CDN 攻击防护/恢复","监控攻击信号文件，触发 CDN 攻击防护/恢复"
无攻击信号需要处理,无攻击信号需要处理
"攻击信号监控异常: %{1}","攻击信号监控异常: %{1}"
无活跃攻击信号,无活跃攻击信号
"已通知 CDN 开启攻击防护模式，攻击次数: %{1}","已通知 CDN 开启攻击防护模式，攻击次数: %{1}"
"已通知 CDN 关闭攻击防护模式，持续时间: %{1} 分钟","已通知 CDN 关闭攻击防护模式，持续时间: %{1} 分钟"
"SSL 证书自动续签","SSL 证书自动续签"
"每天检查即将到期的证书：%{1} 天内发送通知，%{2} 天内自动续签","每天检查即将到期的证书：%{1} 天内发送通知，%{2} 天内自动续签"
没有需要续签的证书,没有需要续签的证书
"证书将在 %{1} 天后过期","证书将在 %{1} 天后过期"
续签成功,续签成功
续签异常,续签异常
"证书自动续签完成：检查 %{1} 个，提醒 %{2} 个，成功 %{3} 个，失败 %{4} 个，跳过 %{5} 个","证书自动续签完成：检查 %{1} 个，提醒 %{2} 个，成功 %{3} 个，失败 %{4} 个，跳过 %{5} 个"
证书自动续签任务失败：%{1},证书自动续签任务失败：%{1}
"SSL 证书即将过期","SSL 证书即将过期"
"域名 %{1} 的 SSL 证书将在 %{2} 天后过期（%{3}），请关注续签或手动续签。","域名 %{1} 的 SSL 证书将在 %{2} 天后过期（%{3}），请关注续签或手动续签。"
"请指定域名：--domain example.com","请指定域名：--domain example.com"
"正在为 %{1} 申请 SSL 证书...","正在为 %{1} 申请 SSL 证书..."
联系邮箱：%{1},联系邮箱：%{1}
Webroot：%{1},Webroot：%{1}
检测到本地域名，将生成自签证书,检测到本地域名，将生成自签证书
"✓ 自签证书生成成功！","✓ 自签证书生成成功！"
证书路径：%{1},证书路径：%{1}
私钥路径：%{1},私钥路径：%{1}
到期时间：%{1},到期时间：%{1}
"启用 HTTPS：","启用 HTTPS："
"✗ 证书生成失败：%{1}","✗ 证书生成失败：%{1}"
"请先安装 event 扩展后再执行申请证书。","请先安装 event 扩展后再执行申请证书。"
证书提供商：%{1},证书提供商：%{1}
"Webroot 目录不存在：%{1}","Webroot 目录不存在：%{1}"
"✓ 证书申请成功！","✓ 证书申请成功！"
"✗ 证书申请失败：%{1}","✗ 证书申请失败：%{1}"
"续签将继续执行，但启用 HTTPS 前请先安装 event 扩展。","续签将继续执行，但启用 HTTPS 前请先安装 event 扩展。"
"正在续签 %{1} 的证书...","正在续签 %{1} 的证书..."
"✓ 证书续签成功","✓ 证书续签成功"
"✗ 证书续签失败：%{1}","✗ 证书续签失败：%{1}"
"检查需要续签的证书（%{1} 天内过期）...","检查需要续签的证书（%{1} 天内过期）..."
"✓ %{1} - 续签成功","✓ %{1} - 续签成功"
"✗ %{1} - 续签失败：%{2}","✗ %{1} - 续签失败：%{2}"
"SSL 证书列表","SSL 证书列表"
自动续签,自动续签
"Weline Server SSL 证书管理","Weline Server SSL 证书管理"
证书总数：%{1},证书总数：%{1}
有效证书：%{1},有效证书：%{1}
"HTTPS 启用：%{1}","HTTPS 启用：%{1}"
即将过期（30天内）：%{1},即将过期（30天内）：%{1}
可用命令：,可用命令：
"- 查看证书列表","- 查看证书列表"
"- 申请新证书（localhost 自动生成自签证书）","- 申请新证书（localhost 自动生成自签证书）"
"- 续签到期证书","- 续签到期证书"
"- 同步网站域名","- 同步网站域名"
"- 启用 HTTPS","- 启用 HTTPS"
"- 禁用 HTTPS","- 禁用 HTTPS"
站点域名查询不可用：%{1},站点域名查询不可用：%{1}
未找到任何网站域名,未找到任何网站域名
"找到 %{1} 个域名","找到 %{1} 个域名"
"✓ %{1} - 已有有效证书","✓ %{1} - 已有有效证书"
"→ %{1} - 申请证书...","→ %{1} - 申请证书..."
"✓ 成功","✓ 成功"
"✗ 失败：%{1}","✗ 失败：%{1}"
禁用,禁用
"正在 %{1} %{2} 的 HTTPS...","正在 %{1} %{2} 的 HTTPS..."
"✓ %{1}","✓ %{1}"
重要：请重启服务器使配置生效,重要：请重启服务器使配置生效
"✗ %{1}","✗ %{1}"
操作：status/list/request/renew/sync/enable/disable,操作：status/list/request/renew/sync/enable/disable
指定域名,指定域名
"Webroot 路径（默认：pub/）","Webroot 路径（默认：pub/）"
证书提供商（letsencrypt/litessl）,证书提供商（letsencrypt/litessl）
"强制执行 ACME（忽略本地未过期证书）","强制执行 ACME（忽略本地未过期证书）"
提前续签天数（默认：30）,提前续签天数（默认：30）
显示证书状态概览（默认）,显示证书状态概览（默认）
列出所有证书,列出所有证书
同步网站域名并申请证书,同步网站域名并申请证书
"启用指定域名的 HTTPS","启用指定域名的 HTTPS"
"禁用指定域名的 HTTPS","禁用指定域名的 HTTPS"
查看状态,查看状态
列出证书,列出证书
续签证书,续签证书
同步并申请,同步并申请
"启用 HTTPS","启用 HTTPS"
"禁用 HTTPS","禁用 HTTPS"
"监督可恢复后台任务 Runner、租约与崩溃恢复","监督可恢复后台任务 Runner、租约与崩溃恢复"
"作为持久 Watchdog 进程运行","作为持久 Watchdog 进程运行"
仅执行一次检查,仅执行一次检查
"未检测到运行中的 WLS Master","未检测到运行中的 WLS Master"
未知子命令：%{1},未知子命令：%{1}
启用维护模式...,启用维护模式...
发送命令失败,发送命令失败
维护模式命令已进入控制队列,维护模式命令已进入控制队列
队列位置：%{1},队列位置：%{1}
"✗ 启用失败：%{1}","✗ 启用失败：%{1}"
维护转换未返回可验证终态,维护转换未返回可验证终态
"✓ 维护模式已启用","✓ 维护模式已启用"
"维护 Worker 数量：%{1}","维护 Worker 数量：%{1}"
禁用维护模式...,禁用维护模式...
"✗ 禁用失败：%{1}","✗ 禁用失败：%{1}"
"✓ 维护模式已禁用","✓ 维护模式已禁用"
开始滚动重启...,开始滚动重启...
"维护 Worker 将自动启用以接管流量","维护 Worker 将自动启用以接管流量"
"无法获取控制端口，请检查 Master 是否运行","无法获取控制端口，请检查 Master 是否运行"
"无法建立 IPC 连接: %{1}","无法建立 IPC 连接: %{1}"
"✓ 滚动重启命令已发送","✓ 滚动重启命令已发送"
"等待 Orchestrator 完成滚动重启...","等待 Orchestrator 完成滚动重启..."
获取状态失败,获取状态失败
维护模式状态,维护模式状态
维护模式：%{1},维护模式：%{1}
滚动重启：%{1},滚动重启：%{1}
"维护 Worker：%{1}","维护 Worker：%{1}"
维护操作已结束，但未提交请求的目标状态,维护操作已结束，但未提交请求的目标状态
维护操作在可观测终态返回前超时,维护操作在可观测终态返回前超时
连接异常断开,连接异常断开
"✗ 滚动重启失败：%{1}","✗ 滚动重启失败：%{1}"
等待超时（%{1}s），重启可能仍在进行中,等待超时（%{1}s），重启可能仍在进行中
"可用 server:maintenance status 查看当前状态","可用 server:maintenance status 查看当前状态"
"✓ 滚动重启完成（%{1}/%{2} Worker）","✓ 滚动重启完成（%{1}/%{2} Worker）"
维护模式已自动禁用,维护模式已自动禁用
"用法：server:maintenance <子命令> [实例名]","用法：server:maintenance <子命令> [实例名]"
子命令：,子命令：
"启用维护模式（Dispatcher 切维护池；Direct 切业务 Worker 本地门禁）","启用维护模式（Dispatcher 切维护池；Direct 切业务 Worker 本地门禁）"
禁用维护模式并恢复业务响应,禁用维护模式并恢复业务响应
执行滚动重启（自动管理维护模式）,执行滚动重启（自动管理维护模式）
查看维护模式状态,查看维护模式状态
示例：,示例：
"WLS 维护模式管理（Dispatcher 维护池 / Direct Worker 本地门禁）","WLS 维护模式管理（Dispatcher 维护池 / Direct Worker 本地门禁）"
"管理 WLS 维护模式：Dispatcher 切换维护 Worker 池；Direct 通过 IPC ACK 切换业务 Worker 本地维护门禁。","管理 WLS 维护模式：Dispatcher 切换维护 Worker 池；Direct 通过 IPC ACK 切换业务 Worker 本地维护门禁。"
"启用维护模式：Dispatcher 启动/切换维护池；Direct 不启动维护 Worker","启用维护模式：Dispatcher 启动/切换维护池；Direct 不启动维护 Worker"
"禁用维护模式：恢复业务 Worker 正常响应","禁用维护模式：恢复业务 Worker 正常响应"
"执行滚动重启：Dispatcher 使用维护池；Direct 使用业务 Worker 本地维护门禁","执行滚动重启：Dispatcher 使用维护池；Direct 使用业务 Worker 本地维护门禁"
实例名称（默认：default）,实例名称（默认：default）
滚动重启,滚动重启
"按拓扑使用维护池或 Worker 本地门禁，分批替换 Worker","按拓扑使用维护池或 Worker 本地门禁，分批替换 Worker"
"维护 Worker","维护 Worker"
"仅 Dispatcher 拓扑使用；Direct 的维护 Worker 目标数固定为 0","仅 Dispatcher 拓扑使用；Direct 的维护 Worker 目标数固定为 0"
自动管理,自动管理
"rolling 命令会自动启用/禁用维护模式，无需手动操作","rolling 命令会自动启用/禁用维护模式，无需手动操作"
滚动重启（推荐）,滚动重启（推荐）
手动启用维护模式,手动启用维护模式
手动禁用维护模式,手动禁用维护模式
"`--all` 与 `-pre/--prefix` 不能同时使用。","`--all` 与 `-pre/--prefix` 不能同时使用。"
请二选一：要么停止所有实例，要么只停止某个前缀。,请二选一：要么停止所有实例，要么只停止某个前缀。
该实例的启动、停止、重载或清理任务正在处理中，请稍后再试。,该实例的启动、停止、重载或清理任务正在处理中，请稍后再试。
若锁文件长期存在，请确认停止任务是否已结束后再重试。,若锁文件长期存在，请确认停止任务是否已结束后再重试。
"共享网关：经本地退休栅栏和控制面状态确认，当前启动代没有待注销路由；继续停止本地 WLS。","共享网关：经本地退休栅栏和控制面状态确认，当前启动代没有待注销路由；继续停止本地 WLS。"
共享网关：当前实例连接已自然排空并注销；网关本身与其他项目保持运行。,共享网关：当前实例连接已自然排空并注销；网关本身与其他项目保持运行。
共享网关路由未完成签名排空/注销：%{1},共享网关路由未完成签名排空/注销：%{1}
"托管 Nginx：%{1}","托管 Nginx：%{1}"
"托管 Nginx 停止失败：%{1}","托管 Nginx 停止失败：%{1}"
"托管 Nginx 停止异常：%{1}","托管 Nginx 停止异常：%{1}"
"已中止残留清理：请先修复托管 Nginx 停止故障，或显式使用强制停止。","已中止残留清理：请先修复托管 Nginx 停止故障，或显式使用强制停止。"
"实例 [%{1}] 不存在","实例 [%{1}] 不存在"
"已在实例文件缺失场景下安全清理 %{1} 个受管 WLS 进程","已在实例文件缺失场景下安全清理 %{1} 个受管 WLS 进程"
"使用 server:listing 查看所有实例","使用 server:listing 查看所有实例"
"已中止 WLS 停止：请先修复边缘路由/托管 Nginx 故障，或显式使用强制停止。","已中止 WLS 停止：请先修复边缘路由/托管 Nginx 故障，或显式使用强制停止。"
"Master 进程不存在 (PID: %{1})","Master 进程不存在 (PID: %{1})"
"Master PID 缺失但控制端口仍可用，先尝试通过 IPC 自停...","Master PID 缺失但控制端口仍可用，先尝试通过 IPC 自停..."
"控制端口已接受 STOP，继续复核残留进程 ✓","控制端口已接受 STOP，继续复核残留进程 ✓"
"Instance [%{1}] still has residual WLS processes; keeping instance metadata for continued cleanup.","Instance [%{1}] still has residual WLS processes; keeping instance metadata for continued cleanup."
"实例元数据已标记停止并保留 ✓","实例元数据已标记停止并保留 ✓"
"实例 [%{1}] 仍有残留 WLS 进程，已保留实例文件以便继续清理。","实例 [%{1}] 仍有残留 WLS 进程，已保留实例文件以便继续清理。"
"实例 Master PID 或控制端口归属校验未通过，跳过 IPC，改用本地清理。","实例 Master PID 或控制端口归属校验未通过，跳过 IPC，改用本地清理。"
"快速清场模式：跳过 IPC 排水，并发终止旧实例子进程...","快速清场模式：跳过 IPC 排水，并发终止旧实例子进程..."
"实例 [%{1}] 仍有残留进程，已保留实例文件以便继续清理。","实例 [%{1}] 仍有残留进程，已保留实例文件以便继续清理。"
"实例 [%{1}] 已停止（-f 强制模式） ✓","实例 [%{1}] 已停止（-f 强制模式） ✓"
"实例 [%{1}] 已停止（快速清场） ✓","实例 [%{1}] 已停止（快速清场） ✓"
"-f --ipc：跳过排水，通过 IPC 发起停止，响应后并发清理当前实例进程...","-f --ipc：跳过排水，通过 IPC 发起停止，响应后并发清理当前实例进程..."
"发送 STOP 命令给 Master (通过 IPC)...","发送 STOP 命令给 Master (通过 IPC)..."
"所有子进程已完整退出 ✓","所有子进程已完整退出 ✓"
"Stop flow is still running in Master after the CLI wait ended; keeping instance metadata and skipping local cleanup.","Stop flow is still running in Master after the CLI wait ended; keeping instance metadata and skipping local cleanup."
"IPC 超时，按受保护进程出生身份清理该实例下所有进程...","IPC 超时，按受保护进程出生身份清理该实例下所有进程..."
"实例 [%{1}] 已停止 ✓","实例 [%{1}] 已停止 ✓"
停止服务器实例,停止服务器实例
实例名称：,实例名称：
"Master PID：","Master PID："
(未运行),(未运行)
控制端口：,控制端口：
(未配置),(未配置)
"纯 WLS 公网端口：","纯 WLS 公网端口："
"WLS 回源端口：","WLS 回源端口："
"由纯 WLS 直接终结","由纯 WLS 直接终结"
"由托管 Nginx 终结","由托管 Nginx 终结"
"公网 TLS：","公网 TLS："
"HTTP 跳转：","HTTP 跳转："
启动时间：,启动时间：
(未知),(未知)
清理残留进程...,清理残留进程...
"已清理 %{1} 个残留进程","已清理 %{1} 个残留进程"
重试次数：%{1},重试次数：%{1}
无残留进程,无残留进程
"残留清理未完全完成，残留进程: %{1}, 残留端口: %{2}","残留清理未完全完成，残留进程: %{1}, 残留端口: %{2}"
"受保护进程身份仍有 %{1} 项未确认释放：%{2}","受保护进程身份仍有 %{1} 项未确认释放：%{2}"
"已清理 %{1} 个残留进程（复核结束）","已清理 %{1} 个残留进程（复核结束）"
"已处理 %{1} 个进程","已处理 %{1} 个进程"
"Master 已退出，先快速终止实例内已知子进程（含 Session/Memory）...","Master 已退出，先快速终止实例内已知子进程（含 Session/Memory）..."
"已发送终止信号 %{1} 个已知子进程","已发送终止信号 %{1} 个已知子进程"
"精确身份清理仍有 %{1} 项未确认释放：%{2}","精确身份清理仍有 %{1} 项未确认释放：%{2}"
"Fast-local cleanup still has residual process ids: %{1}","Fast-local cleanup still has residual process ids: %{1}"
"Fast-local cleanup terminated %{1} residual processes.","Fast-local cleanup terminated %{1} residual processes."
"Fast-local cleanup found no verified residual processes.","Fast-local cleanup found no verified residual processes."
"STOP 命令在 ACK 超时内未得到确认（未见 Stopping），转为本地清理。","STOP 命令在 ACK 超时内未得到确认（未见 Stopping），转为本地清理。"
"Master STOP 追踪文件末条事件：%{1}","Master STOP 追踪文件末条事件：%{1}"
没有正在运行的实例,没有正在运行的实例
停止所有服务器实例,停止所有服务器实例
"发现 %{1} 个 Weline Server 实例","发现 %{1} 个 Weline Server 实例"
"正在停止实例 [%{1}]...","正在停止实例 [%{1}]..."
"实例 [%{1}] 正在被其他生命周期任务处理，已跳过。","实例 [%{1}] 正在被其他生命周期任务处理，已跳过。"
"部分实例因托管 Nginx 停止失败而未完成，命令将返回非零状态。","部分实例因托管 Nginx 停止失败而未完成，命令将返回非零状态。"
"所有 Weline Server 实例已停止","所有 Weline Server 实例已停止"
"正在停止 PHP 内置服务器 (cli-server)...","正在停止 PHP 内置服务器 (cli-server)..."
"PHP 内置服务器已停止","PHP 内置服务器已停止"
"进度 [%{1}/%{2}] 正在停止实例 [%{3}]...","进度 [%{1}/%{2}] 正在停止实例 [%{3}]..."
实例前缀不能为空。,实例前缀不能为空。
"没有找到前缀为 [%{1}] 的实例。","没有找到前缀为 [%{1}] 的实例。"
"使用 server:listing 查看当前实例列表。","使用 server:listing 查看当前实例列表。"
按前缀停止服务器实例,按前缀停止服务器实例
实例前缀：%{1},实例前缀：%{1}
"发现 %{1} 个匹配实例","发现 %{1} 个匹配实例"
部分前缀实例未完成停止，命令将返回非零状态。,部分前缀实例未完成停止，命令将返回非零状态。
"前缀 [%{1}] 匹配的实例已处理完成。","前缀 [%{1}] 匹配的实例已处理完成。"
"停止 Weline Server 或 PHP 内置服务器实例","停止 Weline Server 或 PHP 内置服务器实例"
"停止正在运行的 Weline Server 或 PHP 内置服务器实例","停止正在运行的 Weline Server 或 PHP 内置服务器实例"
"一个或多个实例名称（默认：default；cli/cli-server 表示 PHP 内置服务器）","一个或多个实例名称（默认：default；cli/cli-server 表示 PHP 内置服务器）"
"停止所有运行中的实例（含 Weline Server 与 CLI 服务器）","停止所有运行中的实例（含 Weline Server 与 CLI 服务器）"
"停止所有实例名以该前缀开头的 Weline Server 实例","停止所有实例名以该前缀开头的 Weline Server 实例"
"强制停止：通过认证 IPC 跳过排水；IPC 失联时仅按受保护进程出生身份清理","强制停止：通过认证 IPC 跳过排水；IPC 失联时仅按受保护进程出生身份清理"
"显式跳过 IPC；仅允许受保护 Master/子进程出生身份清理，无法证明时拒绝终止","显式跳过 IPC；仅允许受保护 Master/子进程出生身份清理，无法证明时拒绝终止"
"兼容参数：WLS 2.0 默认始终优先使用认证 IPC","兼容参数：WLS 2.0 默认始终优先使用认证 IPC"
显示帮助信息,显示帮助信息
停止默认实例,停止默认实例
停止指定实例,停止指定实例
停止多个指定实例,停止多个指定实例
按前缀停止实例,按前缀停止实例
"停止 PHP 内置服务器","停止 PHP 内置服务器"
停止所有实例,停止所有实例
"强制停止（认证 IPC，失败后精确身份清理）","强制停止（认证 IPC，失败后精确身份清理）"
显式本地精确身份清理,显式本地精确身份清理
正在停止服务器...,正在停止服务器...
"Weline Server 已停止！","Weline Server 已停止！"
"server:stop only stops WLS-managed processes; independent bin/w commands such as setup:upgrade or cron:task:run must be handled separately.","server:stop 只停止 WLS 托管进程；setup:upgrade、cron:task:run 等独立 bin/w 命令需要单独处理。"
"Weline Server 停止失败","Weline Server 停止失败"
"正在重载域名 %{1} 的证书...","正在重载域名 %{1} 的证书..."
正在从证书管理重载所有可用证书...,正在从证书管理重载所有可用证书...
"已启用 --clear：将清除不完整证书的 DB 记录和磁盘文件，重置为可重新申请状态","已启用 --clear：将清除不完整证书的 DB 记录和磁盘文件，重置为可重新申请状态"
"已启用 --clear-no-pem：缺少 PEM 的证书记录将被删除","已启用 --clear-no-pem：缺少 PEM 的证书记录将被删除"
"成功重载 %{1} 个证书","成功重载 %{1} 个证书"
"发现 %{1} 个已过期证书，已发送系统通知","发现 %{1} 个已过期证书，已发送系统通知"
"已清除 %{1} 条不完整证书","已清除 %{1} 条不完整证书"
"✗ 已清除 %{1}","✗ 已清除 %{1}"
"已刷新本地证书文件、SNI 映射和 WLS 证书缓存","已刷新本地证书文件、SNI 映射和 WLS 证书缓存"
没有需要重载的证书,没有需要重载的证书
"从证书管理重载证书文件并刷新 WLS 映射","从证书管理重载证书文件并刷新 WLS 映射"
"从证书管理中读取 PEM 内容，重载到本地证书目录，并刷新 WLS 的 SNI 证书映射","从证书管理中读取 PEM 内容，重载到本地证书目录，并刷新 WLS 的 SNI 证书映射"
只重载指定域名的证书,只重载指定域名的证书
"清除缺少 PEM 或证书文件不正常的证书记录及其磁盘目录，重置证书状态以便重新申请","清除缺少 PEM 或证书文件不正常的证书记录及其磁盘目录，重置证书状态以便重新申请"
"同 --clear（兼容旧参数）","同 --clear（兼容旧参数）"
默认行为,默认行为
"重载所有启用了 HTTPS 的有效/异常证书记录；已过期证书仅通知不重载","重载所有启用了 HTTPS 的有效/异常证书记录；已过期证书仅通知不重载"
重载全部证书,重载全部证书
重载单个域名,重载单个域名
清除不完整证书并重置,清除不完整证书并重置
"拒绝执行全局 PHP 进程杀伤。","拒绝执行全局 PHP 进程杀伤。"
"如确需杀死系统中所有 PHP 进程，请显式使用 --all-php --yes。","如确需杀死系统中所有 PHP 进程，请显式使用 --all-php --yes。"
"未发现 WLS 实例记录；不会执行全局 php.exe/pkill。","未发现 WLS 实例记录；不会执行全局 php.exe/pkill。"
"未找到可清理的 WLS 进程前缀。","未找到可清理的 WLS 进程前缀。"
"将仅结束当前项目 WLS 归属的 PHP 进程，不会杀死系统中所有 PHP。","将仅结束当前项目 WLS 归属的 PHP 进程，不会杀死系统中所有 PHP。"
"已发送 WLS 归属 PHP 进程清理请求。","已发送 WLS 归属 PHP 进程清理请求。"
"即将结束系统中所有 PHP 进程（包含非 WLS 进程）。","即将结束系统中所有 PHP 进程（包含非 WLS 进程）。"
"已执行全局 PHP 进程清理。","已执行全局 PHP 进程清理。"
"未检测到运行中的 PHP 进程，或系统拒绝执行。","未检测到运行中的 PHP 进程，或系统拒绝执行。"
"结束 WLS 归属 PHP 进程；全局 PHP 清理必须显式 --all-php --yes","结束 WLS 归属 PHP 进程；全局 PHP 清理必须显式 --all-php --yes"
"默认只结束当前项目 WLS 归属 PHP 进程","默认只结束当前项目 WLS 归属 PHP 进程"
"危险：杀死系统中所有 PHP 进程","危险：杀死系统中所有 PHP 进程"
"与 --all-php 同用，确认全局杀伤","与 --all-php 同用，确认全局杀伤"
安全默认,安全默认
"不再执行 taskkill /IM php.exe 或 pkill -9 php，除非显式 --all-php --yes","不再执行 taskkill /IM php.exe 或 pkill -9 php，除非显式 --all-php --yes"
"清理 WLS 归属进程","清理 WLS 归属进程"
全局清理（危险）,全局清理（危险）
"清除 WLS 路由缓存...","清除 WLS 路由缓存..."
实例不存在,实例不存在
发送路由缓存清除命令,发送路由缓存清除命令
"路由缓存清除命令已被 Master 接收","路由缓存清除命令已被 Master 接收"
状态：%{1},状态：%{1}
清除缓存失败,清除缓存失败
"清除 WLS Dispatcher 路由缓存","清除 WLS Dispatcher 路由缓存"
"📋 您的 PHP 环境","📋 您的 PHP 环境"
"⚡ 优化状态","⚡ 优化状态"
"⚠️ 待优化项：","⚠️ 待优化项："
"✅ 所有优化项已配置完成！","✅ 所有优化项已配置完成！"
"📖 在线优化指南","📖 在线优化指南"
访问以下链接查看详细的安装步骤：,访问以下链接查看详细的安装步骤：
"🔒 安全策略：仅允许后台本地 AJAX 请求","🔒 安全策略：仅允许后台本地 AJAX 请求"
"💡 需要先登录后台才能访问","💡 需要先登录后台才能访问"
"🚀 快速优化","🚀 快速优化"
"📦 %{1}","📦 %{1}"
文件：%{1},文件：%{1}
显示性能优化文档链接,显示性能优化文档链接
"请指定 --ip=<IP> 解封单个 IP，或 --clear-all 清空全部封禁","请指定 --ip=<IP> 解封单个 IP，或 --clear-all 清空全部封禁"
解封命令已接收,解封命令已接收
解封命令失败,解封命令失败
"公网协议所有者：纯 WLS；无需 Nginx 或其他边缘进程。","公网协议所有者：纯 WLS；无需 Nginx 或其他边缘进程。"
"纯 WLS 协议：目标=%{1}，实际首选=%{2}，回退=%{3}","纯 WLS 协议：目标=%{1}，实际首选=%{2}，回退=%{3}"
未验证,未验证
无,无
"纯 WLS TLS：TLS 1.3=%{1}，ALPN HTTP/2=%{2}","纯 WLS TLS：TLS 1.3=%{1}，ALPN HTTP/2=%{2}"
已验证,已验证
"纯 WLS HTTP/3：不可用；需要项目托管 Nginx。","纯 WLS HTTP/3：不可用；需要项目托管 Nginx。"
"纯 WLS TLS Session：configured=%{1}，live Reused=%{2}，cross Worker=%{3}","纯 WLS TLS Session：configured=%{1}，live Reused=%{2}，cross Worker=%{3}"
pending,pending
"TLS Session 说明：%{1}","TLS Session 说明：%{1}"
"运行端点协议或 Managed Nginx owner 尚未完整绑定；下面不会把配置值提升为运行验证。","运行端点协议或 Managed Nginx owner 尚未完整绑定；下面不会把配置值提升为运行验证。"
"当前为配置预览；运行验证只有在实例与 Managed Nginx owner 绑定后才归因。","当前为配置预览；运行验证只有在实例与 Managed Nginx owner 绑定后才归因。"
"Nginx reload：仅使用项目托管生命周期，不执行宿主机外部命令。","Nginx reload：仅使用项目托管生命周期，不执行宿主机外部命令。"
"Managed Nginx：托管=%{1}，已安装=%{2}，运行中=%{3}，owner=%{4}，upstream=%{5}:%{6}","Managed Nginx：托管=%{1}，已安装=%{2}，运行中=%{3}，owner=%{4}，upstream=%{5}:%{6}"
未绑定,未绑定
"Managed Nginx 公网端口：owner HTTP=%{1}，HTTPS=%{2}，已绑定=%{3}；当前配置预期 HTTP=%{4}，HTTPS=%{5}","Managed Nginx 公网端口：owner HTTP=%{1}，HTTPS=%{2}，已绑定=%{3}；当前配置预期 HTTP=%{4}，HTTPS=%{5}"
"Managed Nginx 身份：期望版本=%{1}，实际版本=%{2}，manifest=%{3}，配置摘要=%{4}，upstream 摘要=%{5}","Managed Nginx 身份：期望版本=%{1}，实际版本=%{2}，manifest=%{3}，配置摘要=%{4}，upstream 摘要=%{5}"
匹配,匹配
不匹配,不匹配
"Nginx 公网协议：配置顺序=%{1}，配置首选=%{2}，实测首选=%{3}，整体运行验证=%{4}","Nginx 公网协议：配置顺序=%{1}，配置首选=%{2}，实测首选=%{3}，整体运行验证=%{4}"
未配置,未配置
通过,通过
未通过,未通过
"Nginx HTTP/2：模块能力=%{1}，已配置=%{2}，owner-bound 真实请求=%{3}","Nginx HTTP/2：模块能力=%{1}，已配置=%{2}，owner-bound 真实请求=%{3}"
"Nginx HTTP/1.1 回退：已配置=%{1}，真实请求=%{2}","Nginx HTTP/1.1 回退：已配置=%{1}，真实请求=%{2}"
"Nginx HTTP/3：二进制能力=%{1}，已配置=%{2}，Alt-Svc=%{3}，真实 QUIC=%{4}","Nginx HTTP/3：二进制能力=%{1}，已配置=%{2}，Alt-Svc=%{3}，真实 QUIC=%{4}"
"Nginx HTTP/3 说明：%{1}","Nginx HTTP/3 说明：%{1}"
"Nginx TLS 1.3：二进制能力=%{1}，仅允许 TLS 1.3=%{2}，真实握手=%{3}","Nginx TLS 1.3：二进制能力=%{1}，仅允许 TLS 1.3=%{2}，真实握手=%{3}"
"Nginx TLS Session：shared cache=%{1}，tickets=%{2}，共享 ticket keys=%{3}，真实恢复握手=%{4}","Nginx TLS Session：shared cache=%{1}，tickets=%{2}，共享 ticket keys=%{3}，真实恢复握手=%{4}"
已配置,已配置
"Nginx TLS Session 证据：evidence-bound=%{1}，Master PID match=%{2}，resumed handshake P95=%{3}","Nginx TLS Session 证据：evidence-bound=%{1}，Master PID match=%{2}，resumed handshake P95=%{3}"
"Nginx TLS Session 样本：总数=%{1}，完成=%{2}，失败=%{3}，fresh=%{4}，resumed=%{5}","Nginx TLS Session 样本：总数=%{1}，完成=%{2}，失败=%{3}，fresh=%{4}，resumed=%{5}"
不适用,不适用
待验证,待验证
"Nginx TLS Session Worker：observed=%{1}，effective=%{2}；same=%{3}（resumed=%{4}），cross=%{5}（resumed=%{6}）","Nginx TLS Session Worker：observed=%{1}，effective=%{2}；same=%{3}（resumed=%{4}），cross=%{5}（resumed=%{6}）"
"Nginx TLS Session Reload：同一 Session 跨 reload=%{1}，旧 Worker PID=%{2}，新 Worker PID=%{3}，恢复握手=%{4}","Nginx TLS Session Reload：同一 Session 跨 reload=%{1}，旧 Worker PID=%{2}，新 Worker PID=%{3}，恢复握手=%{4}"
"共享 Session Cache/Ticket Key 只是配置事实；尚无新连接恢复握手的实测证据。","共享 Session Cache/Ticket Key 只是配置事实；尚无新连接恢复握手的实测证据。"
"WLS 内部回源：角色=%{1}，协议=%{2}，公网 TLS/ALPN 证据不从 PHP/WLS 推导","WLS 内部回源：角色=%{1}，协议=%{2}，公网 TLS/ALPN 证据不从 PHP/WLS 推导"
"未找到实例 [%{1}]","未找到实例 [%{1}]"
"实例 %{1} control_port=%{2} master_pid=%{3}","实例 %{1} control_port=%{2} master_pid=%{3}"
控制端口无效,控制端口无效
连接失败：%{1},连接失败：%{1}
"首包耗时 %{1}s owner_pid=%{2}","首包耗时 %{1}s owner_pid=%{2}"
"IPC 连通性探测（status）","IPC 连通性探测（status）"
"连接实例控制端口并发送 status，输出耗时与占用 PID","连接实例控制端口并发送 status，输出耗时与占用 PID"
"实例名（默认 default）","实例名（默认 default）"
探测默认实例,探测默认实例
"Session Server %{1}","Session Server %{1}"
"Memory Service %{1}","Memory Service %{1}"
"Memory Service disabled by configuration.","Memory Service disabled by configuration."
"停止全局共享 Session/Memory 服务","停止全局共享 Session/Memory 服务"
停止共享服务,停止共享服务
"查看全局共享 Session/Memory 服务状态","查看全局共享 Session/Memory 服务状态"
查看共享服务状态,查看共享服务状态
"%{1}: %{2} %{3}:%{4} (pid=%{5}, token=%{6})","%{1}: %{2} %{3}:%{4} (pid=%{5}, token=%{6})"
%{1},%{1}
"启动全局共享 Session/Memory 服务","启动全局共享 Session/Memory 服务"
"启动或重启全局共享 Session/Memory 服务","启动或重启全局共享 Session/Memory 服务"
行为,行为
"共享服务独立于实例 Master；此命令只管理全局 Session/Memory。","共享服务独立于实例 Master；此命令只管理全局 Session/Memory。"
启动共享服务,启动共享服务
"%{1} ready: %{2}:%{3} (pid=%{4}, token=%{5})","%{1} ready: %{2}:%{3} (pid=%{4}, token=%{5})"
"Weline Server","Weline Server"
服务器实例列表,服务器实例列表
没有找到运行中的服务器实例,没有找到运行中的服务器实例
没有找到任何服务器实例,没有找到任何服务器实例
"总计: %{total}  |  Weline: ●%{wrun} ○%{wstop}  |  CLI: ●%{clirun}","总计: %{total}  |  Weline: ●%{wrun} ○%{wstop}  |  CLI: ●%{clirun}"
"[WLS] = Weline Server (高性能)  |  [CLI] = PHP 内置服务器(开发)","[WLS] = Weline Server (高性能)  |  [CLI] = PHP 内置服务器(开发)"
═══════════════════════════════════════════════════════════════════════════════,═══════════════════════════════════════════════════════════════════════════════
服务器实例详细列表,服务器实例详细列表
───────────────────────────────────────────────────────────────────────────────,───────────────────────────────────────────────────────────────────────────────
"[%{1}] ● 运行中","[%{1}] ● 运行中"
"[%{1}] ○ 已停止","[%{1}] ○ 已停止"
"├─ 服务类型   : %{1}","├─ 服务类型   : %{1}"
"├─ 监听地址   : %{1}:%{2}","├─ 监听地址   : %{1}:%{2}"
"├─ Worker 数  : %{1}","├─ Worker 数  : %{1}"
"├─ 运行模式   : %{1}","├─ 运行模式   : %{1}"
守护进程,守护进程
前台模式,前台模式
"├─ 启动时间   : %{1}","├─ 启动时间   : %{1}"
"└─ 运行时长   : %{1}","└─ 运行时长   : %{1}"
"总计：%{1} 个实例","总计：%{1} 个实例"
"列出所有服务器实例（CLI 和 Weline Server）","列出所有服务器实例（CLI 和 Weline Server）"
"列出所有服务器实例及其状态，包括 Weline Server 和 PHP CLI 服务器","列出所有服务器实例及其状态，包括 Weline Server 和 PHP CLI 服务器"
仅显示运行中的实例,仅显示运行中的实例
显示详细信息,显示详细信息
"按类型过滤：weline 或 cli","按类型过滤：weline 或 cli"
"以 JSON 格式输出","以 JSON 格式输出"
显示所有实例,显示所有实例
"仅 Weline Server","仅 Weline Server"
"仅 CLI 服务器","仅 CLI 服务器"
仅运行中,仅运行中
详细信息,详细信息
"检测到端口/拓扑/Worker/SSL 等启动参数变更，restart -r 将自动切换为完整重启。","检测到端口/拓扑/Worker/SSL 等启动参数变更，restart -r 将自动切换为完整重启。"
将先执行平滑停机，再使用新启动参数重新拉起实例。,将先执行平滑停机，再使用新启动参数重新拉起实例。
"检测到服务器已运行，-f 强制模式：单批次重启 Worker（Master 保持运行）...","检测到服务器已运行，-f 强制模式：单批次重启 Worker（Master 保持运行）..."
"检测到服务器已运行，执行滚动重启（Master 保持运行）...","检测到服务器已运行，执行滚动重启（Master 保持运行）..."
服务器未运行，正在启动...,服务器未运行，正在启动...
"✓ 服务器已在运行中","✓ 服务器已在运行中"
实例名称：%{1},实例名称：%{1}
如需强制重启服务器，请使用以下命令：,如需强制重启服务器，请使用以下命令：
其他操作：,其他操作：
"重启 Weline 常驻内存 HTTP 服务器","重启 Weline 常驻内存 HTTP 服务器"
"确保 Weline Server 运行中（已运行 -r 时保持 Master 滚动重载，未运行则启动）","确保 Weline Server 运行中（已运行 -r 时保持 Master 滚动重载，未运行则启动）"
"强制重启（保持 Master，滚动重载 Worker）","强制重启（保持 Master，滚动重载 Worker）"
"与 -r 同用时：单批次重启 Worker（跳过分批策略）","与 -r 同用时：单批次重启 Worker（跳过分批策略）"
"公网域名或展示主机；WLS 回源始终监听 127.0.0.1","公网域名或展示主机；WLS 回源始终监听 127.0.0.1"
"WLS 明文 HTTP/1.1 回源端口；Nginx 公网端口由 wls.edge.nginx 配置","WLS 明文 HTTP/1.1 回源端口；Nginx 公网端口由 wls.edge.nginx 配置"
"Worker 进程数（默认：4）","Worker 进程数（默认：4）"
确保服务器运行,确保服务器运行
强制重启服务器,强制重启服务器
强制单批次重启,强制单批次重启
重启并更改端口,重启并更改端口
"WLS 原生 HTTP/3 构建已退役；公网协议只由 Nginx 提供。","WLS 原生 HTTP/3 构建已退役；公网协议只由 Nginx 提供。"
"已退役：WLS 原生 HTTP/3 构建","已退役：WLS 原生 HTTP/3 构建"
"该兼容命令已退役；HTTP/3 仅由包含 ngx_http_v3_module 的 Nginx 提供","该兼容命令已退役；HTTP/3 仅由包含 ngx_http_v3_module 的 Nginx 提供"
替代命令,替代命令
能力门禁,能力门禁
"server:doctor 读取 nginx -V；真实 QUIC 请求通过前不会宣称 HTTP/3 已验证","server:doctor 读取 nginx -V；真实 QUIC 请求通过前不会宣称 HTTP/3 已验证"
"每 3 秒刷新","每 3 秒刷新"
退出,退出
"Weline Server 状态","Weline Server 状态"
"已拒绝 %{1} 份非 v4 endpoint；以下最多显示 10 份，文件保持不变。","已拒绝 %{1} 份非 v4 endpoint；以下最多显示 10 份，文件保持不变。"
"[%{1}] %{2}","[%{1}] %{2}"
"其余 %{1} 份已省略。","其余 %{1} 份已省略。"
没有运行中的服务器实例,没有运行中的服务器实例
╔══════════════════════════════════════════════════════════════╗,╔══════════════════════════════════════════════════════════════╗
╚══════════════════════════════════════════════════════════════╝,╚══════════════════════════════════════════════════════════════╝
"● 运行中","● 运行中"
"◐ 部分运行","◐ 部分运行"
"○ 已停止","○ 已停止"
workers,workers
端口范围：,端口范围：
服务：,服务：
"使用 server:status <name> 查看详细状态","使用 server:status <name> 查看详细状态"
"使用 server:stop <name> 停止实例","使用 server:stop <name> 停止实例"
"如有残留 endpoint 文件，可执行 server:clean 清理未运行记录","如有残留 endpoint 文件，可执行 server:clean 清理未运行记录"
"实例 [%{1}] 状态","实例 [%{1}] 状态"
"Worker 数：","Worker 数："
unknown,unknown
"Master 状态：","Master 状态："
"Master 自愈：","Master 自愈："
进程架构：,进程架构：
内存：,内存：
"状态：全部运行中 (%{1}/%{2})","状态：全部运行中 (%{1}/%{2})"
"状态：部分运行 (%{1}/%{2})","状态：部分运行 (%{1}/%{2})"
"状态：全部停止 (%{1}/%{2})","状态：全部停止 (%{1}/%{2})"
"测试请求：curl %{1}/","测试请求：curl %{1}/"
前台/首页,前台/首页
后台入口,后台入口
"后台 REST 接口","后台 REST 接口"
"未配置（请在 env.php 中设置 area_routes.rest_backend.prefix）","未配置（请在 env.php 中设置 area_routes.rest_backend.prefix）"
"前台 REST 接口","前台 REST 接口"
服务访问地址,服务访问地址
回源内部地址（当前无可验证公网入口）,回源内部地址（当前无可验证公网入口）
"运行时选择：仅接受 endpoint schema v4，当前记录已拒绝。","运行时选择：仅接受 endpoint schema v4，当前记录已拒绝。"
实际运行时：,实际运行时：
实际运行时选择：,实际运行时选择：
拓扑：,拓扑：
数据面：,数据面：
策略：,策略：
Endpoint：,Endpoint：
共享网关：,共享网关：
边缘降级：,边缘降级：
选择原因：,选择原因：
"原生 WLS 入口排空：","原生 WLS 入口排空："
"原生 WLS 备用入口：","原生 WLS 备用入口："
"纯 WLS 备用入口：","纯 WLS 备用入口："
"备用 TLS 地址：","备用 TLS 地址："
路由域名/SNI：,路由域名/SNI：
"当前没有可直接使用的 HTTPS URL；必须提供匹配通配符证书的具体 hostname/SNI。","当前没有可直接使用的 HTTPS URL；必须提供匹配通配符证书的具体 hostname/SNI。"
"高端口不等价于 80/443；请确认 DNS、防火墙或负载均衡可到达该端口。","高端口不等价于 80/443；请确认 DNS、防火墙或负载均衡可到达该端口。"
启动失败详情：,启动失败详情：
"WLS 2.0 网关入口","WLS 2.0 网关入口"
"纯 WLS 降级入口","纯 WLS 降级入口"
"纯 WLS 公网入口","纯 WLS 公网入口"
回源内部地址（公网状态未知）,回源内部地址（公网状态未知）
回源内部地址,回源内部地址
"● on (默认)","● on (默认)"
"● on (env.php)","● on (env.php)"
"○ off (env.php)","○ off (env.php)"
端口：,端口：
首页预热：,首页预热：
动态首渲染测量：,动态首渲染测量：
未记录,未记录
"Master PID is running, but IPC status did not respond within 0.5s; the control plane may be busy or in an orchestrator full-restart cycle.","Master PID 已确认存活，但 IPC 状态在 0.5 秒内未响应；控制面可能正忙或处于 Orchestrator 整组重启周期。"
"查看 Weline Server 运行状态","查看 Weline Server 运行状态"
"查看服务器实例状态，树形展示所有 Worker 进程","查看服务器实例状态，树形展示所有 Worker 进程"
实例名称（默认显示所有实例）,实例名称（默认显示所有实例）
"Watch 模式：每 3 秒自动刷新，Ctrl+C 退出","Watch 模式：每 3 秒自动刷新，Ctrl+C 退出"
"显示 WLS 运行时策略、降级原因和优化建议","显示 WLS 运行时策略、降级原因和优化建议"
"与 --doctor 同用时输出 JSON","与 --doctor 同用时输出 JSON"
查看所有实例,查看所有实例
查看指定实例,查看指定实例
"实时监控（watch 模式）","实时监控（watch 模式）"
运行时诊断,运行时诊断
清理未运行实例记录,清理未运行实例记录
"清理未运行的 WLS 实例记录","清理未运行的 WLS 实例记录"
未发现可安全清理的未运行实例记录。,未发现可安全清理的未运行实例记录。
"默认 dry-run 未修改任何文件。","默认 dry-run 未修改任何文件。"
"默认 dry-run：发现 %{1} 个可清理实例，但未删除。","默认 dry-run：发现 %{1} 个可清理实例，但未删除。"
可清理实例：%{1},可清理实例：%{1}
未发现需要清理的未运行实例记录。,未发现需要清理的未运行实例记录。
"可使用 server:status 或 server:listing 查看当前实例状态。","可使用 server:status 或 server:listing 查看当前实例状态。"
"已清理 %{1} 个未运行实例记录。","已清理 %{1} 个未运行实例记录。"
已处理实例：%{1},已处理实例：%{1}
"可使用 server:status 或 server:listing 查看清理后的实例状态。","可使用 server:status 或 server:listing 查看清理后的实例状态。"
"清理已无运行进程但仍残留实例文件的 WLS 实例记录","清理已无运行进程但仍残留实例文件的 WLS 实例记录"
"清理那些已经没有运行但仍占着实例文件的 WLS 实例记录","清理那些已经没有运行但仍占着实例文件的 WLS 实例记录"
"执行清理；默认仅 dry-run 检查","执行清理；默认仅 dry-run 检查"
预览未运行实例记录,预览未运行实例记录
确认清理未运行实例记录,确认清理未运行实例记录
清理后查看实例状态,清理后查看实例状态
"停止本项目托管 Nginx","停止本项目托管 Nginx"
"停止本项目 var/server/nginx 下的托管 Nginx 进程","停止本项目 var/server/nginx 下的托管 Nginx 进程"
示例,示例
"安装本项目托管 Nginx","安装本项目托管 Nginx"
"本命令可能联网下载钉死版本的 Nginx 源码/压缩包，并写入项目隔离的本地安装根。","本命令可能联网下载钉死版本的 Nginx 源码/压缩包，并写入项目隔离的本地安装根。"
安装失败,安装失败
二进制：%{1},二进制：%{1}
"HTTP 监听：%{1}，HTTPS 监听：%{2}（offset=%{3}）","HTTP 监听：%{1}，HTTPS 监听：%{2}（offset=%{3}）"
"安装本项目托管 Nginx 到项目隔离的本地安装根","安装本项目托管 Nginx 到项目隔离的本地安装根"
"按平台下载并安装本项目独立 Nginx 实例；普通 server:start 不会静默下载","按平台下载并安装本项目独立 Nginx 实例；普通 server:start 不会静默下载"
"强制重新获取并按平台重新安装（macOS/Linux 编译，Windows 解压官方预编译包）","强制重新获取并按平台重新安装（macOS/Linux 编译，Windows 解压官方预编译包）"
隔离,隔离
"每个项目使用独立安装根；Windows 固定使用本机 LOCALAPPDATA，避免 UNC/共享盘解压","每个项目使用独立安装根；Windows 固定使用本机 LOCALAPPDATA，避免 UNC/共享盘解压"
"未配置时使用 8080/8443 + projectPortOffset","未配置时使用 8080/8443 + projectPortOffset"
macOS,macOS
"需 Xcode CLT、OpenSSL 3 与 PCRE2；可执行 brew install openssl@3 pcre2","需 Xcode CLT、OpenSSL 3 与 PCRE2；可执行 brew install openssl@3 pcre2"
Linux,Linux
"需 gcc/make 与 OpenSSL/PCRE 头文件（apt/dnf/apk 对应 *-devel/*-dev）","需 gcc/make 与 OpenSSL/PCRE 头文件（apt/dnf/apk 对应 *-devel/*-dev）"
Windows,Windows
"下载官方 nginx.zip 到本机项目隔离目录；需 ZipArchive 或 PowerShell/tar","下载官方 nginx.zip 到本机项目隔离目录；需 ZipArchive 或 PowerShell/tar"
安装,安装
"本项目托管 Nginx 状态","本项目托管 Nginx 状态"
二进制,二进制
项目偏移,项目偏移
安装目录,安装目录
运行目录,运行目录
"查看本项目托管 Nginx 状态","查看本项目托管 Nginx 状态"
"查看本项目托管 Nginx 安装与运行状态","查看本项目托管 Nginx 安装与运行状态"
"JSON 输出","JSON 输出"
"请提供 --upstream=<WLS端口>，例如 --upstream=9981","请提供 --upstream=<WLS端口>，例如 --upstream=9981"
"请提供 --owner=<WLS实例名>，托管 Nginx 不接受未归因的回源接管","请提供 --owner=<WLS实例名>，托管 Nginx 不接受未归因的回源接管"
"owner 必须是运行中的 Nginx-edge WLS 实例，且其端口必须等于 --upstream","owner 必须是运行中的 Nginx-edge WLS 实例，且其端口必须等于 --upstream"
"边缘 HTTP：%{1} → %{2}","边缘 HTTP：%{1} → %{2}"
"边缘 HTTPS：%{1}","边缘 HTTPS：%{1}"
"启动本项目托管 Nginx","启动本项目托管 Nginx"
"生成本项目 nginx.conf 并启动托管 Nginx","生成本项目 nginx.conf 并启动托管 Nginx"
"WLS 明文回源端口","WLS 明文回源端口"
"回源主机，默认 127.0.0.1","回源主机，默认 127.0.0.1"
"拥有该托管边缘的 WLS 实例名","拥有该托管边缘的 WLS 实例名"
"热重载本项目托管 Nginx","热重载本项目托管 Nginx"
"对本项目托管 Nginx 执行 -s reload（证书续签后亦可自动触发）","对本项目托管 Nginx 执行 -s reload（证书续签后亦可自动触发）"
"--tls-version 仅适用于 HTTPS 压测，请同时使用 --ssl 或选择 HTTPS 实例。","--tls-version 仅适用于 HTTPS 压测，请同时使用 --ssl 或选择 HTTPS 实例。"
"--physical-connections 必须是正整数。","--physical-connections 必须是正整数。"
"--physical-connections 必须在 1 到并发数 %{1} 之间。","--physical-connections 必须在 1 到并发数 %{1} 之间。"
"--physical-connections 不能与 --no-keepalive 同时使用；fresh 模式每个请求都必须新建连接。","--physical-connections 不能与 --no-keepalive 同时使用；fresh 模式每个请求都必须新建连接。"
"--max-tls-p95-ms 仅适用于 HTTPS 压测。","--max-tls-p95-ms 仅适用于 HTTPS 压测。"
"--physical-connections 仅用于 HTTP/2 或 HTTP/3 多路复用压测。","--physical-connections 仅用于 HTTP/2 或 HTTP/3 多路复用压测。"
"无法连接到服务器 %{1}:%{2}","无法连接到服务器 %{1}:%{2}"
"Managed Nginx 配置 generation 探针不匹配，已拒绝开始压测。","Managed Nginx 配置 generation 探针不匹配，已拒绝开始压测。"
"Weline Server 压力测试","Weline Server 压力测试"
"未指定 --path，默认使用轻量端点 %{1} 测 WLS 吞吐；压业务页请显式传 --path /xxx","未指定 --path，默认使用轻量端点 %{1} 测 WLS 吞吐；压业务页请显式传 --path /xxx"
"业务路径压测会执行完整安全策略；X-WLS-Benchmark-Worker 仅用于 Worker 归因，不绕过 Origin Token、封禁、限流或攻击规则。高压前请仅为专用测试源 IP 显式配置 whitelist CIDR。","业务路径压测会执行完整安全策略；X-WLS-Benchmark-Worker 仅用于 Worker 归因，不绕过 Origin Token、封禁、限流或攻击规则。高压前请仅为专用测试源 IP 显式配置 whitelist CIDR。"
内容编码探针失败：%{1},内容编码探针失败：%{1}
"内容编码探针：Content-Encoding=%{encoding}，Vary=%{vary}，wire body=%{wire}B，logical body=%{logical}B","内容编码探针：Content-Encoding=%{encoding}，Vary=%{vary}，wire body=%{wire}B，logical body=%{logical}B"
服务器连接成功，开始压测...,服务器连接成功，开始压测...
"检测到多个运行中的 WLS 实例，已拒绝自动选择，避免误压生产实例。","检测到多个运行中的 WLS 实例，已拒绝自动选择，避免误压生产实例。"
"请使用 --instance <name> 明确指定实例：%{1}","请使用 --instance <name> 明确指定实例：%{1}"
"未检测到通过 Managed Nginx owner 与公网端口身份门禁的运行实例。","未检测到通过 Managed Nginx owner 与公网端口身份门禁的运行实例。"
"请先完成 WLS 与 Managed Nginx 启动；如只测内部回源，必须显式使用 -p <WLS端口>。","请先完成 WLS 与 Managed Nginx 启动；如只测内部回源，必须显式使用 -p <WLS端口>。"
"或使用 --instance <name> / -p <port> 明确指定压测目标","或使用 --instance <name> / -p <port> 明确指定压测目标"
"实例 [%{1}] 没有通过其公网入口身份与协议策略门禁。","实例 [%{1}] 没有通过其公网入口身份与协议策略门禁。"
"--instance %{1} 的实际端口是 %{2}:%{3}，与手动端口 %{4} 冲突。","--instance %{1} 的实际端口是 %{2}:%{3}，与手动端口 %{4} 冲突。"
"--instance %{1} 的实际 host 是 %{2}，与手动 host %{3} 冲突。","--instance %{1} 的实际 host 是 %{2}，与手动 host %{3} 冲突。"
"--instance %{1} 的 endpoint 不是 HTTPS，不能与 --ssl 同时使用。","--instance %{1} 的 endpoint 不是 HTTPS，不能与 --ssl 同时使用。"
"实例 [%{1}] 未运行，已拒绝将端口占用者归因为该实例。","实例 [%{1}] 未运行，已拒绝将端口占用者归因为该实例。"
"实例 [%{1}] 未达到网关压测就绪状态：运行 Gateway Backend %{2}/%{3}。","实例 [%{1}] 未达到网关压测就绪状态：运行 Gateway Backend %{2}/%{3}。"
"实例 [%{1}] 的 WLS health endpoint 已健康；Worker 进程索引为 %{2}/%{3}，公网压测仍需通过当前边缘身份门禁。","实例 [%{1}] 的 WLS health endpoint 已健康；Worker 进程索引为 %{2}/%{3}，公网压测仍需通过当前边缘身份门禁。"
"实例 [%{1}] 未达到压测就绪状态：运行 Worker %{2}/%{3}。","实例 [%{1}] 未达到压测就绪状态：运行 Worker %{2}/%{3}。"
"已停止 Worker：%{1}","已停止 Worker：%{1}"
"压测端口必须在 1-65535 范围内。","压测端口必须在 1-65535 范围内。"
"实例 [%{1}] 状态不可读，已拒绝开始压测。","实例 [%{1}] 状态不可读，已拒绝开始压测。"
"--authority-host 与已归因实例的公网 authority 不一致；请使用实例配置中的 %{1}。","--authority-host 与已归因实例的公网 authority 不一致；请使用实例配置中的 %{1}。"
"手动端口唯一匹配到运行实例 [%{1}] 的 %{2}，报告将使用该实例的 schema v%{3} 运行时元数据。","手动端口唯一匹配到运行实例 [%{1}] 的 %{2}，报告将使用该实例的 schema v%{3} 运行时元数据。"
"WLS 2.0 网关公网入口","WLS 2.0 网关公网入口"
"Managed Nginx 公网入口","Managed Nginx 公网入口"
"内部 HTTP/1.1 回源","内部 HTTP/1.1 回源"
手动端口匹配到多个实例记录（%{1}）；压测可继续，但报告不归因任何运行时。,手动端口匹配到多个实例记录（%{1}）；压测可继续，但报告不归因任何运行时。
"请使用 --instance <name> 消除歧义。","请使用 --instance <name> 消除歧义。"
"手动 host/port 未唯一匹配 Managed Nginx 公网入口或内部 WLS 回源；报告仅记录地址，不伪造运行时证据。","手动 host/port 未唯一匹配 Managed Nginx 公网入口或内部 WLS 回源；报告仅记录地址，不伪造运行时证据。"
手动指定（未归因）,手动指定（未归因）
"已跳过 %{1} 个无效 WLS 实例记录%{2}","已跳过 %{1} 个无效 WLS 实例记录%{2}"
"该 WLS 备用入口只有通配符路由，自动压测无法推导具体 TLS Host/SNI。","该 WLS 备用入口只有通配符路由，自动压测无法推导具体 TLS Host/SNI。"
监听：%{1}；路由域名：%{2}。请显式提供匹配证书的具体目标域名后重试。,监听：%{1}；路由域名：%{2}。请显式提供匹配证书的具体目标域名后重试。
"--authority-host 必须是不含 scheme、端口或路径的有效主机名/IP。","--authority-host 必须是不含 scheme、端口或路径的有效主机名/IP。"
"Managed Nginx owner 在正式压测前已变化，已拒绝运行。","Managed Nginx owner 在正式压测前已变化，已拒绝运行。"
"宿主级 WLS 2.0 网关身份或活动路由在正式压测前已变化，已拒绝运行。","宿主级 WLS 2.0 网关身份或活动路由在正式压测前已变化，已拒绝运行。"
"需要 curl 扩展支持","需要 curl 扩展支持"
"多路复用连接模型：逻辑并发 %{1}，物理连接目标 %{2}，READY Worker 目标 %{3}，每连接 Stream 目标 %{4}/服务端上限 %{5}，MAX_CONCURRENT_STREAMS=%{6}，PIPEWAIT=%{7}","多路复用连接模型：逻辑并发 %{1}，物理连接目标 %{2}，READY Worker 目标 %{3}，每连接 Stream 目标 %{4}/服务端上限 %{5}，MAX_CONCURRENT_STREAMS=%{6}，PIPEWAIT=%{7}"
"进度：%{1}%（完成 %{2}/%{3}，活动请求 %{4}，已发送 %{5}/%{3}，耗时 %{6}s，实时 QPS %{7}）","进度：%{1}%（完成 %{2}/%{3}，活动请求 %{4}，已发送 %{5}/%{3}，耗时 %{6}s，实时 QPS %{7}）"
"压测模式：禁用 keep-alive（更利于分流验证），并发连接数=%{1}","压测模式：禁用 keep-alive（更利于分流验证），并发连接数=%{1}"
"压测模式：%{1} 个隔离多路复用 lane，%{2} 个逻辑 easy handle；lane 内复用、lane 间连接缓存隔离。","压测模式：%{1} 个隔离多路复用 lane，%{2} 个逻辑 easy handle；lane 内复用、lane 间连接缓存隔离。"
"压测模式：启用 keep-alive（性能模式），使用 %{1} 个逻辑 easy handle...","压测模式：启用 keep-alive（性能模式），使用 %{1} 个逻辑 easy handle..."
"物理连接 lane：请求 %{1}，创建 %{2}，实际建连 %{3}，累计新连接 %{4}。","物理连接 lane：请求 %{1}，创建 %{2}，实际建连 %{3}，累计新连接 %{4}。"
"物理连接 lane 未达到请求值（请求 %{1}，实际 %{2}），本次基准无效。","物理连接 lane 未达到请求值（请求 %{1}，实际 %{2}），本次基准无效。"
"Managed Nginx owner 在压测期间发生变化，本次结果无效。","Managed Nginx owner 在压测期间发生变化，本次结果无效。"
"宿主级 WLS 2.0 网关身份或活动路由在压测期间发生变化，本次结果无效。","宿主级 WLS 2.0 网关身份或活动路由在压测期间发生变化，本次结果无效。"
"%{1} 必须是非负数字。","%{1} 必须是非负数字。"
"%{1} 必须在 %{2} 范围内。","%{1} 必须在 %{2} 范围内。"
压测结果报告,压测结果报告
总请求数：%{1},总请求数：%{1}
成功请求：%{1},成功请求：%{1}
失败请求：%{1},失败请求：%{1}
错误率：%{1}%,错误率：%{1}%
"总耗时：%{1} 秒","总耗时：%{1} 秒"
"完成 QPS：%{1}","完成 QPS：%{1}"
"成功 QPS：%{1}","成功 QPS：%{1}"
"连接复用估算：新建连接 %{1}/可复用请求 %{2}，复用率 %{3}%","连接复用估算：新建连接 %{1}/可复用请求 %{2}，复用率 %{3}%"
"TLS 握手样本：%{1} 次，P95 %{2}ms","TLS 握手样本：%{1} 次，P95 %{2}ms"
"HTTP 实际协商：%{1}","HTTP 实际协商：%{1}"
"HTTP 协议命中：%{1}","HTTP 协议命中：%{1}"
延迟统计（全部已完成请求，毫秒）,延迟统计（全部已完成请求，毫秒）
平均：%{1},平均：%{1}
最小：%{1},最小：%{1}
最大：%{1},最大：%{1}
中位数：%{1},中位数：%{1}
P95：%{1},P95：%{1}
P99：%{1},P99：%{1}
"Worker 命中分布","Worker 命中分布"
"%{1}：%{2} (%{3}%)","%{1}：%{2} (%{3}%)"
"持久连接会粘滞到已选 Worker；本次仅记录分布，不执行 fresh-connection 均衡门禁。","持久连接会粘滞到已选 Worker；本次仅记录分布，不执行 fresh-connection 均衡门禁。"
分流均衡门禁：PASS（max/min=%{1}，阈值=%{2}）,分流均衡门禁：PASS（max/min=%{1}，阈值=%{2}）
"分流均衡门禁：FAIL（预期 %{1}，命中 %{2}，缺失 %{3}，额外 %{4}，未归因成功请求 %{5}，max/min=%{6}）","分流均衡门禁：FAIL（预期 %{1}，命中 %{2}，缺失 %{3}，额外 %{4}，未归因成功请求 %{5}，max/min=%{6}）"
质量门禁：PASS,质量门禁：PASS
质量门禁：FAIL（%{1}）,质量门禁：FAIL（%{1}）
"报告 JSON 编码失败，未保存：%{1}","报告 JSON 编码失败，未保存：%{1}"
"报告 JSON 内容为空，未保存：%{1}","报告 JSON 内容为空，未保存：%{1}"
报告目录创建失败，未保存：%{1},报告目录创建失败，未保存：%{1}
报告写入失败，未保存：%{1},报告写入失败，未保存：%{1}
报告发布失败，未保存：%{1},报告发布失败，未保存：%{1}
报告已保存：%{1},报告已保存：%{1}
"对 Weline Server 进行压力测试","对 Weline Server 进行压力测试"
自动探测运行中的服务器并进行压力测试,自动探测运行中的服务器并进行压力测试
并发数（默认：100）,并发数（默认：100）
总请求数（默认：10000）,总请求数（默认：10000）
请求路径（默认：/_wls/health）,请求路径（默认：/_wls/health）
"精确指定运行中的 WLS 实例，并归因当前 endpoint schema 运行时元数据","精确指定运行中的 WLS 实例，并归因当前 endpoint schema 运行时元数据"
指定端口（可选，默认自动探测）,指定端口（可选，默认自动探测）
"指定主机（可选，默认 127.0.0.1；-h 保留给全局帮助）","指定主机（可选，默认 127.0.0.1；-h 保留给全局帮助）"
"为跨主机压测指定 TLS SNI/HTTP Host；TCP 仍连接 --host 指定地址","为跨主机压测指定 TLS SNI/HTTP Host；TCP 仍连接 --host 指定地址"
"指定端口为 HTTPS（与 -p 合用；自动探测时根据实例配置）","指定端口为 HTTPS（与 -p 合用；自动探测时根据实例配置）"
"强制 HTTPS 压测使用指定 TLS 版本（默认 auto）","强制 HTTPS 压测使用指定 TLS 版本（默认 auto）"
"强制压测请求使用指定 HTTP 版本；auto 对 Managed Nginx 公网入口只选择已实测协议，内部回源固定 HTTP/1.1，未归因目标交由 cURL 协商","强制压测请求使用指定 HTTP 版本；auto 对 Managed Nginx 公网入口只选择已实测协议，内部回源固定 HTTP/1.1，未归因目标交由 cURL 协商"
"HTTP/2/3 物理连接目标；默认按 READY Worker 数和服务端 Stream 容量自动计算，设为 1 可测单连接多路复用","HTTP/2/3 物理连接目标；默认按 READY Worker 数和服务端 Stream 容量自动计算，设为 1 可测单连接多路复用"
"请求内容编码；默认 identity 保持旧基线，auto 模拟浏览器并启用 cURL 支持的全部压缩","请求内容编码；默认 identity 保持旧基线，auto 模拟浏览器并启用 cURL 支持的全部压缩"
"禁用 keep-alive/连接复用（更利于验证连接级分流；HTTPS 时亦是 fresh TLS）","禁用 keep-alive/连接复用（更利于验证连接级分流；HTTPS 时亦是 fresh TLS）"
"命中 Worker 统计使用的响应头（逗号分隔；默认自动探测 X-WLS-Worker-PID/Id/Port）","命中 Worker 统计使用的响应头（逗号分隔；默认自动探测 X-WLS-Worker-PID/Id/Port）"
"fresh-connection 分流 max/min 硬门禁（默认 1.5）","fresh-connection 分流 max/min 硬门禁（默认 1.5）"
"成功 QPS 下限；0 表示不设置性能下限（--min-qps 为别名）","成功 QPS 下限；0 表示不设置性能下限（--min-qps 为别名）"
"错误率上限百分比（默认 0）","错误率上限百分比（默认 0）"
"全部完成请求 P95 上限；0 表示禁用","全部完成请求 P95 上限；0 表示禁用"
"TLS 握手 P95 上限；0 表示禁用，启用后无握手样本亦失败","TLS 握手 P95 上限；0 表示禁用，启用后无握手样本亦失败"
"预期压测期间发生滚动 reload：要求 Master 不变、前后 Worker 身份证据健康且代际指纹发生变化","预期压测期间发生滚动 reload：要求 Master 不变、前后 Worker 身份证据健康且代际指纹发生变化"
基本压测（自动探测）,基本压测（自动探测）
"指定 WLS 实例","指定 WLS 实例"
浏览器压缩首页,浏览器压缩首页
高并发,高并发
"分流验证（禁用 keep-alive）","分流验证（禁用 keep-alive）"
"统计 Worker 分布","统计 Worker 分布"
分流倾斜阈值检查,分流倾斜阈值检查
指定端口,指定端口
"指定 HTTPS 端口","指定 HTTPS 端口"
"跨主机 HTTP/2 压测","跨主机 HTTP/2 压测"
"HTTP/2 协商验证","HTTP/2 协商验证"
"HTTP/2 单物理连接多路复用","HTTP/2 单物理连接多路复用"
"HTTP/3 协商验证","HTTP/3 协商验证"
"TLS 1.3 fresh connection","TLS 1.3 fresh connection"
"--accept-encoding 仅允许：auto、br,gzip、gzip、identity。","--accept-encoding 仅允许：auto、br,gzip、gzip、identity。"
"当前 PHP 未安装 curl 扩展。","当前 PHP 未安装 curl 扩展。"
"无法初始化内容编码 cURL 探针。","无法初始化内容编码 cURL 探针。"
内容编码探针失败。,内容编码探针失败。
已归因目标缺少完整的边缘身份或协议运行证据，拒绝开始压测。,已归因目标缺少完整的边缘身份或协议运行证据，拒绝开始压测。
"目标没有任何已完成运行验证的 HTTP 协议。","目标没有任何已完成运行验证的 HTTP 协议。"
"Nginx 公网入口（共享网关或项目托管）","Nginx 公网入口（共享网关或项目托管）"
"内部 WLS HTTP/1.1 回源","内部 WLS HTTP/1.1 回源"
"%{1} 尚未实测验证 HTTP/%{2}，拒绝把配置能力当作压测证据。","%{1} 尚未实测验证 HTTP/%{2}，拒绝把配置能力当作压测证据。"
"当前 Nginx 公网 HTTP/2 与 HTTP/3 门禁要求 HTTPS 目标。","当前 Nginx 公网 HTTP/2 与 HTTP/3 门禁要求 HTTPS 目标。"
"当前 PHP cURL/libcurl 不能发起 HTTP/2 请求。","当前 PHP cURL/libcurl 不能发起 HTTP/2 请求。"
"当前 PHP cURL/libcurl 不能发起 HTTP/3 请求；可使用 auto 回退到已验证的 Nginx HTTP/2/1.1。","当前 PHP cURL/libcurl 不能发起 HTTP/3 请求；可使用 auto 回退到已验证的 Nginx HTTP/2/1.1。"
"已归因目标的边缘身份或协议策略未绑定，auto 已拒绝降级猜测。","已归因目标的边缘身份或协议策略未绑定，auto 已拒绝降级猜测。"
"目标与当前 cURL 没有共同且已完成运行验证的 HTTP 协议。","目标与当前 cURL 没有共同且已完成运行验证的 HTTP 协议。"
"当前 system.env=%{1} 禁止执行 hosts 写入","当前 system.env=%{1} 禁止执行 hosts 写入"
"*.weline.test 固定写入 127.0.0.1，无需也不应指定其它 IP","*.weline.test 固定写入 127.0.0.1，无需也不应指定其它 IP"
"域名 %{1} 使用 .localhost 回环后缀，无需写入 hosts","域名 %{1} 使用 .localhost 回环后缀，无需写入 hosts"
"仅允许写入单标签的 *.weline.test 本地域名；*.weline.localhost 无需 hosts","仅允许写入单标签的 *.weline.test 本地域名；*.weline.localhost 无需 hosts"
"托管本地域名 %{1} 固定使用 %{2}，已忽略传入 IP %{3}","托管本地域名 %{1} 固定使用 %{2}，已忽略传入 IP %{3}"
需要提升权限,需要提升权限
"写入 hosts 失败","写入 hosts 失败"
"向本机 hosts 添加需要显式解析的本地域名（当前仅 *.weline.test → 127.0.0.1）","向本机 hosts 添加需要显式解析的本地域名（当前仅 *.weline.test → 127.0.0.1）"
用法,用法
"与 server:start 使用同一套 HostsFileManager；*.weline.test 固定写入 127.0.0.1；仅 system.env 为 local/dev/test 时可用","与 server:start 使用同一套 HostsFileManager；*.weline.test 固定写入 127.0.0.1；仅 system.env 为 local/dev/test 时可用"
"端口 %{1} 当前没有进程在监听","端口 %{1} 当前没有进程在监听"
框架进程,框架进程
异常占用,异常占用
非框架进程,非框架进程
"端口 %{1} 被进程占用%{2}","端口 %{1} 被进程占用%{2}"
"该端口处于异常占用状态（系统返回的 PID 已失效），当前无法直接杀进程","该端口处于异常占用状态（系统返回的 PID 已失效），当前无法直接杀进程"
该端口被非框架进程占用，出于安全考虑不会自动杀死,该端口被非框架进程占用，出于安全考虑不会自动杀死
"如果确定要杀死该进程，请使用 -f 参数:","如果确定要杀死该进程，请使用 -f 参数:"
或手动执行:,或手动执行:
"taskkill /F /PID %{1}","taskkill /F /PID %{1}"
"拒绝杀死非 WLS 进程：-f 只能强制释放 WLS 归属进程。","拒绝杀死非 WLS 进程：-f 只能强制释放 WLS 归属进程。"
"如确认要杀死非 WLS 进程，请显式追加 --allow-foreign。","如确认要杀死非 WLS 进程，请显式追加 --allow-foreign。"
"警告：端口占用者处于异常状态（PID 失效），强制模式可能仍无法释放端口。","警告：端口占用者处于异常状态（PID 失效），强制模式可能仍无法释放端口。"
"警告：即将杀死非 WLS 进程！","警告：即将杀死非 WLS 进程！"
正在释放端口...,正在释放端口...
"端口 %{1} 已成功释放","端口 %{1} 已成功释放"
端口释放失败，请尝试：,端口释放失败，请尝试：
"1. 以管理员身份运行","1. 以管理员身份运行"
"2. 手动执行: taskkill /F /PID %{1}","2. 手动执行: taskkill /F /PID %{1}"
"结束占用指定端口的进程（如 443 被非框架进程占用时）","结束占用指定端口的进程（如 443 被非框架进程占用时）"
结束占用指定端口的进程,结束占用指定端口的进程
"端口号（默认 443）","端口号（默认 443）"
端口号,端口号
"强制模式：仅强制释放 WLS 归属进程","强制模式：仅强制释放 WLS 归属进程"
"与 -f 同用时允许杀死非 WLS 进程（危险）","与 -f 同用时允许杀死非 WLS 进程（危险）"
"结束占用 443 的框架进程","结束占用 443 的框架进程"
"强制杀死非 WLS 进程（危险）","强制杀死非 WLS 进程（危险）"
未收到回执,未收到回执
"IPC stop_test 诊断","IPC stop_test 诊断"
"发送 stop_test，输出 Orchestrator 诊断 JSON","发送 stop_test，输出 Orchestrator 诊断 JSON"
诊断默认实例,诊断默认实例
"WLS 运行时策略校验通过。","WLS 运行时策略校验通过。"
Digest：%{1},Digest：%{1}
规则：%{1},规则：%{1}
"校验 WLS 编译型运行时策略","校验 WLS 编译型运行时策略"
"WLS 运行时策略编译完成。","WLS 运行时策略编译完成。"
"编译 WLS 运行时策略包","编译 WLS 运行时策略包"
"WLS 运行时策略回滚已受理。","WLS 运行时策略回滚已受理。"
"回滚 WLS 运行时策略","回滚 WLS 运行时策略"
"WLS 运行时策略状态","WLS 运行时策略状态"
实例：%{1},实例：%{1}
Active：%{1},Active：%{1}
Staged：%{1},Staged：%{1}
Previous：%{1},Previous：%{1}
"查看 WLS 运行时策略状态","查看 WLS 运行时策略状态"
"topology 必须是 both、direct 或 dispatcher。","topology 必须是 both、direct 或 dispatcher。"
"Master 拒绝了策略发布。","Master 拒绝了策略发布。"
所有关键进程已完成运行时策略提交。,所有关键进程已完成运行时策略提交。
运行时策略在所有关键进程提交前失败。,运行时策略在所有关键进程提交前失败。
"运行时策略在控制时限内未进入 active 状态（state=%{1}）。","运行时策略在控制时限内未进入 active 状态（state=%{1}）。"
"WLS 运行时策略发布已受理。","WLS 运行时策略发布已受理。"
模式：%{1},模式：%{1}
"两阶段发布 WLS 运行时策略","两阶段发布 WLS 运行时策略"
"共享网关停止会影响所有租户；请提供 --confirm。","共享网关停止会影响所有租户；请提供 --confirm。"
"宿主级 WLS 2.0 Gateway 已持久停止；平台守护不会自动拉起。","宿主级 WLS 2.0 Gateway 已持久停止；平台守护不会自动拉起。"
"显式停止共享网关；普通 server:stop 不会执行此操作","显式停止共享网关；普通 server:stop 不会执行此操作"
"确认写入签名 ADMIN_STOPPED 意图并禁用平台服务","确认写入签名 ADMIN_STOPPED 意图并禁用平台服务"
存在活动路由时仍强制停止,存在活动路由时仍强制停止
"输出稳定 JSON 文档","输出稳定 JSON 文档"
危险,危险
"优先逐项目 server:stop 或 gateway:revoke；共享入口停止会影响所有租户。","优先逐项目 server:stop 或 gateway:revoke；共享入口停止会影响所有租户。"
"维护项目到 WLS 2.0 网关的租约、重注册和纯 WLS 降级","维护项目到 WLS 2.0 网关的租约、重注册和纯 WLS 降级"
"作为 WLS 子进程持续运行","作为 WLS 子进程持续运行"
"宿主级安装必须由管理员显式携带 --confirm。","宿主级安装必须由管理员显式携带 --confirm。"
"必须通过 --package 指定离线或 CI 生成的签名自包含包目录。","必须通过 --package 指定离线或 CI 生成的签名自包含包目录。"
"--profile 只允许 default 或 ipv4-only。","--profile 只允许 default 或 ipv4-only。"
"WLS 2.0 Gateway 安装失败。","WLS 2.0 Gateway 安装失败。"
"测试包已安装到隔离根；它不会被生产客户端信任，也不会报告 release ready。","测试包已安装到隔离根；它不会被生产客户端信任，也不会报告 release ready。"
"WLS 2.0 Gateway 自包含包和系统服务安装完成。","WLS 2.0 Gateway 自包含包和系统服务安装完成。"
"显式安装签名、自包含的宿主级 WLS 2.0 Gateway","显式安装签名、自包含的宿主级 WLS 2.0 Gateway"
签名自包含包目录,签名自包含包目录
"default（IPv4+IPv6）或 ipv4-only","default（IPv4+IPv6）或 ipv4-only"
确认写入系统信任根并安装系统服务,确认写入系统信任根并安装系统服务
安全边界,安全边界
"普通 server:start/auto 不会调用本命令；未知 80/443 owner 永不被终止。","普通 server:start/auto 不会调用本命令；未知 80/443 owner 永不被终止。"
命令执行失败。,命令执行失败。
诊断失败。,诊断失败。
"WLS 项目状态原子写运行时不可用。","WLS 项目状态原子写运行时不可用。"
"WLS 2.0 网关诊断","WLS 2.0 网关诊断"
"诊断网关控制面、数据面、generation、LKG 与 A/B 槽","诊断网关控制面、数据面、generation、LKG 与 A/B 槽"
"显式提升必须携带 --confirm，且只能由当前 80/443 的受管 owner 执行。","显式提升必须携带 --confirm，且只能由当前 80/443 的受管 owner 执行。"
"显式提升必须通过 --package 提供签名、自包含的 WLS 2.0 宿主包。","显式提升必须通过 --package 提供签名、自包含的 WLS 2.0 宿主包。"
提升事务无法安全启动：%{1},提升事务无法安全启动：%{1}
"没有未完成的 WLS Gateway 提升事务。","没有未完成的 WLS Gateway 提升事务。"
"WLS Gateway 提升事务恢复完成。","WLS Gateway 提升事务恢复完成。"
已先恢复上次未完成的提升事务。,已先恢复上次未完成的提升事务。
"只有身份已验证、正在占用目标公共端口的项目托管 Nginx 才能提升。","只有身份已验证、正在占用目标公共端口的项目托管 Nginx 才能提升。"
"当前项目缺少可迁移身份或域名/证书期望状态，旧 Nginx 保持不变。","当前项目缺少可迁移身份或域名/证书期望状态，旧 Nginx 保持不变。"
"旧 Nginx 的真实 HTTP/1.1 与 HTTP/2 响应未通过交接前门禁，保持原状。","旧 Nginx 的真实 HTTP/1.1 与 HTTP/2 响应未通过交接前门禁，保持原状。"
"WLS 1.x 公共端口 owner 已显式提升为宿主级 WLS 2.0 Gateway。","WLS 1.x 公共端口 owner 已显式提升为宿主级 WLS 2.0 Gateway。"
"实测维护窗：%{1} 秒。","实测维护窗：%{1} 秒。"
"Gateway Agent 已提交；已从丢失的本地日志确认中前滚恢复。","Gateway Agent 已提交；已从丢失的本地日志确认中前滚恢复。"
提升提交状态无法安全对账：%{1},提升提交状态无法安全对账：%{1}
提升事务自动恢复失败：%{1},提升事务自动恢复失败：%{1}
"旧项目 Nginx 未进入交接，仍保持原状。","旧项目 Nginx 未进入交接，仍保持原状。"
提升失败：%{1},提升失败：%{1}
"已回滚并恢复原项目托管 Nginx。","已回滚并恢复原项目托管 Nginx。"
"失败恢复窗：%{1} 秒。","失败恢复窗：%{1} 秒。"
"原项目 Nginx 回滚也失败：%{1}","原项目 Nginx 回滚也失败：%{1}"
"已保留可恢复的提升事务日志；下次 promote 会先继续恢复。","已保留可恢复的提升事务日志；下次 promote 会先继续恢复。"
"将当前 80/443 的 WLS 1.x 受管 owner 显式提升为 WLS 2.0 Gateway","将当前 80/443 的 WLS 1.x 受管 owner 显式提升为 WLS 2.0 Gateway"
"签名、自包含的 WLS 2.0 宿主包目录","签名、自包含的 WLS 2.0 宿主包目录"
确认进入有实测维护窗的公共端口所有权切换,确认进入有实测维护窗的公共端口所有权切换
仅恢复/修复未完成事务；无需宿主包或再次确认,仅恢复/修复未完成事务；无需宿主包或再次确认
回滚,回滚
"先在旧入口在线时完成影子预检；交接失败时先停宿主服务，再用冻结快照恢复旧 Nginx。","先在旧入口在线时完成影子预检；交接失败时先停宿主服务，再用冻结快照恢复旧 Nginx。"
"域名转移会原子改变宿主入口归属；请提供 --confirm。","域名转移会原子改变宿主入口归属；请提供 --confirm。"
"必须提供 --domain、--from、--to 和目标项目 --instance。","必须提供 --domain、--from、--to 和目标项目 --instance。"
"--to 必须等于当前目标项目 UUID：%{1}","--to 必须等于当前目标项目 UUID：%{1}"
"域名已在同一网关 generation 内转移到当前项目。","域名已在同一网关 generation 内转移到当前项目。"
"将域名原子转移到当前已 enrollment 的项目","将域名原子转移到当前已 enrollment 的项目"
待转移的精确域名或通配符域名,待转移的精确域名或通配符域名
"当前源项目 UUID","当前源项目 UUID"
"目标项目 UUID，必须是当前项目","目标项目 UUID，必须是当前项目"
目标项目中用于证明后端和证书的运行实例,目标项目中用于证明后端和证书的运行实例
确认短租约预检、目标证明和原子归属切换,确认短租约预检、目标证明和原子归属切换
"输出 JSON 结果","输出 JSON 结果"
安全语义,安全语义
"网关升级必须由管理员显式携带 --confirm。","网关升级必须由管理员显式携带 --confirm。"
"必须通过 --package 指定签名自包含候选包目录。","必须通过 --package 指定签名自包含候选包目录。"
"WLS 2.0 Gateway 全包已切换到候选 A/B 槽；Root Broker 正在执行五分钟观察。","WLS 2.0 Gateway 全包已切换到候选 A/B 槽；Root Broker 正在执行五分钟观察。"
"安装并激活经过自检的 WLS 2.0 Gateway A/B 候选槽","安装并激活经过自检的 WLS 2.0 Gateway A/B 候选槽"
签名自包含候选包目录,签名自包含候选包目录
"确认进入 A/B 升级事务","确认进入 A/B 升级事务"
"撤销会使当前项目凭据和路由不可恢复；请提供 --confirm。","撤销会使当前项目凭据和路由不可恢复；请提供 --confirm。"
撤销失败,撤销失败
"网关安全撤销已提交，但项目凭据清理不完整；修复权限后请重新执行 revoke。","网关安全撤销已提交，但项目凭据清理不完整；修复权限后请重新执行 revoke。"
当前项目路由和凭据已撤销；共享网关保持运行。,当前项目路由和凭据已撤销；共享网关保持运行。
撤销当前项目的网关路由与宿主凭据,撤销当前项目的网关路由与宿主凭据
确认写入不可逆撤销状态并删除本项目宿主凭据,确认写入不可逆撤销状态并删除本项目宿主凭据
"WLS 2.0 宿主网关状态","WLS 2.0 宿主网关状态"
读取网关状态失败。,读取网关状态失败。
"查看宿主级 WLS 2.0 Gateway 状态","查看宿主级 WLS 2.0 Gateway 状态"
"宿主 enrollment 会授权域名和证书目录并轮换项目凭据；请提供 --confirm。","宿主 enrollment 会授权域名和证书目录并轮换项目凭据；请提供 --confirm。"
"项目 UUID 轮换已在宿主提交前安全中止。","项目 UUID 轮换已在宿主提交前安全中止。"
"项目 UUID、宿主授权与本地凭据已完成可恢复原子轮换。","项目 UUID、宿主授权与本地凭据已完成可恢复原子轮换。"
无法解析项目根目录。,无法解析项目根目录。
无法验证项目根目录所有者。,无法验证项目根目录所有者。
证书根别名重复：%{1},证书根别名重复：%{1}
"未找到可授权域名；请先配置项目证书，或显式重复提供 --domain。","未找到可授权域名；请先配置项目证书，或显式重复提供 --domain。"
授权失败,授权失败
"宿主 enrollment 已提交，但本地项目凭据未持久化；修复 var 目录权限后重试相同命令即可幂等续传。","宿主 enrollment 已提交，但本地项目凭据未持久化；修复 var 目录权限后重试相同命令即可幂等续传。"
"宿主 enrollment 与新项目凭据均已提交，但克隆身份恢复标记尚未清理；重试相同命令将幂等完成。","宿主 enrollment 与新项目凭据均已提交，但克隆身份恢复标记尚未清理；重试相同命令将幂等完成。"
"克隆项目已生成独立 UUID 并完成全新宿主 enrollment；原项目授权和路由保持不变。","克隆项目已生成独立 UUID 并完成全新宿主 enrollment；原项目授权和路由保持不变。"
"当前项目已授权到 WLS 2.0 宿主网关；项目凭据已写入 var，证书仅通过 Broker AUTH/SNAP 读取。","当前项目已授权到 WLS 2.0 宿主网关；项目凭据已写入 var，证书仅通过 Broker AUTH/SNAP 读取。"
授权域名：%{1},授权域名：%{1}
授权当前项目及其证书根目录到宿主网关,授权当前项目及其证书根目录到宿主网关
附加项目内证书目录，可重复；别名用于可迁移证书引用,附加项目内证书目录，可重复；别名用于可迁移证书引用
显式授权域名或通配符，可重复；省略时读取当前证书域名,显式授权域名或通配符，可重复；省略时读取当前证书域名
"不授权精确 HTTP-01 challenge 短租约（默认授权）","不授权精确 HTTP-01 challenge 短租约（默认授权）"
"授权项目使用 DNS-01 能力","授权项目使用 DNS-01 能力"
声明项目后端可按无状态策略分流；仍需运行时证明,声明项目后端可按无状态策略分流；仍需运行时证明
"声明项目后端共享 Session；仍需运行时证明","声明项目后端共享 Session；仍需运行时证明"
"存活克隆根生成新 UUID 并全新 enrollment；同根才以双凭据证明转移","存活克隆根生成新 UUID 并全新 enrollment；同根才以双凭据证明转移"
"允许已完成 clone enrollment 的项目再次执行同根双凭据身份转移","允许已完成 clone enrollment 的项目再次执行同根双凭据身份转移"
"仅在宿主 commit 前中止未完成 UUID 轮换","仅在宿主 commit 前中止未完成 UUID 轮换"
"确认 enrollment、域名能力和项目凭据轮换","确认 enrollment、域名能力和项目凭据轮换"
"WLS 2.0 网关路由","WLS 2.0 网关路由"
读取网关路由失败。,读取网关路由失败。
查看宿主网关的项目路由与租约状态,查看宿主网关的项目路由与租约状态
"整代重引导会持久停止共享入口；必须显式携带 --confirm。","整代重引导会持久停止共享入口；必须显式携带 --confirm。"
"必须通过 --package 指定签名自包含候选包的绝对目录。","必须通过 --package 指定签名自包含候选包的绝对目录。"
"必须通过 --nonce 提供 32 位小写十六进制维护事务标识；崩溃恢复时重用同一值。","必须通过 --nonce 提供 32 位小写十六进制维护事务标识；崩溃恢复时重用同一值。"
"WLS 2.0 Gateway 整代重引导失败，已恢复并重新启用身份验证通过的旧代；请诊断候选包。","WLS 2.0 Gateway 整代重引导失败，已恢复并重新启用身份验证通过的旧代；请诊断候选包。"
"WLS 2.0 Gateway 整代重引导已完成，原 gateway epoch 保持不变。","WLS 2.0 Gateway 整代重引导已完成，原 gateway epoch 保持不变。"
"WLS 2.0 Gateway 整代重引导已完成，CA 信任代与 gateway epoch 已轮换。","WLS 2.0 Gateway 整代重引导已完成，CA 信任代与 gateway epoch 已轮换。"
"显式替换 WLS 2.0 Gateway 稳定 Launcher、CA 信任与完整 A/B 代","显式替换 WLS 2.0 Gateway 稳定 Launcher、CA 信任与完整 A/B 代"
签名自包含候选包绝对目录,签名自包含候选包绝对目录
"32 位小写十六进制事务标识；恢复时必须复用","32 位小写十六进制事务标识；恢复时必须复用"
确认进入持久停止的整代维护事务,确认进入持久停止的整代维护事务
恢复,恢复
"进程或宿主异常后，由管理员使用同一 package、nonce 与 profile 重跑本命令；事务会从已认证 journal 幂等恢复。","进程或宿主异常后，由管理员使用同一 package、nonce 与 profile 重跑本命令；事务会从已认证 journal 幂等恢复。"
"停止承诺后任一步失败都会先撤销候选启动权限，再整代恢复旧运行时、平台定义与旧 gateway epoch；只有旧代通过身份校验并连续健康 15 秒才重新开放。回滚恢复本身失败时保持 ADMIN_STOPPED。","停止承诺后任一步失败都会先撤销候选启动权限，再整代恢复旧运行时、平台定义与旧 gateway epoch；只有旧代通过身份校验并连续健康 15 秒才重新开放。回滚恢复本身失败时保持 ADMIN_STOPPED。"
"重新启用共享网关会清除签名 ADMIN_STOPPED 意图；请提供 --confirm。","重新启用共享网关会清除签名 ADMIN_STOPPED 意图；请提供 --confirm。"
"宿主级 WLS 2.0 Gateway 已由管理员显式重新启用。","宿主级 WLS 2.0 Gateway 已由管理员显式重新启用。"
"清除已验证的 ADMIN_STOPPED 意图并重新启用共享网关","清除已验证的 ADMIN_STOPPED 意图并重新启用共享网关"
确认清除停止意图并启用宿主平台服务,确认清除停止意图并启用宿主平台服务
"输出 JSON 状态","输出 JSON 状态"
修复失败,修复失败
网关已执行身份安全的配置重发、LKG/数据面恢复。,网关已执行身份安全的配置重发、LKG/数据面恢复。
触发网关安全恢复并解除当前熔断等待,触发网关安全恢复并解除当前熔断等待
"H3 重新探测不能与时钟、存储或 journal 信任恢复合并执行。","H3 重新探测不能与时钟、存储或 journal 信任恢复合并执行。"
"journal 信任重置必须同时指定 --accept-storage。","journal 信任重置必须同时指定 --accept-storage。"
"管理员确认宿主时钟已校准并清除 CLOCK_UNTRUSTED","管理员确认宿主时钟已校准并清除 CLOCK_UNTRUSTED"
"确认磁盘/配额已恢复并重新验证 journal、重建恢复预留","确认磁盘/配额已恢复并重新验证 journal、重建恢复预留"
"--accept-storage 的协议字段兼容别名","--accept-storage 的协议字段兼容别名"
"确认丢弃不可信 journal 链并从当前受信状态重新建立","确认丢弃不可信 journal 链并从当前受信状态重新建立"
"清除当前运行时的 H3 隔离并执行一次显式重新探测","清除当前运行时的 H3 隔离并执行一次显式重新探测"
"实例 [%{1}] 正在执行启动、停止或其他生命周期操作，已拒绝并发重载。","实例 [%{1}] 正在执行启动、停止或其他生命周期操作，已拒绝并发重载。"
"实例 [%{1}] 自动匹配到 [%{2}]","实例 [%{1}] 自动匹配到 [%{2}]"
"实例 [%{1}] 未检测到运行中的 WLS Worker","实例 [%{1}] 未检测到运行中的 WLS Worker"
"可执行 server:listing -r 查看当前运行中的实例","可执行 server:listing -r 查看当前运行中的实例"
你可能想要的实例：%{1},你可能想要的实例：%{1}
"如需重载最接近的实例，可执行 server:reload %{1}","如需重载最接近的实例，可执行 server:reload %{1}"
"请确认实例名称，或执行 server:listing 查看所有实例","请确认实例名称，或执行 server:listing 查看所有实例"
"未检测到运行中的 WLS Worker","未检测到运行中的 WLS Worker"
当前操作实例：%{1},当前操作实例：%{1}
"强制重载模式：批量杀死所有 Worker 后重新启动","强制重载模式：批量杀死所有 Worker 后重新启动"
"注意：-f 强制重载属于停机型更新，建议先开启维护模式；滚动重载不需要。","注意：-f 强制重载属于停机型更新，建议先开启维护模式；滚动重载不需要。"
执行滚动重启（优雅重载）...,执行滚动重启（优雅重载）...
"Worker 数：%{1}","Worker 数：%{1}"
"✓ 热重载命令已发送","✓ 热重载命令已发送"
"等待实例 [%{1}] 的 Orchestrator 完成滚动重启...","等待实例 [%{1}] 的 Orchestrator 完成滚动重启..."
"控制连接已断开，Orchestrator 可能仍在后台继续执行；请用 server:status 查看结果","控制连接已断开，Orchestrator 可能仍在后台继续执行；请用 server:status 查看结果"
"仍在等待 Master 回传 reload 进度（已等待 %{1}s，剩余 %{2}s）；不会主动断开控制连接。","仍在等待 Master 回传 reload 进度（已等待 %{1}s，剩余 %{2}s）；不会主动断开控制连接。"
"可用 server:status 查看当前状态","可用 server:status 查看当前状态"
"✓ 滚动重启完成（耗时: %{1}，Worker: %{2}）","✓ 滚动重启完成（耗时: %{1}，Worker: %{2}）"
"✗ 滚动重启失败：Worker #%{1} - %{2}","✗ 滚动重启失败：Worker #%{1} - %{2}"
排水中,排水中
启动中,启动中
等待就绪,等待就绪
等待旧进程退出,等待旧进程退出
"从 Dispatcher 摘除","从 Dispatcher 摘除"
停止中,停止中
回加运行路由池,回加运行路由池
"Worker #%{1} %{2} (%{3}/%{4})","Worker #%{1} %{2} (%{3}/%{4})"
"第 %{1}/%{2} 批：并发启动 Worker [%{3}]","第 %{1}/%{2} 批：并发启动 Worker [%{3}]"
"第 %{1}/%{2} 批：Worker [%{3}] 正在排水","第 %{1}/%{2} 批：Worker [%{3}] 正在排水"
"第 %{1}/%{2} 批：等待 Worker [%{3}] 就绪","第 %{1}/%{2} 批：等待 Worker [%{3}] 就绪"
"第 %{1}/%{2} 批：Worker [%{3}] 已就绪，正在回加运行路由池","第 %{1}/%{2} 批：Worker [%{3}] 已就绪，正在回加运行路由池"
"✓ 重载完成（耗时: %{1}，Worker: %{2}）","✓ 重载完成（耗时: %{1}，Worker: %{2}）"
"✗ 重载失败：%{1}","✗ 重载失败：%{1}"
"Orchestrator 将批量杀死所有 Worker 后重新启动","Orchestrator 将批量杀死所有 Worker 后重新启动"
"Orchestrator 将编排滚动重启，按批次排水替换 Worker（默认三批）","Orchestrator 将编排滚动重启，按批次排水替换 Worker（默认三批）"
"热重载 WLS Worker 代码（无需完全重启服务器）","热重载 WLS Worker 代码（无需完全重启服务器）"
"通知 Orchestrator 执行滚动重启。修改 Worker 代码后使用此命令即可生效。","通知 Orchestrator 执行滚动重启。修改 Worker 代码后使用此命令即可生效。"
"强制模式：批量杀死所有 Worker 后重新启动（停机型更新，不等待排水，建议先开启维护模式）","强制模式：批量杀死所有 Worker 后重新启动（停机型更新，不等待排水，建议先开启维护模式）"
不等待：发送命令后立即返回,不等待：发送命令后立即返回
"默认等待重载完成并显示进度；只有 -n 会立即返回","默认等待重载完成并显示进度；只有 -n 会立即返回"
"-f 强制模式","-f 强制模式"
"批量重启：直接杀死所有 Worker，属于停机型更新，快速但会中断请求","批量重启：直接杀死所有 Worker，属于停机型更新，快速但会中断请求"
"-n 不等待","-n 不等待"
发送命令后立即返回，适合脚本调用,发送命令后立即返回，适合脚本调用
优雅排水三态,优雅排水三态
"完成=退出码0且滚动重启完成；保留排水=仍有在途写/半包请求时非零并提示 live old Workers；空闲 keep-alive 会在 Worker 软期限主动关闭，不再单独构成失败","完成=退出码0且滚动重启完成；保留排水=仍有在途写/半包请求时非零并提示 live old Workers；空闲 keep-alive 会在 Worker 软期限主动关闭，不再单独构成失败"
适用场景,适用场景
"修改了 Worker 代码、业务代码、模板、配置等","修改了 Worker 代码、业务代码、模板、配置等"
不适用场景,不适用场景
"修改了 Dispatcher、Master 代码或启动参数（需用 server:start -r）","修改了 Dispatcher、Master 代码或启动参数（需用 server:start -r）"
滚动重载（默认等待）,滚动重载（默认等待）
不等待,不等待
强制重载,强制重载
"没有已登记的退役 PHP 内置服务器。","没有已登记的退役 PHP 内置服务器。"
"无法持久化清理后的退役 PHP 服务器记录。","无法持久化清理后的退役 PHP 服务器记录。"
"已清理无效的退役 PHP 内置服务器运行时记录。","已清理无效的退役 PHP 内置服务器运行时记录。"
进程已退出，但无法持久化清理后的运行时记录。,进程已退出，但无法持久化清理后的运行时记录。
"退役 PHP 内置服务器已退出；仅清理运行时记录，未发送信号。","退役 PHP 内置服务器已退出；仅清理运行时记录，未发送信号。"
"进程已退出，但精确 lease 清理失败；已保留运行时记录以便重试。","进程已退出，但精确 lease 清理失败；已保留运行时记录以便重试。"
进程已释放，但运行时记录持久化失败；已保留记录以便重试。,进程已释放，但运行时记录持久化失败；已保留记录以便重试。
"已按精确出生身份停止退役 PHP 内置服务器。","已按精确出生身份停止退役 PHP 内置服务器。"
"旧 lease 已失效，未向当前 PID 发送信号；运行时记录已清理。","旧 lease 已失效，未向当前 PID 发送信号；运行时记录已清理。"
"已拒绝自动停止退役 PHP 内置服务器：%{1}。","已拒绝自动停止退役 PHP 内置服务器：%{1}。"
"持久化 PID、端口或进程名不构成终止授权；请由宿主管理员核对实际进程后处理。","持久化 PID、端口或进程名不构成终止授权；请由宿主管理员核对实际进程后处理。"
"停止已退役的 PHP 内置服务器（仅精确出生 lease）","停止已退役的 PHP 内置服务器（仅精确出生 lease）"
兼容参数；不会绕过精确进程出生身份校验,兼容参数；不会绕过精确进程出生身份校验
无法证明受管代次时拒绝发送任何终止信号,无法证明受管代次时拒绝发送任何终止信号
"已退役：console:server:start 不再启动 PHP 内置 Web Server。","已退役：console:server:start 不再启动 PHP 内置 Web Server。"
"已退役：PHP 内置 Web Server 启动入口","已退役：PHP 内置 Web Server 启动入口"
请输入后端主机,请输入后端主机
"端口必须在 1-65535 范围内","端口必须在 1-65535 范围内"
连接成功,连接成功
"连接失败: %{1}","连接失败: %{1}"
"应用 WLS 网关路由","应用 WLS 网关路由"
"保存 WLS 网关配置","保存 WLS 网关配置"
"域名格式无效: %{1}","域名格式无效: %{1}"
"Gateway backend host is required.",网关后端主机不能为空。
"Gateway backend port must be between 1 and 65535.","网关后端端口必须在 1 到 65535 之间。"
自动,自动
主监听,主监听
拓扑,拓扑
网关,网关
直连监听,直连监听
派遣器监听,派遣器监听
运行时监听,运行时监听
"配置 WLS Gateway 的域名路由规则","配置 WLS Gateway 的域名路由规则"
总规则数,总规则数
新建规则,新建规则
应用配置,应用配置
后端地址,后端地址
优先级,优先级
暂无代理规则,暂无代理规则
测试,测试
"确定要应用配置到 Gateway 吗？","确定要应用配置到 Gateway 吗？"
确定要删除此规则吗？,确定要删除此规则吗？
应用失败,应用失败
请求失败,请求失败
连接失败,连接失败
确认组件不可用，请刷新页面后重试,确认组件不可用，请刷新页面后重试
编辑代理规则,编辑代理规则
新建代理规则,新建代理规则
返回列表,返回列表
"支持通配符，如 *.example.com","支持通配符，如 *.example.com"
后端主机,后端主机
后端端口,后端端口
"后端使用 SSL","后端使用 SSL"
数字越大优先级越高,数字越大优先级越高
保存,保存
测试连接,测试连接
帮助信息,帮助信息
域名格式,域名格式
精确匹配,精确匹配
通配符匹配,通配符匹配
优先级规则,优先级规则
"精确匹配 > 通配符匹配 > 默认后端","精确匹配 > 通配符匹配 > 默认后端"
同类型匹配按优先级数字排序（降序）,同类型匹配按优先级数字排序（降序）
后端配置,后端配置
"后端主机通常为 127.0.0.1","后端主机通常为 127.0.0.1"
后端端口为项目实际监听端口,后端端口为项目实际监听端口
请先填写后端主机和端口,请先填写后端主机和端口
"Runtime action skipped.",已跳过运行时动作。
"Select a target WLS instance before applying runtime changes.","应用运行时变更前请选择目标 WLS 实例。"
"WLS runtime reload requested.","已请求 WLS 运行时重载。"
"Selected WLS instance %{1} was not found.","Selected WLS instance %{1} was not found."
"WLS restart command was submitted but no valid PID was returned.","WLS 重启命令已提交，但未返回有效 PID。"
"WLS restart command submitted for %{1}. Master PID: %{2}","已为 %{1} 提交 WLS 重启命令。Master PID：%{2}"
Unknown,Unknown
Direct,Direct
Dispatcher,Dispatcher
Auto,Auto
"所有平台都由项目托管 Nginx 直接负载到 Worker：Windows 使用独立 worker_ports，Linux/macOS 默认使用可无损重载的 shared_fd；Linux reuseport 仅作为显式性能选项。","所有平台都由项目托管 Nginx 直接负载到 Worker：Windows 使用独立 worker_ports，Linux/macOS 默认使用可无损重载的 shared_fd；Linux reuseport 仅作为显式性能选项。"
"仅在显式兼容或诊断时使用 WLS Dispatcher；公网入口仍由项目托管 Nginx 提供。","仅在显式兼容或诊断时使用 WLS Dispatcher；公网入口仍由项目托管 Nginx 提供。"
"所有平台的 Auto 都选择 Direct：Windows 使用 Nginx 均衡的独立 Worker 端口，Linux/macOS 使用 Master 持有的 shared_fd，以避免 Worker 替换时复位已排队连接。","所有平台的 Auto 都选择 Direct：Windows 使用 Nginx 均衡的独立 Worker 端口，Linux/macOS 使用 Master 持有的 shared_fd，以避免 Worker 替换时复位已排队连接。"
"Direct listener supported","Direct listener supported"
"Direct listener unavailable","Direct listener unavailable"
"This runtime supports the native direct listener selected by WLS.","This runtime supports the native direct listener selected by WLS."
"Direct listener dependencies are not ready; server:start will run the authoritative dependency bootstrap and capability probe.","Direct listener dependencies are not ready; server:start will run the authoritative dependency bootstrap and capability probe."
"Direct listener capability unknown","Direct listener capability unknown"
"Gateway listen port must be between 1 and 65535.","网关监听端口必须在 1 到 65535 之间。"
"Gateway listen host is invalid.",网关监听主机无效。
"Gateway rule is disabled for this project.",该项目的网关规则已停用。
"Gateway rule saved.",网关规则已保存。
"WLS Gateway - 多项目统一入口","WLS Gateway - 多项目统一入口"
"自动发现 %{1} 个项目实例","自动发现 %{1} 个项目实例"
"%{1} 已验证：%{2}","%{1} 已验证：%{2}"
"时钟信任恢复必须单独执行；请先仅运行 --accept-clock，再执行其他修复项。","时钟信任恢复必须单独执行；请先仅运行 --accept-clock，再执行其他修复项。"
证书已写入撤销事实，但证书生成选择器尚未停用：%{1},证书已写入撤销事实，但证书生成选择器尚未停用：%{1}
证书已写入撤销事实，但服务清单尚未完成确认：%{1},证书已写入撤销事实，但服务清单尚未完成确认：%{1}
证书服务已安全撤销，但实例端点派生状态更新失败：%{1},证书服务已安全撤销，但实例端点派生状态更新失败：%{1}
服务路由已撤销，但证书源清理未完成：%{1},服务路由已撤销，但证书源清理未完成：%{1}
证书路由和源文件已撤销，但数据库清理未完成：%{1},证书路由和源文件已撤销，但数据库清理未完成：%{1}
"Security rules saved. WLS workers will reload rules from the update flag.","安全规则已保存。WLS Worker 会通过更新标记重载规则。"
"检测到端口 %{1} 被 WLS 进程占用 (PID: %{2})，正在结束…","检测到端口 %{1} 被 WLS 进程占用 (PID: %{2})，正在结束…"
"ROOT PID: %{1}","ROOT PID: %{1}"
"IPC 超时，验证 Master 实时身份后清理该实例下所有进程...","IPC 超时，验证 Master 实时身份后清理该实例下所有进程..."
"强制停止：默认本地快速清场（不走 IPC）；若需仍通过 Master 发 STOP，请加 --ipc","强制停止：默认本地快速清场（不走 IPC）；若需仍通过 Master 发 STOP，请加 --ipc"
"与 -f 联用：显式走 IPC 强制停机（短 ACK/硬超时）；不带 -f 时忽略","与 -f 联用：显式走 IPC 强制停机（短 ACK/硬超时）；不带 -f 时忽略"
强制停止（本地快速清场）,强制停止（本地快速清场）
"强制但走 IPC（短超时）","强制但走 IPC（短超时）"
"以旧凭据+新凭据双证明执行可恢复 UUID/授权转移","以旧凭据+新凭据双证明执行可恢复 UUID/授权转移"
正在停止配置中的服务器进程，进程ID：%{1},正在停止配置中的服务器进程，进程ID：%{1}
配置中的服务器进程已停止！进程ID：%{1},配置中的服务器进程已停止！进程ID：%{1}
停止配置中的服务器进程失败！进程ID：%{1},停止配置中的服务器进程失败！进程ID：%{1}
强制停止失败，请尝试手动停止进程。,强制停止失败，请尝试手动停止进程。
"请尝试使用 -f 参数强制停止或手动停止进程。","请尝试使用 -f 参数强制停止或手动停止进程。"
"检测到端口 %{1}:%{2} 被占用，但配置信息为空。","检测到端口 %{1}:%{2} 被占用，但配置信息为空。"
检测到的进程ID：%{1},检测到的进程ID：%{1}
检测到的进程ID（%{1}）与配置中的进程ID（%{2}）不一致。,检测到的进程ID（%{1}）与配置中的进程ID（%{2}）不一致。
正在停止检测到的进程，进程ID：%{1},正在停止检测到的进程，进程ID：%{1}
"是否要停止此进程？使用 -f 参数直接停止。","是否要停止此进程？使用 -f 参数直接停止。"
端口监听进程已停止！进程ID：%{1},端口监听进程已停止！进程ID：%{1}
停止端口监听进程失败！进程ID：%{1},停止端口监听进程失败！进程ID：%{1}
"Linux/Unix 上可能需要 root 权限：sudo kill -9 %{1}","Linux/Unix 上可能需要 root 权限：sudo kill -9 %{1}"
"端口 %{1}:%{2} 被占用，但无法确定进程ID。","端口 %{1}:%{2} 被占用，但无法确定进程ID。"
请手动检查端口占用情况。,请手动检查端口占用情况。
"未检测到服务器运行（端口 %{1}:%{2} 未被占用）。","未检测到服务器运行（端口 %{1}:%{2} 未被占用）。"
"服务器未运行（端口 %{1}:%{2} 未被占用）。","服务器未运行（端口 %{1}:%{2} 未被占用）。"
服务器停止操作完成！,服务器停止操作完成！
"停止PHP内置本地WebServer服务。使用 -f 或 --force 参数强制停止。","停止PHP内置本地WebServer服务。使用 -f 或 --force 参数强制停止。"
"运行模式: 后台运行 (默认)","运行模式: 后台运行 (默认)"
"运行模式: 前台运行","运行模式: 前台运行"
"已停止占用端口 %{1} 的 Weline Server，以便启动 CLI 服务器","已停止占用端口 %{1} 的 Weline Server，以便启动 CLI 服务器"
等待端口释放...,等待端口释放...
检测到服务器已在运行中，强制启动模式将先停止现有服务器...,检测到服务器已在运行中，强制启动模式将先停止现有服务器...
现有服务器已成功停止,现有服务器已成功停止
端口被占用，但检测到的占用进程已不存在，跳过停止。,端口被占用，但检测到的占用进程已不存在，跳过停止。
通过端口检测到进程，正在停止，进程ID：%{1},通过端口检测到进程，正在停止，进程ID：%{1}
正在停止现有服务器进程，进程ID：%{1},正在停止现有服务器进程，进程ID：%{1}
占用进程已退出，视为端口已释放，继续启动。,占用进程已退出，视为端口已释放，继续启动。
停止现有服务器失败，请手动停止后重试,停止现有服务器失败，请手动停止后重试
端口被占用但无法确定进程ID，尝试强制清理端口,端口被占用但无法确定进程ID，尝试强制清理端口
检测到服务器已在运行中！进程ID：%{1},检测到服务器已在运行中！进程ID：%{1}
已自动更新配置信息。,已自动更新配置信息。
服务器已在后台运行,服务器已在后台运行
检测到端口被占用，但无法获取进程信息,检测到端口被占用，但无法获取进程信息
开发专用，请勿用于生产环境。,开发专用，请勿用于生产环境。
启用PHP内置本地WebServer服务...,启用PHP内置本地WebServer服务...
"⚠️  警告：当前处于生产环境模式（%{1}）！","⚠️  警告：当前处于生产环境模式（%{1}）！"
"⚠️  PHP内置服务器仅供开发和测试使用，不适合生产环境！","⚠️  PHP内置服务器仅供开发和测试使用，不适合生产环境！"
"⚠️  生产环境请使用 WLS 常驻内存服务器，不要使用 PHP 内置开发服务器！","⚠️  生产环境请使用 WLS 常驻内存服务器，不要使用 PHP 内置开发服务器！"
"⚠️  继续使用PHP内置服务器可能导致性能问题和安全风险！","⚠️  继续使用PHP内置服务器可能导致性能问题和安全风险！"
"是否仍要在生产模式下启动PHP内置服务器？(输入 y/yes 继续，其他任意键取消):","是否仍要在生产模式下启动PHP内置服务器？(输入 y/yes 继续，其他任意键取消):"
"⚠️  您已选择在生产模式下使用PHP内置服务器，请自行承担风险！","⚠️  您已选择在生产模式下使用PHP内置服务器，请自行承担风险！"
使用proc_open启动后台进程,使用proc_open启动后台进程
proc_open不可用，使用传统方式启动后台进程,proc_open不可用，使用传统方式启动后台进程
通过端口检测到服务器进程，进程ID：%{1},通过端口检测到服务器进程，进程ID：%{1}
服务器已在后台启动成功！,服务器已在后台启动成功！
程序已进入后台运行,程序已进入后台运行
服务器已在后台启动成功！进程ID：%{1},服务器已在后台启动成功！进程ID：%{1}
程序已进入后台运行，可以关闭终端,程序已进入后台运行，可以关闭终端
服务器启动成功！进程ID：%{1},服务器启动成功！进程ID：%{1}
后台启动失败，请检查端口是否被占用,后台启动失败，请检查端口是否被占用
服务器进程已结束。若未能正常启动请检查端口是否被占用。,服务器进程已结束。若未能正常启动请检查端口是否被占用。
局域网,局域网
前端首页,前端首页
前端API,前端API
后端管理,后端管理
后端API,后端API
"端口 %{1} 仍可连接，但无法确定占用进程（系统返回的 PID 已失效），可能正在释放中…","端口 %{1} 仍可连接，但无法确定占用进程（系统返回的 PID 已失效），可能正在释放中…"
"进程检测异常（端口与 PID 不一致），且端口 %{1} 仍可连接，已中止启动。请先执行 server:kill-php 或 taskkill 后重试。","进程检测异常（端口与 PID 不一致），且端口 %{1} 仍可连接，已中止启动。请先执行 server:kill-php 或 taskkill 后重试。"
"端口 %{1} 仍被占用（PID：%{2}），正在停止以便启动 CLI 服务器...","端口 %{1} 仍被占用（PID：%{2}），正在停止以便启动 CLI 服务器..."
"进程 %{1} 未能成功结束。请手动执行后重试：","进程 %{1} 未能成功结束。请手动执行后重试："
"端口 %{1} 被占用但无法获取进程ID，请手动停止后重试","端口 %{1} 被占用但无法获取进程ID，请手动停止后重试"
"端口 %{1} 多次尝试后仍被占用，CLI 可能无法正常监听","端口 %{1} 多次尝试后仍被占用，CLI 可能无法正常监听"
"若仍无法结束，请以管理员身份运行 CMD 或 PowerShell 后执行上述命令。","若仍无法结束，请以管理员身份运行 CMD 或 PowerShell 后执行上述命令。"
"Failed to persist local CA certificate","Failed to persist local CA certificate"
"Failed to persist local CA private key","Failed to persist local CA private key"
"Failed to persist local certificate private key","Failed to persist local certificate private key"
保存私钥文件失败,保存私钥文件失败
"证书内容格式无效，请上传/粘贴 PEM 证书链","证书内容格式无效，请上传/粘贴 PEM 证书链"
"私钥内容格式无效，请上传/粘贴 PEM 私钥","私钥内容格式无效，请上传/粘贴 PEM 私钥"
写入证书文件失败,写入证书文件失败
写入私钥文件失败,写入私钥文件失败
写入中间证书文件失败,写入中间证书文件失败
"证书文件不存在，无法启用 HTTPS","证书文件不存在，无法启用 HTTPS"
证书已过期，请先续签,证书已过期，请先续签
"HTTPS 已禁用，服务器正在重启以使配置生效","HTTPS 已禁用，服务器正在重启以使配置生效"
"本地域名 %{1} 的证书受保护，跳过清除","本地域名 %{1} 的证书受保护，跳过清除"
"域名 %{1} 删除 DB 记录失败：%{2}","域名 %{1} 删除 DB 记录失败：%{2}"
启动锁已释放,启动锁已释放
"proc_open 不可用。","proc_open 不可用。"
无法启动依赖安装子进程。,无法启动依赖安装子进程。
"WLS 边缘证书已更新但未配置 reload","WLS 边缘证书已更新但未配置 reload"
"证书 PEM 已写入，但 wls.edge.reload_command 为空，Nginx 可能仍使用旧证书。请配置 nginx -s reload 或 systemctl reload nginx。","证书 PEM 已写入，但 wls.edge.reload_command 为空，Nginx 可能仍使用旧证书。请配置 nginx -s reload 或 systemctl reload nginx。"
"WLS 边缘 reload 命令被拒绝","WLS 边缘 reload 命令被拒绝"
"配置的 wls.edge.reload_command 不在白名单内，已跳过执行。","配置的 wls.edge.reload_command 不在白名单内，已跳过执行。"
"WLS 边缘 reload 失败","WLS 边缘 reload 失败"
"证书 PEM 已更新，但边缘 reload 命令失败（exit=%{1}）。Nginx 可能仍使用旧证书。","证书 PEM 已更新，但边缘 reload 命令失败（exit=%{1}）。Nginx 可能仍使用旧证书。"
"另一个 server:stop 任务正在处理中，请稍后再试。","另一个 server:stop 任务正在处理中，请稍后再试。"
共享网关路由注销失败：%{1},共享网关路由注销失败：%{1}
"已中止 WLS 停止：请先修复托管 Nginx 停止故障，或显式使用强制停止。","已中止 WLS 停止：请先修复托管 Nginx 停止故障，或显式使用强制停止。"
"启动锁已释放 ✓","启动锁已释放 ✓"
"实例 [%{1}] 正在被其他 stop 任务处理，已跳过。","实例 [%{1}] 正在被其他 stop 任务处理，已跳过。"
地址：,地址：
监听地址：,监听地址：
宿主网关清理失败：%{1},宿主网关清理失败：%{1}
当前项目路由和宿主授权已撤销；共享网关保持运行。,当前项目路由和宿主授权已撤销；共享网关保持运行。
撤销当前项目的网关路由与证书目录授权,撤销当前项目的网关路由与证书目录授权
"项目身份已显式轮换：%{1} → %{2}","项目身份已显式轮换：%{1} → %{2}"
"当前项目已授权到 WLS 2.0 宿主网关；宿主凭据已写入项目 var 目录。","当前项目已授权到 WLS 2.0 宿主网关；宿主凭据已写入项目 var 目录。"
"为复制项目显式生成新 UUID；必须配合 --confirm","为复制项目显式生成新 UUID；必须配合 --confirm"
"WLS 已不再支持 independent 拓扑；所有平台请使用 --direct，兼容诊断时可显式使用 --dispatcher。","WLS 已不再支持 independent 拓扑；所有平台请使用 --direct，兼容诊断时可显式使用 --dispatcher。"
"Conflicting WLS topology CLI options: --direct and --dispatcher.","Conflicting WLS topology CLI options: --direct and --dispatcher."
"--no-nginx 只能与 --edge=wls 一起使用。","--no-nginx 只能与 --edge=wls 一起使用。"
"WLS 启动不使用 PHP 内置 CLI 服务器；需要纯 WLS 时请使用 --no-nginx。","WLS 启动不使用 PHP 内置 CLI 服务器；需要纯 WLS 时请使用 --no-nginx。"
"检测到 Windows ARM64 上运行 x64 PHP 仿真；WLS 已对后续 PHP 子进程关闭 CLI OPcache 与 JIT，避免已确认的原生访问冲突；请使用原生 ARM64 PHP 恢复字节码缓存。","检测到 Windows ARM64 上运行 x64 PHP 仿真；WLS 已对后续 PHP 子进程关闭 CLI OPcache 与 JIT，避免已确认的原生访问冲突；请使用原生 ARM64 PHP 恢复字节码缓存。"
"Weline Server 不可用：%{1}","Weline Server 不可用：%{1}"
"WLS 不执行 PHP CLI 回退；请修复 WLS 运行时依赖。","WLS 不执行 PHP CLI 回退；请修复 WLS 运行时依赖。"
"Master 启动失败：%{1}","Master 启动失败：%{1}"
"无法启动：实例 [%{1}] 正在被另一个进程启动中","无法启动：实例 [%{1}] 正在被另一个进程启动中"
"锁持有进程 PID：%{1}","锁持有进程 PID：%{1}"
请稍后重试，或在交互式终端中确认是否强制启动。,请稍后重试，或在交互式终端中确认是否强制启动。
是否直接强制启动并终止另一个启动进程？[y/N]:,是否直接强制启动并终止另一个启动进程？[y/N]:
已取消强制启动。请稍后重试，或检查是否有其他终端正在启动服务器,已取消强制启动。请稍后重试，或检查是否有其他终端正在启动服务器
"正在强制终止另一个启动进程并清理实例 [%{1}] 的启动残留...","正在强制终止另一个启动进程并清理实例 [%{1}] 的启动残留..."
"已强制接管启动锁，继续启动实例 [%{1}]","已强制接管启动锁，继续启动实例 [%{1}]"
"强制清理后仍未获取启动锁，将按用户确认继续启动实例 [%{1}]。","强制清理后仍未获取启动锁，将按用户确认继续启动实例 [%{1}]。"
"WLS 2.0 边缘模式解析失败：%{1}","WLS 2.0 边缘模式解析失败：%{1}"
"已为项目分配稳定的宿主协调 loopback 回源端口：%{1}","已为项目分配稳定的宿主协调 loopback 回源端口：%{1}"
"WLS 2.0 网关回源端口分配失败：%{1}","WLS 2.0 网关回源端口分配失败：%{1}"
"WLS 2.0 边缘模式：%{1}（请求：%{2}）","WLS 2.0 边缘模式：%{1}（请求：%{2}）"
"共享网关不可用，已降级纯 WLS：%{1}","共享网关不可用，已降级纯 WLS：%{1}"
"备用入口端口：%{1}；该地址不等价于 80/443，请同步检查防火墙、DNS 或负载均衡。","备用入口端口：%{1}；该地址不等价于 80/443，请同步检查防火墙、DNS 或负载均衡。"
"WLS 运行时依赖检查或显式安装失败：%{1}","WLS 运行时依赖检查或显式安装失败：%{1}"
"Direct 不会静默切换到 Dispatcher；Linux auto 优先验证 reuseport（需要 sockets/SO_REUSEPORT），能力不可用时回退 shared_fd（需要 ext-event 与 POSIX FD/进程原语）；macOS 使用 shared_fd，Nginx 模式的 Windows 使用 worker_ports。也可显式改用 --dispatcher。公网 TLS 与 HTTP 协议由最终边缘模式负责：默认 Nginx，--no-nginx 时为纯 WLS。","Direct 不会静默切换到 Dispatcher；Linux auto 优先验证 reuseport（需要 sockets/SO_REUSEPORT），能力不可用时回退 shared_fd（需要 ext-event 与 POSIX FD/进程原语）；macOS 使用 shared_fd，Nginx 模式的 Windows 使用 worker_ports。也可显式改用 --dispatcher。公网 TLS 与 HTTP 协议由最终边缘模式负责：默认 Nginx，--no-nginx 时为纯 WLS。"
"WLS 运行时依赖已按显式请求安装并验证。","WLS 运行时依赖已按显式请求安装并验证。"
"正在使用已加载新扩展的 PHP 进程继续启动...","正在使用已加载新扩展的 PHP 进程继续启动..."
"依赖安装后的 WLS 重新启动失败，退出码：%{1}","依赖安装后的 WLS 重新启动失败，退出码：%{1}"
"使用已保存的实例配置：%{1} (%{2}:%{3})","使用已保存的实例配置：%{1} (%{2}:%{3})"
"WLS 公开 Host 规范化失败：%{1}","WLS 公开 Host 规范化失败：%{1}"
"WLS 2.0 备用入口监听地址无效：%{1}","WLS 2.0 备用入口监听地址无效：%{1}"
"Nginx-only 启动必须使用后台 Master，才能在 Worker READY 后完成 Nginx 配置事务与真实协议门禁；请移除 --foreground/--no-daemon。","Nginx-only 启动必须使用后台 Master，才能在 Worker READY 后完成 Nginx 配置事务与真实协议门禁；请移除 --foreground/--no-daemon。"
"Nginx-only 公网端点强制 TLS 1.3；--no-ssl 与 wls.https=false 已停用。","Nginx-only 公网端点强制 TLS 1.3；--no-ssl 与 wls.https=false 已停用。"
新证书未通过完整校验，继续使用上一代有效证书：%{1},新证书未通过完整校验，继续使用上一代有效证书：%{1}
无法激活项目证书代际：%{1},无法激活项目证书代际：%{1}
"项目将先运行 loopback HTTP 回源；网关仅开放精确 ACME challenge，证书激活前普通 HTTPS 路由保持关闭。","项目将先运行 loopback HTTP 回源；网关仅开放精确 ACME challenge，证书激活前普通 HTTPS 路由保持关闭。"
"HTTPS 未启用：%{1}","HTTPS 未启用：%{1}"
"SSL 证书服务返回 HTTP 模式","SSL 证书服务返回 HTTP 模式"
"本次将以 HTTP 运行；如需 HTTPS，请检查 wls.https 配置和证书管理中的域名 HTTPS 开关。","本次将以 HTTP 运行；如需 HTTPS，请检查 wls.https 配置和证书管理中的域名 HTTPS 开关。"
已生成新证书：%{1},已生成新证书：%{1}
使用已有证书：%{1},使用已有证书：%{1}
证书有效期至：%{1},证书有效期至：%{1}
"WLS 运行时解析器未返回完整 RuntimeSelection；已拒绝启动。","WLS 运行时解析器未返回完整 RuntimeSelection；已拒绝启动。"
"WLS 依赖预检与最终 RuntimeSelection 拓扑不一致；已拒绝启动。","WLS 依赖预检与最终 RuntimeSelection 拓扑不一致；已拒绝启动。"
"WLS 边缘适配器无效：%{1}","WLS 边缘适配器无效：%{1}"
"Nginx-only 公网端点要求 TLS 1.3；已拒绝 --no-ssl。","Nginx-only 公网端点要求 TLS 1.3；已拒绝 --no-ssl。"
"WLS HTTP 协议配置无效：%{1}","WLS HTTP 协议配置无效：%{1}"
"纯 WLS HTTP/3 不可用；HTTP/3 仅由项目托管 Nginx 提供。","纯 WLS HTTP/3 不可用；HTTP/3 仅由项目托管 Nginx 提供。"
"纯 WLS 协议：HTTP/2（默认）→ HTTP/1.1（自动回退）","纯 WLS 协议：HTTP/2（默认）→ HTTP/1.1（自动回退）"
"WLS 回源协议：HTTP/1.1（公网协议协商由 Nginx 负责）","WLS 回源协议：HTTP/1.1（公网协议协商由 Nginx 负责）"
边缘适配器：%{1},边缘适配器：%{1}
"纯 WLS 负责公网 TLS/HTTP；HTTP/3 不启用。","纯 WLS 负责公网 TLS/HTTP；HTTP/3 不启用。"
"WLS 2.0 网关没有返回有效 HTTPS 监听端口。","WLS 2.0 网关没有返回有效 HTTPS 监听端口。"
"WLS 2.0 网关公网 origin 固化失败：%{1}","WLS 2.0 网关公网 origin 固化失败：%{1}"
"宿主级 Weline Gateway 负责公网 TLS/HTTP；本项目只提供 loopback WLS 后端。","宿主级 Weline Gateway 负责公网 TLS/HTTP；本项目只提供 loopback WLS 后端。"
"Nginx 负责公网 TLS/HTTP；WLS 后端固定为回环地址明文 HTTP/1.1。","Nginx 负责公网 TLS/HTTP；WLS 后端固定为回环地址明文 HTTP/1.1。"
"Nginx 默认启动要求 wls.edge.nginx.managed=true；不可用时请显式使用 --no-nginx。","Nginx 默认启动要求 wls.edge.nginx.managed=true；不可用时请显式使用 --no-nginx。"
"Nginx 默认启动要求 wls.edge.nginx.auto_start=true；不可用时请显式使用 --no-nginx。","Nginx 默认启动要求 wls.edge.nginx.auto_start=true；不可用时请显式使用 --no-nginx。"
"项目隔离 Nginx 尚未安装；请先执行 server:nginx:install，或显式使用 --no-nginx 启动纯 WLS。","项目隔离 Nginx 尚未安装；请先执行 server:nginx:install，或显式使用 --no-nginx 启动纯 WLS。"
"Nginx 公网 origin 固化失败：%{1}","Nginx 公网 origin 固化失败：%{1}"
"托管 Nginx 正在运行但缺少可验证 owner；请先执行身份审查与显式停止。","托管 Nginx 正在运行但缺少可验证 owner；请先执行身份审查与显式停止。"
"托管 Nginx 已绑定实例 %{1}；请先停止该 owner，再启动实例 %{2}。","托管 Nginx 已绑定实例 %{1}；请先停止该 owner，再启动实例 %{2}。"
"端口 %{1} 已被 Weline Server 实例 [%{2}] 占用！","端口 %{1} 已被 Weline Server 实例 [%{2}] 占用！"
解决方案：,解决方案：
"1. 使用 -p 参数指定其他端口启动新实例：","1. 使用 -p 参数指定其他端口启动新实例："
"2. 或先停止实例 [%{1}]：","2. 或先停止实例 [%{1}]："
"3. 查看所有运行中的实例：","3. 查看所有运行中的实例："
"端口 %{1} 已被其他项目的 Weline Server 占用（项目作用域：%{2}）","端口 %{1} 已被其他项目的 Weline Server 占用（项目作用域：%{2}）"
"1. 该端口属于不同 BP 目录下的项目实例，与本项目相互隔离，请直接换一个端口启动：","1. 该端口属于不同 BP 目录下的项目实例，与本项目相互隔离，请直接换一个端口启动："
"2. 查看占用进程：","2. 查看占用进程："
"3. 或前往实际项目目录处理：","3. 或前往实际项目目录处理："
"端口 %{1} 已被 PHP 内置服务器占用，正在停止...","端口 %{1} 已被 PHP 内置服务器占用，正在停止..."
"WLS 编译运行时预检失败：%{1}","WLS 编译运行时预检失败：%{1}"
"WLS 运行时策略不支持当前拓扑：%{1}","WLS 运行时策略不支持当前拓扑：%{1}"
"Direct 不会静默忽略关键策略；请修复策略能力，或显式使用 --dispatcher。","Direct 不会静默忽略关键策略；请修复策略能力，或显式使用 --dispatcher。"
"检测到旧实例仅残留 HTTP Redirect 子进程，先执行本地快速清场...","检测到旧实例仅残留 HTTP Redirect 子进程，先执行本地快速清场..."
"检测到服务器已运行，-f 直接切换（不等待）...","检测到服务器已运行，-f 直接切换（不等待）..."
"注意：-f 强制切换属于停机型更新，不会自动等待请求排空；如需对外升级，请先确认维护模式已开启。滚动模式不需要。","注意：-f 强制切换属于停机型更新，不会自动等待请求排空；如需对外升级，请先确认维护模式已开启。滚动模式不需要。"
"检测到服务器已运行，平滑重启：先开启维护模式并等待全部 Worker 请求排空...","检测到服务器已运行，平滑重启：先开启维护模式并等待全部 Worker 请求排空..."
"全部 READY Worker 已完成维护门禁与请求排水，开始切换...","全部 READY Worker 已完成维护门禁与请求排水，开始切换..."
"Worker基础端口: %{1}","Worker基础端口: %{1}"
"共享状态运行时: %{1}","共享状态运行时: %{1}"
"共享状态运行时解析失败: %{1}","共享状态运行时解析失败: %{1}"
"强制重启后主端口 %{1} 仍被占用，已中止启动，避免同名实例切换到新端口。","强制重启后主端口 %{1} 仍被占用，已中止启动，避免同名实例切换到新端口。"
请先确认旧实例已完全停止，再重新执行启动命令。,请先确认旧实例已完全停止，再重新执行启动命令。
"强制重启后主端口 %{1} 仍被占用，启动已中止。","强制重启后主端口 %{1} 仍被占用，启动已中止。"
"默认端口 %{1} 被占用（可能被宝塔/nginx 等 web 服务占用），已降级到 %{2}","默认端口 %{1} 被占用（可能被宝塔/nginx 等 web 服务占用），已降级到 %{2}"
"主端口 %{1} 处于异常占用状态（系统返回的 PID 已失效），已自动切换到 %{2}","主端口 %{1} 处于异常占用状态（系统返回的 PID 已失效），已自动切换到 %{2}"
自动切换仅对未显式指定端口的异常占用生效；启动成功后会记住新端口,自动切换仅对未显式指定端口的异常占用生效；启动成功后会记住新端口
"主端口 %{1} 处于异常占用状态（系统返回的 PID 已失效）","主端口 %{1} 处于异常占用状态（系统返回的 PID 已失效）"
"主端口 %{1} 被非框架进程占用","主端口 %{1} 被非框架进程占用"
主端口是业务入口，不会自动切换以避免服务地址变化,主端口是业务入口，不会自动切换以避免服务地址变化
"1. 手动停止占用端口 %{1} 的进程","1. 手动停止占用端口 %{1} 的进程"
"2. 或使用 -p 参数显式指定其他端口：","2. 或使用 -p 参数显式指定其他端口："
"3. 查看端口占用：","3. 查看端口占用："
"无法分配 Worker 端口：全局端口分配锁正被其他启动流程占用","无法分配 Worker 端口：全局端口分配锁正被其他启动流程占用"
请稍后重试，或等待其他实例启动完成,请稍后重试，或等待其他实例启动完成
"强制重启前仍检测到旧实例 [%{1}] 的残留 WLS 进程或端口，已中止启动。","强制重启前仍检测到旧实例 [%{1}] 的残留 WLS 进程或端口，已中止启动。"
"必须先完成旧实例清理，禁止自动切换主端口或 Worker 端口启动第二个同名实例。","必须先完成旧实例清理，禁止自动切换主端口或 Worker 端口启动第二个同名实例。"
"旧实例 [%{1}] 仍有残留 WLS 进程或端口，启动已中止。","旧实例 [%{1}] 仍有残留 WLS 进程或端口，启动已中止。"
"Worker 端口段 %{1}-%{2} 存在端口冲突或系统预留，自动切换到 %{3}-%{4}","Worker 端口段 %{1}-%{2} 存在端口冲突或系统预留，自动切换到 %{3}-%{4}"
"HTTP 重定向端口 %{1} 处于异常占用状态（系统返回的 PID 已失效）","HTTP 重定向端口 %{1} 处于异常占用状态（系统返回的 PID 已失效）"
"HTTP 重定向端口 %{1} 被非框架进程占用","HTTP 重定向端口 %{1} 被非框架进程占用"
占用进程：%{1},占用进程：%{1}
PID：%{1},PID：%{1}
命令行：%{1},命令行：%{1}
"WLS 不会操作未知端口 owner；本次仅禁用可选的 HTTP→HTTPS 重定向监听。","WLS 不会操作未知端口 owner；本次仅禁用可选的 HTTP→HTTPS 重定向监听。"
"提示：当前为 Nginx 直连模式，Worker 独立监听回环端口 %{1}-%{2}。","提示：当前为 Nginx 直连模式，Worker 独立监听回环端口 %{1}-%{2}。"
"Master 共享监听 FD","Master 共享监听 FD"
"提示：当前为 %{1} 直连模式，多 Worker 共用同一端口 %{2}。","提示：当前为 %{1} 直连模式，多 Worker 共用同一端口 %{2}。"
维护状态已恢复到重启前配置（端口检查未通过）。,维护状态已恢复到重启前配置（端口检查未通过）。
"HTTP Redirect 端口 %{1} 已被实例 [%{2}] 占用: %{3}","HTTP Redirect 端口 %{1} 已被实例 [%{2}] 占用: %{3}"
"请先停止实例 [%{1}]，或改用非 443 主端口启动。","请先停止实例 [%{1}]，或改用非 443 主端口启动。"
"HTTP Redirect port %{1} is occupied by %{2}","HTTP Redirect port %{1} is occupied by %{2}"
"HTTP Redirect port %{1} could not be released; HTTP to HTTPS redirect will be disabled.","HTTP Redirect port %{1} could not be released; HTTP to HTTPS redirect will be disabled."
"Tip: start on a non-443 main port to run without a dedicated HTTP redirect worker.","Tip: start on a non-443 main port to run without a dedicated HTTP redirect worker."
"HTTP Redirect 端口 %{1} 被占用: %{2}","HTTP Redirect 端口 %{1} 被占用: %{2}"
是否强制停用该进程以释放端口？[y/N]:,是否强制停用该进程以释放端口？[y/N]:
"已取消。HTTP Redirect 端口 %{1} 无法使用，将不启用 HTTP→HTTPS 重定向。","已取消。HTTP Redirect 端口 %{1} 无法使用，将不启用 HTTP→HTTPS 重定向。"
"提示：可改用非 443 主端口启动（将不启用独立 HTTP 重定向 Worker）","提示：可改用非 443 主端口启动（将不启用独立 HTTP 重定向 Worker）"
"正在强制停用占用端口 %{1} 的进程...","正在强制停用占用端口 %{1} 的进程..."
"端口 %{1} 已释放，HTTP Redirect 将正常启动","端口 %{1} 已释放，HTTP Redirect 将正常启动"
"无法释放端口 %{1}，HTTP Redirect 将不启用","无法释放端口 %{1}，HTTP Redirect 将不启用"
"WLS 启动策略激活失败：%{1}","WLS 启动策略激活失败：%{1}"
"Master 进程启动中，将管理所有 Worker 和 Dispatcher...","Master 进程启动中，将管理所有 Worker 和 Dispatcher..."
"新 Master 未在预期时间内就绪，已回滚到重启前的维护态，禁止在启动失败后污染持久配置。","新 Master 未在预期时间内就绪，已回滚到重启前的维护态，禁止在启动失败后污染持久配置。"
已恢复重启前的维护模式（保持开启）。,已恢复重启前的维护模式（保持开启）。
已清理残留维护态，恢复业务流量模式。,已清理残留维护态，恢复业务流量模式。
维护模式已关闭。,维护模式已关闭。
恢复重启前维护态失败：%{1},恢复重启前维护态失败：%{1}
"恢复重启前维护态失败，请检查 app/etc/env.php 写入权限。","恢复重启前维护态失败，请检查 app/etc/env.php 写入权限。"
"检测到 Windows 系统代理 %{1} 已启用，浏览器访问 %{2} 可能被代理截流并报 ERR_CONNECTION_CLOSED","检测到 Windows 系统代理 %{1} 已启用，浏览器访问 %{2} 可能被代理截流并报 ERR_CONNECTION_CLOSED"
"建议将 %{1} 加入系统代理绕过名单（ProxyOverride）后再访问本地 WLS 域名","建议将 %{1} 加入系统代理绕过名单（ProxyOverride）后再访问本地 WLS 域名"
"启动已阻止：当前监听地址为 %{1}，且无法确定默认项目域名白名单。","启动已阻止：当前监听地址为 %{1}，且无法确定默认项目域名白名单。"
"请配置 app/etc/env.php -> wls.servers.%{1}.host（推荐）或 wls.host（非 0.0.0.0）。","请配置 app/etc/env.php -> wls.servers.%{1}.host（推荐）或 wls.host（非 0.0.0.0）。"
后台域名池域名不需要写入此处。,后台域名池域名不需要写入此处。
如果默认内网访问可忽略该提示。,如果默认内网访问可忽略该提示。
"WLS Master 进程创建失败：%{1}","WLS Master 进程创建失败：%{1}"
"Master 已启动，等待所有服务就绪...","Master 已启动，等待所有服务就绪..."
"服务器已在后台运行（Master PID: %{1}, 控制端口: %{2}）","服务器已在后台运行（Master PID: %{1}, 控制端口: %{2}）"
"纯 WLS Worker 已就绪；TLS/HTTP 由 WLS 直接提供。","纯 WLS Worker 已就绪；TLS/HTTP 由 WLS 直接提供。"
"WLS Worker 已 READY，但托管 Nginx 未通过公网协议门禁；默认 Nginx 启动失败，将回收本次实例。","WLS Worker 已 READY，但托管 Nginx 未通过公网协议门禁；默认 Nginx 启动失败，将回收本次实例。"
"WLS 与宿主级 WLS 2.0 Gateway 均已就绪，启动完成。","WLS 与宿主级 WLS 2.0 Gateway 均已就绪，启动完成。"
"WLS 与项目托管 Nginx 均已就绪，启动完成。","WLS 与项目托管 Nginx 均已就绪，启动完成。"
"Master 已运行，但未在 %{1} 秒内等到所有服务 READY（当前阶段：%{2}）。","Master 已运行，但未在 %{1} 秒内等到所有服务 READY（当前阶段：%{2}）。"
启动失败原因：%{1},启动失败原因：%{1}
"WLS Master 控制面启动失败。","WLS Master 控制面启动失败。"
日志目录：%{1},日志目录：%{1}
启动准备,启动准备
启动服务,启动服务
"Master 已退出","Master 已退出"
╔══════════════════════════════════════════════════════════════════════════════╗,╔══════════════════════════════════════════════════════════════════════════════╗
╚══════════════════════════════════════════════════════════════════════════════╝,╚══════════════════════════════════════════════════════════════════════════════╝
"Master PID: %{1}","Master PID: %{1}"
"HTTP 重定向: 端口 %{1} → HTTPS（不计入 Worker 数）","HTTP 重定向: 端口 %{1} → HTTPS（不计入 Worker 数）"
"健康检查间隔: 5 秒","健康检查间隔: 5 秒"
"按 Ctrl+C 停止服务","按 Ctrl+C 停止服务"
服务器启动失败,服务器启动失败
"1. 停止占用端口的进程","1. 停止占用端口的进程"
"2. 或改用非 443 主端口启动（将不启用独立 HTTP 重定向 Worker）","2. 或改用非 443 主端口启动（将不启用独立 HTTP 重定向 Worker）"
"WLS 启动失败后释放共享服务 consumer token 异常：%{1}","WLS 启动失败后释放共享服务 consumer token 异常：%{1}"
"实例 [%{1}] 已创建共享 %{2}: %{3} (port=%{4}, pid=%{5}, process=%{6})","实例 [%{1}] 已创建共享 %{2}: %{3} (port=%{4}, pid=%{5}, process=%{6})"
"实例 [%{1}] 复用共享 %{2}: %{3} (port=%{4}, pid=%{5}, process=%{6})","实例 [%{1}] 复用共享 %{2}: %{3} (port=%{4}, pid=%{5}, process=%{6})"
"WLS 维护模式已确认落地：%{1}","WLS 维护模式已确认落地：%{1}"
"WLS 维护模式同步失败：%{1}","WLS 维护模式同步失败：%{1}"
默认值,默认值
"已保存实例配置 (%{1})","已保存实例配置 (%{1})"
env.wls,env.wls
env.wls.servers.%{1},env.wls.servers.%{1}
命令行参数,命令行参数
"命令行参数 --edge","命令行参数 --edge"
环境变量,环境变量
"命令行参数 --no-nginx","命令行参数 --no-nginx"
"参数 --http-redirect-port/--redirect-port 已弃用并忽略。HTTP 重定向规则固定为：仅 HTTPS=443 时使用 80。","参数 --http-redirect-port/--redirect-port 已弃用并忽略。HTTP 重定向规则固定为：仅 HTTPS=443 时使用 80。"
"真实 Host 解析校验失败","真实 Host 解析校验失败"
手动配置,手动配置
"正在为 %{1} 准备 SSL 证书...","正在为 %{1} 准备 SSL 证书..."
"检测到冷启动阶段 ACME HTTP-01 校验入口尚未就绪：已先用自签证书启动（%{1}）。","检测到冷启动阶段 ACME HTTP-01 校验入口尚未就绪：已先用自签证书启动（%{1}）。"
"自签证书生成失败，继续走公网 ACME 申请：%{1}","自签证书生成失败，继续走公网 ACME 申请：%{1}"
"SSL 证书已签发：%{1}（签发方：%{2}，耗时 %{3}ms）","SSL 证书已签发：%{1}（签发方：%{2}，耗时 %{3}ms）"
"本地 CA","本地 CA"
"使用已有证书：%{1}（签发方：%{2}，耗时 %{3}ms）","使用已有证书：%{1}（签发方：%{2}，耗时 %{3}ms）"
使用已有证书：%{1}（签发方：%{2}）,使用已有证书：%{1}（签发方：%{2}）
"SSL 证书准备失败：%{1}（耗时 %{2}ms）— %{3}","SSL 证书准备失败：%{1}（耗时 %{2}ms）— %{3}"
"PENDING_CERTIFICATE：%{1} 尚无可用证书；当前只允许精确 ACME HTTP-01 challenge，证书激活前不发布普通 443 路由。","PENDING_CERTIFICATE：%{1} 尚无可用证书；当前只允许精确 ACME HTTP-01 challenge，证书激活前不发布普通 443 路由。"
"TLS_CERTIFICATE_UNAVAILABLE：纯 WLS/备用入口没有 %{1} 的有效证书，已拒绝生成隐式自签名证书。","TLS_CERTIFICATE_UNAVAILABLE：纯 WLS/备用入口没有 %{1} 的有效证书，已拒绝生成隐式自签名证书。"
已有证书,已有证书
"启动已阻止：真实 Host %{1} 尚未解析到 A/AAAA 记录。请先把域名解析到当前服务器 IP 后再启动 WLS。","启动已阻止：真实 Host %{1} 尚未解析到 A/AAAA 记录。请先把域名解析到当前服务器 IP 后再启动 WLS。"
"启动已阻止：无法确认当前服务器 IP，不能校验真实 Host %{1} 是否指向本机。请配置 app/etc/env.php -> wls.public_ip 后重试。","启动已阻止：无法确认当前服务器 IP，不能校验真实 Host %{1} 是否指向本机。请配置 app/etc/env.php -> wls.public_ip 后重试。"
"启动已阻止：真实 Host %{1} 未解析到当前服务器 IP。当前解析：%{2}；本机 IP：%{3}。请先修正 DNS A/AAAA 后再启动 WLS。","启动已阻止：真实 Host %{1} 未解析到当前服务器 IP。当前解析：%{2}；本机 IP：%{3}。请先修正 DNS A/AAAA 后再启动 WLS。"
"检测到冷启动阶段 ACME HTTP-01 校验失败：%{1}","检测到冷启动阶段 ACME HTTP-01 校验失败：%{1}"
"已临时启用自签证书启动实例；待 Dispatcher/Worker 就绪后将自动重试正式证书申请。","已临时启用自签证书启动实例；待 Dispatcher/Worker 就绪后将自动重试正式证书申请。"
"附加 Host 证书就绪：%{1}（签发方：%{2}）","附加 Host 证书就绪：%{1}（签发方：%{2}）"
"附加 Host 证书准备失败：%{1} - %{2}","附加 Host 证书准备失败：%{1} - %{2}"
"Windows server:start 默认不自动写 hosts，避免 UAC/权限弹窗阻塞启动。","Windows server:start 默认不自动写 hosts，避免 UAC/权限弹窗阻塞启动。"
请按需以管理员身份执行：,请按需以管理员身份执行：
"或手动添加到 hosts：127.0.0.1 %{1}","或手动添加到 hosts：127.0.0.1 %{1}"
"如需恢复启动时自动写 hosts，可显式设置 WLS_AUTO_WRITE_WINDOWS_HOSTS=1。","如需恢复启动时自动写 hosts，可显式设置 WLS_AUTO_WRITE_WINDOWS_HOSTS=1。"
"已将 %{1} 的 hosts 记录纠正为 127.0.0.1","已将 %{1} 的 hosts 记录纠正为 127.0.0.1"
"已将 %{1} 添加到 hosts 文件","已将 %{1} 添加到 hosts 文件"
"无法自动配置 hosts 文件（需要管理员权限）","无法自动配置 hosts 文件（需要管理员权限）"
"请手动添加以下内容到 hosts 文件：","请手动添加以下内容到 hosts 文件："
"Windows hosts 文件位置：","Windows hosts 文件位置："
"或以管理员身份运行 PowerShell 执行：","或以管理员身份运行 PowerShell 执行："
"Linux/Mac 执行：","Linux/Mac 执行："
"配置 hosts 文件失败: %{1}","配置 hosts 文件失败: %{1}"
"正在为本地泛域名 %{1} 准备 SSL 证书...","正在为本地泛域名 %{1} 准备 SSL 证书..."
本地泛域名证书已就绪：%{1},本地泛域名证书已就绪：%{1}
本地泛域名证书准备失败：%{1},本地泛域名证书准备失败：%{1}
"已为 %{1} 生成自签证书","已为 %{1} 生成自签证书"
无效的实例名称：%{1}，只允许字母开头，包含字母、数字、下划线和横线,无效的实例名称：%{1}，只允许字母开头，包含字母、数字、下划线和横线
内部拓扑,内部拓扑
TLS,TLS
"TLS 会话恢复","TLS 会话恢复"
"跨连接/跨 Worker Reused pending","跨连接/跨 Worker Reused pending"
HTTP/3,HTTP/3
"不可用；需使用托管 Nginx","不可用；需使用托管 Nginx"
运行模式,运行模式
后台运行（默认）,后台运行（默认）
前台运行,前台运行
平台,平台
配置来源,配置来源
智能模式,智能模式
网关公网端点未验证,网关公网端点未验证
"WLS 私网回源","WLS 私网回源"
网关状态,网关状态
"网关 epoch","网关 epoch"
"Nginx 公网端点未验证","Nginx 公网端点未验证"
"HTTP/3 QUIC pending","HTTP/3 QUIC pending"
"shared cache/tickets；live Reused 已验证：%{1}","shared cache/tickets；live Reused 已验证：%{1}"
"shared cache/tickets 已配置；live Reused pending","shared cache/tickets 已配置；live Reused pending"
未配置或未验证,未配置或未验证
"检测到特权端口 %{1}，当前用户无法直接绑定。","检测到特权端口 %{1}，当前用户无法直接绑定。"
"未找到 setcap 命令，跳过 setcap 方式。","未找到 setcap 命令，跳过 setcap 方式。"
"PHP 已有 cap_net_bind_service 但绑定仍失败，可能需要重新设置。","PHP 已有 cap_net_bind_service 但绑定仍失败，可能需要重新设置。"
"推荐方案：通过 setcap 授权 PHP 绑定特权端口（以当前用户运行，避免 root 文件权限问题）","推荐方案：通过 setcap 授权 PHP 绑定特权端口（以当前用户运行，避免 root 文件权限问题）"
"PHP 路径：%{1}","PHP 路径：%{1}"
将执行：%{1},将执行：%{1}
"是否使用 setcap 授权？[Y/n]","是否使用 setcap 授权？[Y/n]"
"setcap 执行失败（退出码 %{1}），将回退到 sudo 方式。","setcap 执行失败（退出码 %{1}），将回退到 sudo 方式。"
"setcap 执行成功但 getcap 未检测到 capability，可能被 SELinux/AppArmor 拦截。","setcap 执行成功但 getcap 未检测到 capability，可能被 SELinux/AppArmor 拦截。"
"setcap 授权成功！capability 已写入 PHP 二进制，以当前用户重新启动服务...","setcap 授权成功！capability 已写入 PHP 二进制，以当前用户重新启动服务..."
请手动重新执行：%{1},请手动重新执行：%{1}
重启失败，退出码：%{1},重启失败，退出码：%{1}
"端口 %{1} 需要 root 权限，请使用 sudo 重新执行。","端口 %{1} 需要 root 权限，请使用 sudo 重新执行。"
"回退方案：以 sudo (root) 启动。注意：root 进程生成的文件属主为 root，可能导致其他用户权限问题。","回退方案：以 sudo (root) 启动。注意：root 进程生成的文件属主为 root，可能导致其他用户权限问题。"
将执行命令：%{1},将执行命令：%{1}
"是否使用 sudo 继续？[Y/n]","是否使用 sudo 继续？[Y/n]"
已取消。你可以手动执行：%{1},已取消。你可以手动执行：%{1}
"端口 %{1} 需要 root 权限；passthru/proc_open 均不可用，请使用 sudo 重新执行：","端口 %{1} 需要 root 权限；passthru/proc_open 均不可用，请使用 sudo 重新执行："
"sudo 执行失败，退出码：%{1}","sudo 执行失败，退出码：%{1}"
"%{1} 检测到 socket 权限问题：%{2}","%{1} 检测到 socket 权限问题：%{2}"
"端口 %{1} 绑定需要更高权限（可能由防火墙或系统安全设置引起）。","端口 %{1} 绑定需要更高权限（可能由防火墙或系统安全设置引起）。"
进程函数：%{1},进程函数：%{1}
"服务器实例 [%{1}] 已在运行中（端口 %{2}）","服务器实例 [%{1}] 已在运行中（端口 %{2}）"
如需重启该实例：,如需重启该实例：
"或使用 -r -f 强制切换（不等待请求完成）：","或使用 -r -f 强制切换（不等待请求完成）："
如需启动另一个实例（多实例并行）：,如需启动另一个实例（多实例并行）：
"旧实例 [%{1}] 未完全停止，已中止本次启动，避免启动第二个同名实例。","旧实例 [%{1}] 未完全停止，已中止本次启动，避免启动第二个同名实例。"
"重启交接超时：端口 %{1} 仍在监听（PID=%{2}，进程=%{3}，作用域=%{4}，状态=%{5}）","重启交接超时：端口 %{1} 仍在监听（PID=%{2}，进程=%{3}，作用域=%{4}，状态=%{5}）"
"重启交接超时：scoped 进程前缀 %{1} 仍有 PID %{2}","重启交接超时：scoped 进程前缀 %{1} 仍有 PID %{2}"
"%{1} 端口 %{2} 与旧实例 [%{3}] 运行态匹配，执行本实例残留清理...","%{1} 端口 %{2} 与旧实例 [%{3}] 运行态匹配，执行本实例残留清理..."
"检查 %{1} 端口 %{2} 可用性...","检查 %{1} 端口 %{2} 可用性..."
"%{1} 端口 %{2} 可用 ✓","%{1} 端口 %{2} 可用 ✓"
"%{1} 端口 %{2} 已被占用","%{1} 端口 %{2} 已被占用"
"使用 -r 参数强制重启（仅杀框架进程），或手动停止占用该端口的进程","使用 -r 参数强制重启（仅杀框架进程），或手动停止占用该端口的进程"
"%{1} 端口 %{2} 处于异常占用状态（系统返回的 PID 已失效），尝试端口级兜底清壳...","%{1} 端口 %{2} 处于异常占用状态（系统返回的 PID 已失效），尝试端口级兜底清壳..."
"端口 %{1} 异常占用兜底清壳后仍未释放","端口 %{1} 异常占用兜底清壳后仍未释放"
"%{1} 端口 %{2} 被非框架进程占用，不予杀死","%{1} 端口 %{2} 被非框架进程占用，不予杀死"
请手动停止占用该端口的进程，或更换端口,请手动停止占用该端口的进程，或更换端口
"%{1} 端口 %{2} 已被框架进程占用，强制释放...","%{1} 端口 %{2} 已被框架进程占用，强制释放..."
"端口 %{1} 经 %{2} 次仍占用，按 Master 前缀清理逃逸进程...","端口 %{1} 经 %{2} 次仍占用，按 Master 前缀清理逃逸进程..."
"从 var/process 发现 %{1} 个匹配 Master，正在按前缀杀死","从 var/process 发现 %{1} 个匹配 Master，正在按前缀杀死"
"已按前缀清理 %{1} 个逃逸 Master 进程","已按前缀清理 %{1} 个逃逸 Master 进程"
"无法释放 %{1} 端口 %{2}","无法释放 %{1} 端口 %{2}"
"检查 Worker 端口可用性...","检查 Worker 端口可用性..."
端口检查通过,端口检查通过
"端口 %{1} 已被占用","端口 %{1} 已被占用"
"端口 %{1} 处于异常占用状态（系统返回的 PID 已失效），尝试端口级兜底清壳...","端口 %{1} 处于异常占用状态（系统返回的 PID 已失效），尝试端口级兜底清壳..."
"端口 %{1} 被非框架进程占用，不予杀死","端口 %{1} 被非框架进程占用，不予杀死"
"端口经 %{1} 轮仍占用，按 Master 前缀清理逃逸进程...","端口经 %{1} 轮仍占用，按 Master 前缀清理逃逸进程..."
"无法释放端口 %{1}","无法释放端口 %{1}"
"WLS 进程（实例 %{1}）","WLS 进程（实例 %{1}）"
"PID %{1}","PID %{1}"
未知进程,未知进程
"WLS 跳过无效实例拓扑元数据并保守预留 Worker 端口：%{1}（%{2}）","WLS 跳过无效实例拓扑元数据并保守预留 Worker 端口：%{1}（%{2}）"
"字节码缓存，提升 PHP 执行速度 50%+","字节码缓存，提升 PHP 执行速度 50%+"
"原生 Socket 支持，提升网络性能","原生 Socket 支持，提升网络性能"
内存限制,内存限制
执行时间限制（0=无限制）,执行时间限制（0=无限制）
"CLI 模式开启 OPCache","CLI 模式开启 OPCache"
"JIT 编译器（PHP 8+）","JIT 编译器（PHP 8+）"
"JIT 缓冲区大小","JIT 缓冲区大小"
"（Windows 建议不超过 CPU 核心数）","（Windows 建议不超过 CPU 核心数）"
"当前 Worker 数：%{1}，推荐：%{2}","当前 Worker 数：%{1}，推荐：%{2}"
"使用 -c %{1} 参数或在 wls.worker_count 设置","使用 -c %{1} 参数或在 wls.worker_count 设置"
缺少扩展：%{1},缺少扩展：%{1}
"在 php.ini 中启用：extension=%{1}","在 php.ini 中启用：extension=%{1}"
函数被禁用：proc_open,函数被禁用：proc_open
函数被禁用：pcntl_fork,函数被禁用：pcntl_fork
"当前使用 Dispatcher；Nginx 模式 auto 与纯 WLS macOS/Linux auto 均使用 Direct","当前使用 Dispatcher；Nginx 模式 auto 与纯 WLS macOS/Linux auto 均使用 Direct"
"Nginx 模式由边缘直接分流到 Worker；纯 WLS Windows 固定使用单一公网 Dispatcher，macOS/Linux 使用 Direct","Nginx 模式由边缘直接分流到 Worker；纯 WLS Windows 固定使用单一公网 Dispatcher，macOS/Linux 使用 Direct"
"非 Windows 纯 WLS 场景可移除 --dispatcher，或配置 wls.runtime.topology = auto/direct","非 Windows 纯 WLS 场景可移除 --dispatcher，或配置 wls.runtime.topology = auto/direct"
内存限制较低：%{1},内存限制较低：%{1}
"在 php.ini 设置 memory_limit = 256M","在 php.ini 设置 memory_limit = 256M"
"OPCache CLI 模式未启用","OPCache CLI 模式未启用"
"启用后可提升 CLI 脚本执行速度","启用后可提升 CLI 脚本执行速度"
"在 php.ini 设置 opcache.enable_cli = 1","在 php.ini 设置 opcache.enable_cli = 1"
"JIT 编译器未启用","JIT 编译器未启用"
"PHP 8 JIT 可提升 CPU 密集型任务性能 2-3 倍","PHP 8 JIT 可提升 CPU 密集型任务性能 2-3 倍"
"在 php.ini 设置 opcache.jit = tracing","在 php.ini 设置 opcache.jit = tracing"
"未安装 event 扩展，使用 stream_select 回退方案","未安装 event 扩展，使用 stream_select 回退方案"
"安装后将使用 libevent 事件循环；实际收益以 server:benchmark 同机对比为准","安装后将使用 libevent 事件循环；实际收益以 server:benchmark 同机对比为准"
"Windows: 下载 php_event.dll 并在 php.ini 中添加 extension=event","Windows: 下载 php_event.dll 并在 php.ini 中添加 extension=event"
"可选：安装 ev 扩展可获得更高性能","可选：安装 ev 扩展可获得更高性能"
"基于 libev，比 libevent 更轻量","基于 libev，比 libevent 更轻量"
"pecl install ev","pecl install ev"
"✅ 当前配置已达最佳性能！","✅ 当前配置已达最佳性能！"
"📊 性能优化建议","📊 性能优化建议"
"🚨 关键性能问题（强烈建议解决）：","🚨 关键性能问题（强烈建议解决）："
"当前性能：%{1} → 优化后：%{2}","当前性能：%{1} → 优化后：%{2}"
"⚠️ 影响性能的配置：","⚠️ 影响性能的配置："
"💡 可选优化：","💡 可选优化："
"📁 PHP 配置文件：%{1}","📁 PHP 配置文件：%{1}"
"🔥 解决关键问题后，性能将提升 100-200%%！","🔥 解决关键问题后，性能将提升 100-200%%！"
"💪 优化后，服务器性能将有质的飞跃！","💪 优化后，服务器性能将有质的飞跃！"
证书状态,证书状态
"ACME HTTP-01 入口","ACME HTTP-01 入口"
"网关 HTTP challenge 端点未验证","网关 HTTP challenge 端点未验证"
停止服务,停止服务
"普通 HTTPS、前后台页面与 REST 地址尚未发布；证书激活并由网关验证后才会开放 443 路由。","普通 HTTPS、前后台页面与 REST 地址尚未发布；证书激活并由网关验证后才会开放 443 路由。"
"WLS 私网回源：http://127.0.0.1:%{1}。","WLS 私网回源：http://127.0.0.1:%{1}。"
"无法生成访问地址：WLS 2.0 Gateway HTTPS 端点未验证。","无法生成访问地址：WLS 2.0 Gateway HTTPS 端点未验证。"
"无法生成访问地址：实例绑定的 Nginx HTTPS 端点未验证。","无法生成访问地址：实例绑定的 Nginx HTTPS 端点未验证。"
默认外网地址,默认外网地址
"纯 WLS 直接提供公网 %{1}；HTTP/3 需要托管 Nginx。","纯 WLS 直接提供公网 %{1}；HTTP/3 需要托管 Nginx。"
"WLS 私网回源：http://127.0.0.1:%{1}；公网访问由宿主级 WLS 2.0 Gateway 提供。","WLS 私网回源：http://127.0.0.1:%{1}；公网访问由宿主级 WLS 2.0 Gateway 提供。"
"WLS 私网回源：%{1}；公网访问必须经过项目托管 Nginx。","WLS 私网回源：%{1}；公网访问必须经过项目托管 Nginx。"
测试请求,测试请求
压力测试,压力测试
"启动 Weline 常驻内存 HTTP 服务器","启动 Weline 常驻内存 HTTP 服务器"
"启动 Weline 高性能常驻内存服务器","启动 Weline 高性能常驻内存服务器"
"公网域名或展示主机；gateway/legacy 模式回源监听 127.0.0.1，wls 模式直接监听","公网域名或展示主机；gateway/legacy 模式回源监听 127.0.0.1，wls 模式直接监听"
"gateway/legacy 模式的 WLS 回源端口；wls 模式为纯 WLS HTTPS 端口","gateway/legacy 模式的 WLS 回源端口；wls 模式为纯 WLS HTTPS 端口"
"Worker 进程数（默认：auto 智能模式）","Worker 进程数（默认：auto 智能模式）"
"Windows 子进程使用可见控制台窗口","Windows 子进程使用可见控制台窗口"
"运行模式：io（I/O密集）或 cpu（CPU密集）","运行模式：io（I/O密集）或 cpu（CPU密集）"
"平滑重启：开维护模式，并在全部 READY Worker 确认请求排空后切换","平滑重启：开维护模式，并在全部 READY Worker 确认请求排空后切换"
"与 -r 同用时直接切换（停机型更新，不等待排空，建议先开启维护模式）","与 -r 同用时直接切换（停机型更新，不等待排空，建议先开启维护模式）"
"公网 TLS 证书文件路径（默认交给 Nginx；--no-nginx 时交给纯 WLS）","公网 TLS 证书文件路径（默认交给 Nginx；--no-nginx 时交给纯 WLS）"
"公网 TLS 私钥文件路径（默认交给 Nginx；--no-nginx 时交给纯 WLS）","公网 TLS 私钥文件路径（默认交给 Nginx；--no-nginx 时交给纯 WLS）"
"Worker 进程 PHP memory_limit（如 512M，数字按 MB 处理，-1 为不限）","Worker 进程 PHP memory_limit（如 512M，数字按 MB 处理，-1 为不限）"
"Dispatcher 进程 PHP memory_limit（默认跟随 Worker）","Dispatcher 进程 PHP memory_limit（默认跟随 Worker）"
"运行策略：auto/performance/stability（默认 auto）","运行策略：auto/performance/stability（默认 auto）"
"事件循环：auto/event/select（默认 auto）","事件循环：auto/event/select（默认 auto）"
"仅为 POSIX Direct 显式安装 ext-event/reuseport 依赖；Windows worker_ports 不需要编译扩展","仅为 POSIX Direct 显式安装 ext-event/reuseport 依赖；Windows worker_ports 不需要编译扩展"
"已退役：请先单独执行 server:nginx:install；启动路径不会下载或编译","已退役：请先单独执行 server:nginx:install；启动路径不会下载或编译"
"WLS 2.0 边缘模式：auto/gateway/wls（默认 auto）","WLS 2.0 边缘模式：auto/gateway/wls（默认 auto）"
"兼容别名，等价于 --edge=wls","兼容别名，等价于 --edge=wls"
"兼容旧脚本：明确禁止依赖安装；当前普通启动默认已等价，不能与 --install-deps 同用","兼容旧脚本：明确禁止依赖安装；当前普通启动默认已等价，不能与 --install-deps 同用"
"Supervisor：auto/true/false（默认 auto）","Supervisor：auto/true/false（默认 auto）"
"直连模式：Nginx 下 Windows 使用独立 Worker 端口；纯 WLS 仅 macOS/Linux 可用","直连模式：Nginx 下 Windows 使用独立 Worker 端口；纯 WLS 仅 macOS/Linux 可用"
"Dispatcher 模式：纯 WLS Windows auto 默认使用；其他场景可显式用于兼容/诊断","Dispatcher 模式：纯 WLS Windows auto 默认使用；其他场景可显式用于兼容/诊断"
配置优先级,配置优先级
"命令行参数 > 已保存实例配置 > wls.servers.[name] > wls > 默认值","命令行参数 > 已保存实例配置 > wls.servers.[name] > wls > 默认值"
拓扑优先级,拓扑优先级
"--direct/--dispatcher > 当前实例 wls.runtime.topology > 全局 wls.runtime.topology > auto","--direct/--dispatcher > 当前实例 wls.runtime.topology > 全局 wls.runtime.topology > auto"
默认边缘,默认边缘
"auto 加入可信 wls-edge/2 网关；无法建立时不接管未知端口 owner，自动分配 20000–29999 纯 WLS 地址","auto 加入可信 wls-edge/2 网关；无法建立时不接管未知端口 owner，自动分配 20000–29999 纯 WLS 地址"
启动副作用,启动副作用
"建立网关前需要显式安装项目钉死版本 Nginx；网关复制到宿主 A/B 槽后不依赖引导项目","建立网关前需要显式安装项目钉死版本 Nginx；网关复制到宿主 A/B 槽后不依赖引导项目"
多项目支持,多项目支持
"多个项目共享宿主 80/443，并通过项目 UUID、域名冲突检查、generation 和租约隔离","多个项目共享宿主 80/443，并通过项目 UUID、域名冲突检查、generation 和租约隔离"
配置记忆,配置记忆
"首次 server:start api -p 9981 会保存回源端口，之后 server:start api 自动复用","首次 server:start api -p 9981 会保存回源端口，之后 server:start api 自动复用"
"worker_count 设为 ""auto"" 时由运行时策略按 OS/CPU/内存自动计算","worker_count 设为 ""auto"" 时由运行时策略按 OS/CPU/内存自动计算"
事件循环,事件循环
"Windows Direct 使用内置 stream_select；Linux reuseport/shared_fd 与 macOS shared_fd Direct 使用预装 ext-event，缺失时停止并提示显式 --install-deps","Windows Direct 使用内置 stream_select；Linux reuseport/shared_fd 与 macOS shared_fd Direct 使用预装 ext-event，缺失时停止并提示显式 --install-deps"
"仅当 nginx -V 证明包含 ngx_http_v3_module 时配置 QUIC/Alt-Svc；可用 verifier 必须通过 owner-bound 真实 QUIC，否则明确 pending","仅当 nginx -V 证明包含 ngx_http_v3_module 时配置 QUIC/Alt-Svc；可用 verifier 必须通过 owner-bound 真实 QUIC，否则明确 pending"
默认拓扑,默认拓扑
"Nginx 模式所有平台 auto 均为 Direct；纯 WLS 的 macOS/Linux 为 Direct，Windows 固定 Dispatcher","Nginx 模式所有平台 auto 均为 Direct；纯 WLS 的 macOS/Linux 为 Direct，Windows 固定 Dispatcher"
多进程,多进程
"优先级：proc_open > pcntl_fork > exec","优先级：proc_open > pcntl_fork > exec"
"gateway/legacy 由 Nginx 终结；wls 模式由纯 WLS 启用 TLS 1.3","gateway/legacy 由 Nginx 终结；wls 模式由纯 WLS 启用 TLS 1.3"
"HTTP 协议","HTTP 协议"
"Nginx 公网支持 HTTP/3（能力可用时）、HTTP/2、HTTP/1.1；纯 WLS 默认 HTTP/2 并自动回退 HTTP/1.1","Nginx 公网支持 HTTP/3（能力可用时）、HTTP/2、HTTP/1.1；纯 WLS 默认 HTTP/2 并自动回退 HTTP/1.1"
连接复用,连接复用
"两种模式均支持 Keep-Alive；HTTP/2 使用多路复用；Nginx 模式额外提供回源连接池","两种模式均支持 Keep-Alive；HTTP/2 使用多路复用；Nginx 模式额外提供回源连接池"
"TLS 会话","TLS 会话"
"Nginx 会话缓存与 Ticket 需 live Reused 验收；纯 WLS 跨连接/跨 Worker Session Ticket 仍为 pending","Nginx 会话缓存与 Ticket 需 live Reused 验收；纯 WLS 跨连接/跨 Worker Session Ticket 仍为 pending"
"持续监控 Worker 状态并自动恢复；Nginx 模式的公网 HTTP→HTTPS 重定向由 Nginx 负责","持续监控 Worker 状态并自动恢复；Nginx 模式的公网 HTTP→HTTPS 重定向由 Nginx 负责"
"Nginx 模式下 -p 指定 loopback 回源端口；--no-nginx 时 -p 指定纯 WLS 公网端口","Nginx 模式下 -p 指定 loopback 回源端口；--no-nginx 时 -p 指定纯 WLS 公网端口"
"Worker 内存","Worker 内存"
"可通过 wls.worker_memory_limit 或 --worker-memory-limit 设置；wls.dispatcher_memory_limit 未设置时跟随 Worker","可通过 wls.worker_memory_limit 或 --worker-memory-limit 设置；wls.dispatcher_memory_limit 未设置时跟随 Worker"
"显式安装 Nginx","显式安装 Nginx"
启动默认实例,启动默认实例
强制加入共享网关,强制加入共享网关
"纯 WLS HTTPS","纯 WLS HTTPS"
启动命名实例（首次指定回源端口）,启动命名实例（首次指定回源端口）
再次启动已配置实例,再次启动已配置实例
"Direct 模式","Direct 模式"
"Dispatcher 模式","Dispatcher 模式"
显式安装依赖后启动,显式安装依赖后启动
"Windows 可见窗口","Windows 可见窗口"
平滑重启,平滑重启
强制重启（停机型更新）,强制重启（停机型更新）
"指定 Nginx TLS 证书","指定 Nginx TLS 证书"
"设置 Worker 内存","设置 Worker 内存"
查看所有实例状态,查看所有实例状态
"热重载仅在前台模式 (--no-daemon) 下生效","热重载仅在前台模式 (--no-daemon) 下生效"
启动热重载监控...,启动热重载监控...
热重载已启用,热重载已启用
监控目录：%{1},监控目录：%{1}
"检查间隔：%{1} 秒","检查间隔：%{1} 秒"
"按 Ctrl+C 停止监控...","按 Ctrl+C 停止监控..."
创建文件监控子进程失败,创建文件监控子进程失败
"纯 WLS 模式不应进入 Nginx/网关发布阶段。","纯 WLS 模式不应进入 Nginx/网关发布阶段。"
"WLS 2.0 网关注册后主域 %{1} 未达到 ACTIVE 或受限 challenge-only：%{2}","WLS 2.0 网关注册后主域 %{1} 未达到 ACTIVE 或受限 challenge-only：%{2}"
"项目已以 PENDING_CERTIFICATE 注册到宿主级 WLS 2.0 Gateway","项目已以 PENDING_CERTIFICATE 注册到宿主级 WLS 2.0 Gateway"
"主域 %{1} 当前仅开放精确 ACME HTTP-01 challenge；普通 443 路由仍关闭。","主域 %{1} 当前仅开放精确 ACME HTTP-01 challenge；普通 443 路由仍关闭。"
"项目已注册到宿主级 WLS 2.0 Gateway","项目已注册到宿主级 WLS 2.0 Gateway"
协议：%{1}，epoch：%{2}，活动路由：%{3},协议：%{1}，epoch：%{2}，活动路由：%{3}
"运行态实例不是 Nginx-only 边缘，已拒绝发布。","运行态实例不是 Nginx-only 边缘，已拒绝发布。"
"Nginx-only 默认启动要求 wls.edge.nginx.managed=true。","Nginx-only 默认启动要求 wls.edge.nginx.managed=true。"
"Nginx-only 默认启动要求 wls.edge.nginx.auto_start=true。","Nginx-only 默认启动要求 wls.edge.nginx.auto_start=true。"
"托管 Nginx 启动失败：%{1}","托管 Nginx 启动失败：%{1}"
"托管 Nginx 启动成功但缺少已验证的公网端点详情。","托管 Nginx 启动成功但缺少已验证的公网端点详情。"
"托管 Nginx 未同时通过 TLS 1.3、HTTP/2 与 HTTP/1.1 真实门禁。","托管 Nginx 未同时通过 TLS 1.3、HTTP/2 与 HTTP/1.1 真实门禁。"
"托管 Nginx 返回了无效的公网监听端口。","托管 Nginx 返回了无效的公网监听端口。"
"托管 Nginx 已启动","托管 Nginx 已启动"
"边缘 HTTP %{1} → HTTPS 重定向","边缘 HTTP %{1} → HTTPS 重定向"
"边缘 HTTPS %{1} → WLS %{2}","边缘 HTTPS %{1} → WLS %{2}"
公网已验证协议：%{1},公网已验证协议：%{1}
"Nginx HTTP/3 已配置并发布 Alt-Svc，但真实 QUIC 请求门禁仍为 pending。","Nginx HTTP/3 已配置并发布 Alt-Svc，但真实 QUIC 请求门禁仍为 pending。"
"托管 Nginx 启动异常：%{1}","托管 Nginx 启动异常：%{1}"
"Weline Server 启动完成！","Weline Server 启动完成！"
"Weline Server 启动失败","Weline Server 启动失败"
"--edge 仅允许 auto、gateway 或 wls；legacy 只保留给已保存的 WLS 1.x 实例。","--edge 仅允许 auto、gateway 或 wls；legacy 只保留给已保存的 WLS 1.x 实例。"
证书持久层恢复失败，已跳过并继续启动：%{1},证书持久层恢复失败，已跳过并继续启动：%{1}
"SSL 证书文件不存在：%{1}，已清理失效配置，请重新启动","SSL 证书文件不存在：%{1}，已清理失效配置，请重新启动"
"SSL 私钥文件不存在：%{1}，已清理失效配置，请重新启动","SSL 私钥文件不存在：%{1}，已清理失效配置，请重新启动"
"WLS 2.0 网关注册完成但没有 ACTIVE 路由：%{1}","WLS 2.0 网关注册完成但没有 ACTIVE 路由：%{1}"
"所有平台都由项目托管 Nginx 直接负载到 Worker：Windows 使用独立 worker_ports，Linux 自动优先 reuseport 并在能力不可用时回退 shared_fd，macOS 使用 shared_fd。","所有平台都由项目托管 Nginx 直接负载到 Worker：Windows 使用独立 worker_ports，Linux 自动优先 reuseport 并在能力不可用时回退 shared_fd，macOS 使用 shared_fd。"
"所有平台的 Auto 都选择 Direct：Windows 使用 Nginx 均衡的独立 Worker 端口，Linux 优先已验证 reuseport 并回退 shared_fd，macOS 使用 shared_fd。","所有平台的 Auto 都选择 Direct：Windows 使用 Nginx 均衡的独立 Worker 端口，Linux 优先已验证 reuseport 并回退 shared_fd，macOS 使用 shared_fd。"
"Linux/Mac: pecl install event && echo ""extension=event"" >> php.ini","Linux/Mac: pecl install event && echo ""extension=event"" >> php.ini"
"共享网关：已将当前项目路由置为 DRAINING；网关本身与其他项目保持运行。","共享网关：已将当前项目路由置为 DRAINING；网关本身与其他项目保持运行。"
"宿主级 WLS 2.0 Gateway 正在停止。","宿主级 WLS 2.0 Gateway 正在停止。"
"旧 Nginx 未安全停止，提升已中止：%{1}","旧 Nginx 未安全停止，提升已中止：%{1}"
确认公共端口所有权切换,确认公共端口所有权切换
"提升失败时使用冻结的 owner/upstream/server_name 快照恢复旧 Nginx。","提升失败时使用冻结的 owner/upstream/server_name 快照恢复旧 Nginx。"
升级失败,升级失败
"WLS 2.0 Gateway 已切换到候选 A/B 槽；五分钟崩溃循环将自动回滚。","WLS 2.0 Gateway 已切换到候选 A/B 槽；五分钟崩溃循环将自动回滚。"
附加项目内证书目录，可重复,附加项目内证书目录，可重复
"轮换项目身份会生成新的 UUID；请同时提供 --confirm。","轮换项目身份会生成新的 UUID；请同时提供 --confirm。"
"当前项目已授权到 WLS 2.0 宿主网关。","当前项目已授权到 WLS 2.0 宿主网关。"
"确认项目 UUID 轮换","确认项目 UUID 轮换"
"是否强制结束该进程并释放 HTTP 重定向端口 %{1}？[y/N]:","是否强制结束该进程并释放 HTTP 重定向端口 %{1}？[y/N]:"
"- Windows: taskkill /F /PID %{1}","- Windows: taskkill /F /PID %{1}"
"- Linux/macOS: kill -9 %{1}","- Linux/macOS: kill -9 %{1}"
"3. 或改用非 443 主端口启动（将不启用独立 HTTP 重定向 Worker）","3. 或改用非 443 主端口启动（将不启用独立 HTTP 重定向 Worker）"
"正在强制结束占用端口 %{1} 的进程 (PID: %{2})...","正在强制结束占用端口 %{1} 的进程 (PID: %{2})..."
"提示：可改用非 443 主端口启动（将不启用独立 HTTP 重定向 Worker），或手动结束 PID %{1} 后重试","提示：可改用非 443 主端口启动（将不启用独立 HTTP 重定向 Worker），或手动结束 PID %{1} 后重试"
"端口 %{1} 已释放，HTTP 重定向 Worker 将正常启动","端口 %{1} 已释放，HTTP 重定向 Worker 将正常启动"
"WLS TLS 引擎已退役；公网 TLS 仅由项目托管 Nginx 处理。请删除 wls.ssl.engine=%{1}。","WLS TLS 引擎已退役；公网 TLS 仅由项目托管 Nginx 处理。请删除 wls.ssl.engine=%{1}。"
"wls.ssl.session_cache=external 已退役；TLS Session Cache 与 Ticket 由项目托管 Nginx 处理。","wls.ssl.session_cache=external 已退役；TLS Session Cache 与 Ticket 由项目托管 Nginx 处理。"
"实例 [%{1}] 没有通过 Managed Nginx 进程、owner、upstream 与公网端口身份门禁。","实例 [%{1}] 没有通过 Managed Nginx 进程、owner、upstream 与公网端口身份门禁。"
"实例 [%{1}] 的 WLS 回源 health endpoint 已健康；Worker 进程索引为 %{2}/%{3}，公网压测仍需通过 Managed Nginx owner 门禁。","实例 [%{1}] 的 WLS 回源 health endpoint 已健康；Worker 进程索引为 %{2}/%{3}，公网压测仍需通过 Managed Nginx owner 门禁。"
"已归因目标缺少完整的 Managed Nginx owner 或协议运行证据，拒绝开始压测。","已归因目标缺少完整的 Managed Nginx owner 或协议运行证据，拒绝开始压测。"
"已归因目标的 Managed Nginx owner 或协议策略未绑定，auto 已拒绝降级猜测。","已归因目标的 Managed Nginx owner 或协议策略未绑定，auto 已拒绝降级猜测。"
"Nginx-only 模式禁止 PHP 内置 CLI 服务器；请使用项目托管 Nginx。","Nginx-only 模式禁止 PHP 内置 CLI 服务器；请使用项目托管 Nginx。"
"Nginx-only 模式不执行 PHP CLI 回退；请修复 WLS 运行时依赖。","Nginx-only 模式不执行 PHP CLI 回退；请修复 WLS 运行时依赖。"
"Direct 不会静默切换到 Dispatcher；Linux auto 优先验证 reuseport（需要 sockets/SO_REUSEPORT），能力不可用时回退 shared_fd（需要 ext-event 与 POSIX FD/进程原语）；macOS 使用 shared_fd，Windows 使用 worker_ports。也可显式改用 --dispatcher。公网 TLS 与 HTTP 协议仅由 Nginx 提供。","Direct 不会静默切换到 Dispatcher；Linux auto 优先验证 reuseport（需要 sockets/SO_REUSEPORT），能力不可用时回退 shared_fd（需要 ext-event 与 POSIX FD/进程原语）；macOS 使用 shared_fd，Windows 使用 worker_ports。也可显式改用 --dispatcher。公网 TLS 与 HTTP 协议仅由 Nginx 提供。"
"Nginx 是唯一公网边缘；--no-nginx 不能产生可交付的 WLS 启动。","Nginx 是唯一公网边缘；--no-nginx 不能产生可交付的 WLS 启动。"
"WLS Worker 已 READY，但托管 Nginx 未通过公网协议门禁；Nginx-only 启动失败，将回收本次实例。","WLS Worker 已 READY，但托管 Nginx 未通过公网协议门禁；Nginx-only 启动失败，将回收本次实例。"
"WLS 与托管 Nginx 均已就绪，启动完成。","WLS 与托管 Nginx 均已就绪，启动完成。"
"当前显式使用 Dispatcher；所有平台 auto/direct 都由 Nginx 直接分流到 Worker","当前显式使用 Dispatcher；所有平台 auto/direct 都由 Nginx 直接分流到 Worker"
"Windows 使用独立 Worker 回环端口，Linux 自动优先 reuseport 并回退 shared_fd，macOS 使用 shared_fd；移除 PHP 中转层可减少一次调度与复制","Windows 使用独立 Worker 回环端口，Linux 自动优先 reuseport 并回退 shared_fd，macOS 使用 shared_fd；移除 PHP 中转层可减少一次调度与复制"
"移除 --dispatcher，或配置 wls.runtime.topology = auto/direct","移除 --dispatcher，或配置 wls.runtime.topology = auto/direct"
"Nginx 公网 TLS 证书文件路径","Nginx 公网 TLS 证书文件路径"
"Nginx 公网 TLS 私钥文件路径","Nginx 公网 TLS 私钥文件路径"
"直连模式：Windows 由 Nginx 均衡独立 Worker 端口；Linux 自动优先 reuseport 并回退 shared_fd；macOS 使用 shared_fd","直连模式：Windows 由 Nginx 均衡独立 Worker 端口；Linux 自动优先 reuseport 并回退 shared_fd；macOS 使用 shared_fd"
"显式兼容/诊断拓扑；所有平台的 auto 均不启动 Dispatcher","显式兼容/诊断拓扑；所有平台的 auto 均不启动 Dispatcher"
Nginx-only,Nginx-only
"普通 start/reload/restart 不下载、不编译；缺少 Nginx 时失败并提示显式 server:nginx:install","普通 start/reload/restart 不下载、不编译；缺少 Nginx 时失败并提示显式 server:nginx:install"
多实例支持,多实例支持
"可同时运行多个命名 WLS 实例并使用不同回源端口；一个项目托管 Nginx 同一时刻只绑定一个 owner 实例","可同时运行多个命名 WLS 实例并使用不同回源端口；一个项目托管 Nginx 同一时刻只绑定一个 owner 实例"
"所有平台 auto 均为 Nginx 直连 Worker：Windows 使用 worker_ports，Linux 优先已验证 reuseport 并回退 shared_fd，macOS 使用 shared_fd","所有平台 auto 均为 Nginx 直连 Worker：Windows 使用 worker_ports，Linux 优先已验证 reuseport 并回退 shared_fd，macOS 使用 shared_fd"
"仅由 Nginx 终结，启动门禁要求真实 TLS 1.3、ALPN HTTP/2 与 HTTP/1.1","仅由 Nginx 终结，启动门禁要求真实 TLS 1.3、ALPN HTTP/2 与 HTTP/1.1"
"Nginx 公网默认 HTTP/2并自动回退 HTTP/1.1；WLS 回源固定 HTTP/1.1 Keep-Alive","Nginx 公网默认 HTTP/2并自动回退 HTTP/1.1；WLS 回源固定 HTTP/1.1 Keep-Alive"
"Nginx 提供客户端 Keep-Alive、HTTP/2 多路复用与回源 Keep-Alive 连接池","Nginx 提供客户端 Keep-Alive、HTTP/2 多路复用与回源 Keep-Alive 连接池"
"Nginx shared SSL session cache 与 Session Tickets 由启动和 reload 的 live Reused 证据验收","Nginx shared SSL session cache 与 Session Tickets 由启动和 reload 的 live Reused 证据验收"
"持续监控 Worker 状态并自动恢复；公网 HTTP→HTTPS 重定向由 Nginx 负责","持续监控 Worker 状态并自动恢复；公网 HTTP→HTTPS 重定向由 Nginx 负责"
"-p 指定 WLS loopback 回源端口；Nginx listen_http/listen_https 是唯一公网端口","-p 指定 WLS loopback 回源端口；Nginx listen_http/listen_https 是唯一公网端口"
"SSL 状态：","SSL 状态："
"已启用 (HTTPS)","已启用 (HTTPS)"
"未启用 (HTTP)","未启用 (HTTP)"
"显式安装 WLS sockets/ext-event 运行时依赖；普通 server:start 不会执行安装","显式安装 WLS sockets/ext-event 运行时依赖；普通 server:start 不会执行安装"
"回加 Dispatcher","回加 Dispatcher"
"第 %{1}/%{2} 批：Worker [%{3}] 已回加 Dispatcher","第 %{1}/%{2} 批：Worker [%{3}] 已回加 Dispatcher"
"WLS 私网回源仅监听：http://127.0.0.1:%{1}；公网访问必须经过项目托管 Nginx。","WLS 私网回源仅监听：http://127.0.0.1:%{1}；公网访问必须经过项目托管 Nginx。"
"WLS Worker 已 READY，但托管 Nginx 未通过公网协议门禁；正在回收本次实例。","WLS Worker 已 READY，但托管 Nginx 未通过公网协议门禁；正在回收本次实例。"
"托管 Nginx 回收失败：%{1}","托管 Nginx 回收失败：%{1}"
"托管 Nginx 回收异常：%{1}","托管 Nginx 回收异常：%{1}"
"Nginx-only 启动失败后的实例回收未完全收敛；请检查 server:doctor 与实例状态。","Nginx-only 启动失败后的实例回收未完全收敛；请检查 server:doctor 与实例状态。"
"Nginx 模式的 WLS 回源端口；--no-nginx 时为纯 WLS 公网 HTTPS 端口","Nginx 模式的 WLS 回源端口；--no-nginx 时为纯 WLS 公网 HTTPS 端口"
"公网域名或展示主机；Nginx 模式回源监听 127.0.0.1，--no-nginx 时由纯 WLS 直接监听","公网域名或展示主机；Nginx 模式回源监听 127.0.0.1，--no-nginx 时由纯 WLS 直接监听"
"显式退化为纯 WLS：默认 HTTPS，HTTP/2 优先并自动回退 HTTP/1.1；不提供 HTTP/3","显式退化为纯 WLS：默认 HTTPS，HTTP/2 优先并自动回退 HTTP/1.1；不提供 HTTP/3"
"普通 start/reload/restart 不下载、不编译；缺少 Nginx 时先执行 server:nginx:install，或使用 --no-nginx 退化","普通 start/reload/restart 不下载、不编译；缺少 Nginx 时先执行 server:nginx:install，或使用 --no-nginx 退化"
"纯 WLS HTTPS（不使用 Nginx）","纯 WLS HTTPS（不使用 Nginx）"
"默认使用项目隔离 Nginx；不可用时显式传入 --no-nginx，由纯 WLS 直接提供公网入口","默认使用项目隔离 Nginx；不可用时显式传入 --no-nginx，由纯 WLS 直接提供公网入口"
"默认由 Nginx 终结；--no-nginx 时由纯 WLS 默认启用 TLS 1.3","默认由 Nginx 终结；--no-nginx 时由纯 WLS 默认启用 TLS 1.3"
"公网访问由宿主级 WLS 2.0 Gateway 提供。","公网访问由宿主级 WLS 2.0 Gateway 提供。"
"公网访问必须经过项目托管 Nginx。","公网访问必须经过项目托管 Nginx。"
"不支持的 WLS 面板生命周期操作：%{1}","不支持的 WLS 面板生命周期操作：%{1}"
"WLS 面板生命周期","WLS 面板生命周期"
"在后台权限与项目边界内控制 WLS 重载和重启","在后台权限与项目边界内控制 WLS 重载和重启"
后台操作员不可用,后台操作员不可用
"无权执行 WLS 面板生命周期操作","无权执行 WLS 面板生命周期操作"
WLS,WLS
不可控制,不可控制
"当前项目无法从此面板控制 WLS。","当前项目无法从此面板控制 WLS。"
未绑定实例,未绑定实例
重载,重载
"WLS 生命周期控制","WLS 生命周期控制"
"WLS 生命周期","WLS 生命周期"
"重载会滚动更新代码；重启会保持 Master 在线并重建全部工作进程。","重载会滚动更新代码；重启会保持 Master 在线并重建全部工作进程。"
"Worker 代际","Worker 代际"
"Ready Worker","Ready Worker"
重载项目,重载项目
重启工作进程,重启工作进程
打开项目面板,打开项目面板
高风险操作,高风险操作
"重启 WLS 工作进程","重启 WLS 工作进程"
"重启会保持 Master 在线，但会重建该项目的全部 Worker 与辅助服务。请确认项目和实例后继续。","重启会保持 Master 在线，但会重建该项目的全部 Worker 与辅助服务。请确认项目和实例后继续。"
输入项目名称以确认,输入项目名称以确认
输入上方项目名称,输入上方项目名称
确认重启,确认重启
"WLS 后台业务 API 尚未加载。","WLS 后台业务 API 尚未加载。"
"WLS 生命周期操作失败。","WLS 生命周期操作失败。"
正在提交项目重载…,正在提交项目重载…
正在提交项目重启…,正在提交项目重启…
"操作已提交，正在等待实例恢复到 Ready…","操作已提交，正在等待实例恢复到 Ready…"
"项目重载完成，实例已恢复到 Ready。","项目重载完成，实例已恢复到 Ready。"
"项目重启完成，Master 保持在线且工作进程已恢复到 Ready。","项目重启完成，Master 保持在线且工作进程已恢复到 Ready。"
"操作已提交，但等待 Ready 超时；请继续查看实例状态。","操作已提交，但等待 Ready 超时；请继续查看实例状态。"
输入的项目名称不匹配。,输入的项目名称不匹配。
"当前项目不支持从此面板控制 WLS。","当前项目不支持从此面板控制 WLS。"
"WLS Master 控制通道不可用。","WLS Master 控制通道不可用。"
重载中,重载中
恢复中,恢复中
"WLS 实例已就绪。","WLS 实例已就绪。"
"WLS 正在重载，请等待恢复到 Ready。","WLS 正在重载，请等待恢复到 Ready。"
"WLS 尚未完全就绪。","WLS 尚未完全就绪。"
该项目不可控制。,该项目不可控制。
"WLS Master 未运行，无法提交操作。","WLS Master 未运行，无法提交操作。"
该实例已有生命周期操作正在执行。,该实例已有生命周期操作正在执行。
项目名称确认不匹配，已取消重启。,项目名称确认不匹配，已取消重启。
该实例的生命周期操作正在提交，请稍后重试。,该实例的生命周期操作正在提交，请稍后重试。
"WLS 重启已提交；Master 保持在线，正在重建全部工作进程。","WLS 重启已提交；Master 保持在线，正在重建全部工作进程。"
"WLS 重载已提交，正在滚动更新工作进程。","WLS 重载已提交，正在滚动更新工作进程。"
"WLS 生命周期操作提交失败。","WLS 生命周期操作提交失败。"
"WLS 项目标识无效。","WLS 项目标识无效。"
托管项目不存在。,托管项目不存在。
"托管项目已停用，不能执行 WLS 生命周期操作。","托管项目已停用，不能执行 WLS 生命周期操作。"
"该项目使用独立控制面，请进入它自己的 WLS 面板执行重载或重启。","该项目使用独立控制面，请进入它自己的 WLS 面板执行重载或重启。"
"无法唯一识别该项目的 WLS 实例，请先确认实例正在运行。","无法唯一识别该项目的 WLS 实例，请先确认实例正在运行。"
"滚动排水重启：Master 保持运行，Orchestrator 分批次排水替换 Worker（默认三批）","滚动排水重启：Master 保持运行，Orchestrator 分批次排水替换 Worker（默认三批）"
"与 -r 同用时强制完整重启（停 Master，跳过排水等待）","与 -r 同用时强制完整重启（停 Master，跳过排水等待）"
"检测到端口/拓扑/Worker/SSL 等启动参数变更，start -r 将自动切换为完整重启。","检测到端口/拓扑/Worker/SSL 等启动参数变更，start -r 将自动切换为完整重启。"
"检测到服务器已运行，完整代际重启：先开启维护模式并等待全部 Worker 请求排空...","检测到服务器已运行，完整代际重启：先开启维护模式并等待全部 Worker 请求排空..."
"滚动排水重启","滚动排水重启"
"强制完整重启","强制完整重启"
